Time,Value
2025-05-20 02:16:54.436012,0
2025-05-20 02:16:55.833361,1
2025-05-20 02:16:56.486439,2
2025-05-20 02:16:57.157922,3
2025-05-20 02:16:57.809020,4
2025-05-20 02:16:58.453624,5
2025-05-20 02:16:59.107663,6
2025-05-20 02:16:59.760363,7
2025-05-20 02:17:00.427023,8
2025-05-20 02:17:01.087714,9
2025-05-20 02:17:01.743976,10
2025-05-20 02:17:02.384492,11
2025-05-20 02:17:03.040169,12
2025-05-20 02:17:03.699870,13
2025-05-20 02:17:04.366632,14
2025-05-20 02:17:05.004498,15
2025-05-20 02:17:05.662146,16
2025-05-20 02:17:06.317470,17
2025-05-20 02:17:06.979222,18
2025-05-20 02:17:07.625709,19
2025-05-20 02:17:08.283288,20
2025-05-20 02:17:08.937271,21
2025-05-20 02:17:09.603948,22
2025-05-20 02:17:10.251241,23
2025-05-20 02:17:10.913497,24
2025-05-20 02:17:11.579202,25
2025-05-20 02:17:12.224193,26
2025-05-20 02:17:12.894312,27
2025-05-20 02:17:13.537696,28
2025-05-20 02:17:14.197786,29
2025-05-20 02:17:14.854199,30
2025-05-20 02:17:15.507842,31
2025-05-20 02:17:16.174833,32
2025-05-20 02:17:16.817253,33
2025-05-20 02:17:17.477291,34
2025-05-20 02:17:18.133621,35
2025-05-20 02:17:18.777639,36
2025-05-20 02:17:19.435053,37
2025-05-20 02:17:20.106831,38
2025-05-20 02:17:20.745360,39
2025-05-20 02:17:21.407510,40
2025-05-20 02:17:22.072821,41
2025-05-20 02:17:22.718542,42
2025-05-20 02:17:23.368648,43
2025-05-20 02:17:24.028139,44
2025-05-20 02:17:24.675910,45
2025-05-20 02:17:25.335871,46
2025-05-20 02:17:25.988343,47
2025-05-20 02:17:26.646591,48
2025-05-20 02:17:27.301722,49
2025-05-20 02:17:27.974374,50
2025-05-20 02:17:28.610204,51
2025-05-20 02:17:29.268488,52
2025-05-20 02:17:29.925973,53
2025-05-20 02:17:30.588170,54
2025-05-20 02:17:31.234603,55
2025-05-20 02:17:31.890099,56
2025-05-20 02:17:32.550177,57
2025-05-20 02:17:33.199252,58
2025-05-20 02:17:33.867048,59
2025-05-20 02:17:34.503824,60
2025-05-20 02:17:35.172228,61
2025-05-20 02:17:35.818158,62
2025-05-20 02:17:36.471987,63
2025-05-20 02:17:37.143230,64
2025-05-20 02:17:37.798301,65
2025-05-20 02:17:38.455374,66
2025-05-20 02:17:39.092718,67
2025-05-20 02:17:39.766043,68
2025-05-20 02:17:40.419079,69
2025-05-20 02:17:41.061691,70
2025-05-20 02:17:41.730105,71
2025-05-20 02:17:42.368496,72
2025-05-20 02:17:43.027325,73
2025-05-20 02:17:43.688366,74
2025-05-20 02:17:44.349143,75
2025-05-20 02:17:44.992491,76
2025-05-20 02:17:45.646095,77
2025-05-20 02:17:46.300417,78
2025-05-20 02:17:46.962087,79
2025-05-20 02:17:47.620318,80
2025-05-20 02:17:48.262766,81
2025-05-20 02:17:48.922637,82
2025-05-20 02:17:49.571541,83
2025-05-20 02:17:50.239179,84
2025-05-20 02:17:50.882518,85
2025-05-20 02:17:51.544598,86
2025-05-20 02:17:52.202730,87
2025-05-20 02:17:52.865288,88
2025-05-20 02:17:53.503773,89
2025-05-20 02:17:54.161477,90
2025-05-20 02:17:54.826306,91
2025-05-20 02:17:55.485012,92
2025-05-20 02:17:56.130756,93
2025-05-20 02:17:56.787616,94
2025-05-20 02:17:57.442701,95
2025-05-20 02:17:58.093332,96
2025-05-20 02:17:58.744578,97
2025-05-20 02:17:59.397395,98
2025-05-20 02:18:00.061551,99
2025-05-20 02:18:00.712646,100
2025-05-20 02:18:01.378012,101
2025-05-20 02:18:02.014652,102
2025-05-20 02:18:02.672795,103
2025-05-20 02:18:03.327103,104
2025-05-20 02:18:03.992942,105
2025-05-20 02:18:04.642999,106
2025-05-20 02:18:05.295543,107
2025-05-20 02:18:05.949474,108
2025-05-20 02:18:06.603774,109
2025-05-20 02:18:07.263323,110
2025-05-20 02:18:07.915203,111
2025-05-20 02:18:08.559697,112
2025-05-20 02:18:09.219667,113
2025-05-20 02:18:09.885185,114
2025-05-20 02:18:10.540325,115
2025-05-20 02:18:11.193984,116
2025-05-20 02:18:11.839120,117
2025-05-20 02:18:12.492205,118
2025-05-20 02:18:13.152970,119
2025-05-20 02:18:13.802459,120
2025-05-20 02:18:14.457808,121
2025-05-20 02:18:15.114674,122
2025-05-20 02:18:15.757365,123
2025-05-20 02:18:16.420742,124
2025-05-20 02:18:17.078254,125
2025-05-20 02:18:17.726669,126
2025-05-20 02:18:18.384480,127
2025-05-20 02:18:19.042153,128
2025-05-20 02:18:19.698336,129
2025-05-20 02:18:20.356376,130
2025-05-20 02:18:21.008850,131
2025-05-20 02:18:21.656436,132
2025-05-20 02:18:22.325708,133
2025-05-20 02:18:22.964549,134
2025-05-20 02:18:23.628262,135
2025-05-20 02:18:24.279793,136
2025-05-20 02:18:24.931613,137
2025-05-20 02:18:25.588311,138
2025-05-20 02:18:26.245469,139
2025-05-20 02:18:26.903604,140
2025-05-20 02:18:27.555064,141
2025-05-20 02:18:28.207630,142
2025-05-20 02:18:28.862776,143
2025-05-20 02:18:29.511309,144
2025-05-20 02:18:30.180563,145
2025-05-20 02:18:30.816950,146
2025-05-20 02:18:31.472483,147
2025-05-20 02:18:32.131238,148
2025-05-20 02:18:32.775401,149
2025-05-20 02:18:33.440330,150
2025-05-20 02:18:34.096016,151
2025-05-20 02:18:34.754054,152
2025-05-20 02:18:35.411509,153
2025-05-20 02:18:36.049578,154
2025-05-20 02:18:36.707860,155
2025-05-20 02:18:37.361658,156
2025-05-20 02:18:38.031208,157
2025-05-20 02:18:38.668693,158
2025-05-20 02:18:39.323828,159
2025-05-20 02:18:39.973640,160
2025-05-20 02:18:40.632939,161
2025-05-20 02:18:41.290694,162
2025-05-20 02:18:41.951599,163
2025-05-20 02:18:42.588558,164
2025-05-20 02:18:43.247221,165
2025-05-20 02:18:43.903866,166
2025-05-20 02:18:44.551898,167
2025-05-20 02:18:45.211847,168
2025-05-20 02:18:45.859885,169
2025-05-20 02:18:46.524579,170
2025-05-20 02:18:47.172433,171
2025-05-20 02:18:47.833287,172
2025-05-20 02:18:48.479795,173
2025-05-20 02:18:49.144424,174
2025-05-20 02:18:49.784915,175
2025-05-20 02:18:50.449485,176
2025-05-20 02:18:51.099016,177
2025-05-20 02:18:51.752440,178
2025-05-20 02:18:52.412409,179
2025-05-20 02:18:53.064996,180
2025-05-20 02:18:53.712737,181
2025-05-20 02:18:54.372130,182
2025-05-20 02:18:55.014925,183
2025-05-20 02:18:55.675950,184
2025-05-20 02:18:56.323849,185
2025-05-20 02:18:56.979942,186
2025-05-20 02:18:57.646399,187
2025-05-20 02:18:58.298505,188
2025-05-20 02:18:58.940883,189
2025-05-20 02:18:59.603763,190
2025-05-20 02:19:00.260560,191
2025-05-20 02:19:00.910929,192
2025-05-20 02:19:01.574396,193
2025-05-20 02:19:02.227591,194
2025-05-20 02:19:02.867423,195
2025-05-20 02:19:03.529841,196
2025-05-20 02:19:04.178491,197
2025-05-20 02:19:04.828811,198
2025-05-20 02:19:05.479674,199
2025-05-20 02:19:06.134033,200
2025-05-20 02:19:06.795688,201
2025-05-20 02:19:07.447384,202
2025-05-20 02:19:08.105777,203
2025-05-20 02:19:08.748634,204
2025-05-20 02:19:09.400150,205
2025-05-20 02:19:10.061152,206
2025-05-20 02:19:10.708809,207
2025-05-20 02:19:11.383605,208
2025-05-20 02:19:12.020699,209
2025-05-20 02:19:12.680923,210
2025-05-20 02:19:13.329895,211
2025-05-20 02:19:13.982460,212
2025-05-20 02:19:14.631322,213
2025-05-20 02:19:15.296435,214
2025-05-20 02:19:15.951425,215
2025-05-20 02:19:16.604075,216
2025-05-20 02:19:17.257676,217
2025-05-20 02:19:17.910835,218
2025-05-20 02:19:18.567642,219
2025-05-20 02:19:19.226787,220
2025-05-20 02:19:19.882285,221
2025-05-20 02:19:20.536545,222
2025-05-20 02:19:21.177109,223
2025-05-20 02:19:21.834741,224
2025-05-20 02:19:22.484471,225
2025-05-20 02:19:23.142092,226
2025-05-20 02:19:23.803285,227
2025-05-20 02:19:24.443961,228
2025-05-20 02:19:25.096783,229
2025-05-20 02:19:25.759762,230
2025-05-20 02:19:26.403987,231
2025-05-20 02:19:27.052847,232
2025-05-20 02:19:27.712957,233
2025-05-20 02:19:28.366873,234
2025-05-20 02:19:29.013578,235
2025-05-20 02:19:29.672790,236
2025-05-20 02:19:30.333581,237
2025-05-20 02:19:30.983487,238
2025-05-20 02:19:31.641309,239
2025-05-20 02:19:32.280738,240
2025-05-20 02:19:32.943174,241
2025-05-20 02:19:33.601652,242
2025-05-20 02:19:34.249303,243
2025-05-20 02:19:34.897765,244
2025-05-20 02:19:35.553912,245
2025-05-20 02:19:36.205684,246
2025-05-20 02:19:36.866677,247
2025-05-20 02:19:37.529360,248
2025-05-20 02:19:38.166139,249
2025-05-20 02:19:38.819825,250
2025-05-20 02:19:39.470264,251
2025-05-20 02:19:40.141537,252
2025-05-20 02:19:40.779416,253
2025-05-20 02:19:41.438812,254
2025-05-20 02:19:42.089009,255
2025-05-20 02:19:42.751074,256
2025-05-20 02:19:43.418508,257
2025-05-20 02:19:44.071900,258
2025-05-20 02:19:44.709840,259
2025-05-20 02:19:45.358811,260
2025-05-20 02:19:46.012716,261
2025-05-20 02:19:46.667628,262
2025-05-20 02:19:47.323814,263
2025-05-20 02:19:47.972538,264
2025-05-20 02:19:48.628560,265
2025-05-20 02:19:49.284046,266
2025-05-20 02:19:49.938214,267
2025-05-20 02:19:50.594162,268
2025-05-20 02:19:51.249891,269
2025-05-20 02:19:51.901932,270
2025-05-20 02:19:52.551972,271
2025-05-20 02:19:53.210513,272
2025-05-20 02:19:53.861872,273
2025-05-20 02:19:54.510380,274
2025-05-20 02:19:55.175817,275
2025-05-20 02:19:55.813071,276
2025-05-20 02:19:56.471072,277
2025-05-20 02:19:57.118178,278
2025-05-20 02:19:57.771847,279
2025-05-20 02:19:58.434876,280
2025-05-20 02:19:59.079591,281
2025-05-20 02:19:59.746420,282
2025-05-20 02:20:00.394478,283
2025-05-20 02:20:01.047775,284
2025-05-20 02:20:01.700552,285
2025-05-20 02:20:02.352159,286
2025-05-20 02:20:03.017667,287
2025-05-20 02:20:03.670816,288
2025-05-20 02:20:04.307796,289
2025-05-20 02:20:04.967877,290
2025-05-20 02:20:05.616836,291
2025-05-20 02:20:06.275013,292
2025-05-20 02:20:06.928570,293
2025-05-20 02:20:07.578146,294
2025-05-20 02:20:08.245801,295
2025-05-20 02:20:08.894678,296
2025-05-20 02:20:09.541661,297
2025-05-20 02:20:10.189691,298
2025-05-20 02:20:10.845926,299
2025-05-20 02:20:11.492791,300
2025-05-20 02:20:12.157716,301
2025-05-20 02:20:12.801137,302
2025-05-20 02:20:13.457993,303
2025-05-20 02:20:14.107112,304
2025-05-20 02:20:14.769613,305
2025-05-20 02:20:15.411135,306
2025-05-20 02:20:16.070025,307
2025-05-20 02:20:16.728945,308
2025-05-20 02:20:17.377237,309
2025-05-20 02:20:18.034241,310
2025-05-20 02:20:18.684207,311
2025-05-20 02:20:19.342294,312
2025-05-20 02:20:19.995921,313
2025-05-20 02:20:20.650107,314
2025-05-20 02:20:21.296220,315
2025-05-20 02:20:21.955790,316
2025-05-20 02:20:22.604261,317
2025-05-20 02:20:23.255052,318
2025-05-20 02:20:23.913711,319
2025-05-20 02:20:24.566638,320
2025-05-20 02:20:25.220198,321
2025-05-20 02:20:25.878945,322
2025-05-20 02:20:26.525317,323
2025-05-20 02:20:27.183003,324
2025-05-20 02:20:27.840820,325
2025-05-20 02:20:28.487771,326
2025-05-20 02:20:29.136281,327
2025-05-20 02:20:29.786811,328
2025-05-20 02:20:30.439035,329
2025-05-20 02:20:31.092794,330
2025-05-20 02:20:31.754727,331
2025-05-20 02:20:32.418621,332
2025-05-20 02:20:33.064900,333
2025-05-20 02:20:33.709745,334
2025-05-20 02:20:34.367678,335
2025-05-20 02:20:35.030913,336
2025-05-20 02:20:35.675160,337
2025-05-20 02:20:36.323323,338
2025-05-20 02:20:36.978334,339
2025-05-20 02:20:37.626052,340
2025-05-20 02:20:38.277723,341
2025-05-20 02:20:38.940758,342
2025-05-20 02:20:39.604820,343
2025-05-20 02:20:40.243022,344
2025-05-20 02:20:40.895945,345
2025-05-20 02:20:41.557797,346
2025-05-20 02:20:42.199062,347
2025-05-20 02:20:42.862877,348
2025-05-20 02:20:43.514840,349
2025-05-20 02:20:44.159304,350
2025-05-20 02:20:44.815464,351
2025-05-20 02:20:45.473800,352
2025-05-20 02:20:46.132149,353
2025-05-20 02:20:46.778156,354
2025-05-20 02:20:47.427289,355
2025-05-20 02:20:48.082670,356
2025-05-20 02:20:48.732140,357
2025-05-20 02:20:49.390303,358
2025-05-20 02:20:50.040837,359
2025-05-20 02:20:50.696402,360
2025-05-20 02:20:51.348010,361
2025-05-20 02:20:52.012891,362
2025-05-20 02:20:52.656405,363
2025-05-20 02:20:53.304531,364
2025-05-20 02:20:53.973860,365
2025-05-20 02:20:54.618001,366
2025-05-20 02:20:55.270005,367
2025-05-20 02:20:55.923192,368
2025-05-20 02:20:56.568454,369
2025-05-20 02:20:57.226435,370
2025-05-20 02:20:57.884085,371
2025-05-20 02:20:58.546879,372
2025-05-20 02:20:59.185070,373
2025-05-20 02:20:59.846980,374
2025-05-20 02:21:00.506983,375
2025-05-20 02:21:01.155133,376
2025-05-20 02:21:01.803039,377
2025-05-20 02:21:02.452327,378
2025-05-20 02:21:03.103647,379
2025-05-20 02:21:03.760002,380
2025-05-20 02:21:04.404448,381
2025-05-20 02:21:05.066638,382
2025-05-20 02:21:05.714227,383
2025-05-20 02:21:06.370048,384
2025-05-20 02:21:07.026167,385
2025-05-20 02:21:07.676042,386
2025-05-20 02:21:08.328417,387
2025-05-20 02:21:08.988467,388
2025-05-20 02:21:09.642794,389
2025-05-20 02:21:10.284266,390
2025-05-20 02:21:10.948415,391
2025-05-20 02:21:11.594660,392
2025-05-20 02:21:12.248155,393
2025-05-20 02:21:12.906328,394
2025-05-20 02:21:13.556092,395
2025-05-20 02:21:14.215360,396
2025-05-20 02:21:14.858218,397
2025-05-20 02:21:15.515407,398
2025-05-20 02:21:16.166264,399
2025-05-20 02:21:16.818714,400
2025-05-20 02:21:17.472839,401
2025-05-20 02:21:18.145063,402
2025-05-20 02:21:18.794139,403
2025-05-20 02:21:19.433087,404
2025-05-20 02:21:20.093537,405
2025-05-20 02:21:20.739919,406
2025-05-20 02:21:21.391952,407
2025-05-20 02:21:22.050938,408
2025-05-20 02:21:22.714381,409
2025-05-20 02:21:23.358996,410
2025-05-20 02:21:24.018282,411
2025-05-20 02:21:24.671097,412
2025-05-20 02:21:25.315207,413
2025-05-20 02:21:25.983017,414
2025-05-20 02:21:26.614959,415
2025-05-20 02:21:27.287172,416
2025-05-20 02:21:27.926416,417
2025-05-20 02:21:28.580010,418
2025-05-20 02:21:29.242095,419
2025-05-20 02:21:29.883182,420
2025-05-20 02:21:30.539303,421
2025-05-20 02:21:31.187630,422
2025-05-20 02:21:31.838191,423
2025-05-20 02:21:32.512356,424
2025-05-20 02:21:33.154234,425
2025-05-20 02:21:33.808033,426
2025-05-20 02:21:34.451938,427
2025-05-20 02:21:35.113173,428
2025-05-20 02:21:35.762206,429
2025-05-20 02:21:36.410057,430
2025-05-20 02:21:37.067538,431
2025-05-20 02:21:37.734105,432
2025-05-20 02:21:38.374327,433
2025-05-20 02:21:39.035097,434
2025-05-20 02:21:39.675040,435
2025-05-20 02:21:40.345121,436
2025-05-20 02:21:40.979832,437
2025-05-20 02:21:41.634150,438
2025-05-20 02:21:42.292483,439
2025-05-20 02:21:42.944567,440
2025-05-20 02:21:43.598079,441
2025-05-20 02:21:44.260186,442
2025-05-20 02:21:44.907125,443
2025-05-20 02:21:45.559275,444
2025-05-20 02:21:46.223199,445
2025-05-20 02:21:46.874238,446
2025-05-20 02:21:47.516470,447
2025-05-20 02:21:48.166491,448
2025-05-20 02:21:48.816113,449
2025-05-20 02:21:49.475268,450
2025-05-20 02:21:50.128535,451
2025-05-20 02:21:50.787105,452
2025-05-20 02:21:51.432413,453
2025-05-20 02:21:52.081156,454
2025-05-20 02:21:52.733101,455
2025-05-20 02:21:53.384646,456
2025-05-20 02:21:54.045981,457
2025-05-20 02:21:54.696638,458
2025-05-20 02:21:55.347336,459
2025-05-20 02:21:56.015116,460
2025-05-20 02:21:56.669850,461
2025-05-20 02:21:57.311384,462
2025-05-20 02:21:57.955050,463
2025-05-20 02:21:58.617309,464
2025-05-20 02:21:59.267393,465
2025-05-20 02:21:59.927098,466
2025-05-20 02:22:00.576461,467
2025-05-20 02:22:01.226115,468
2025-05-20 02:22:01.880389,469
2025-05-20 02:22:02.538006,470
2025-05-20 02:22:03.196281,471
2025-05-20 02:22:03.832444,472
2025-05-20 02:22:04.485991,473
2025-05-20 02:22:05.144429,474
2025-05-20 02:22:05.806135,475
2025-05-20 02:22:06.447232,476
2025-05-20 02:22:07.099373,477
2025-05-20 02:22:07.748078,478
2025-05-20 02:22:08.399307,479
2025-05-20 02:22:09.056338,480
2025-05-20 02:22:09.718280,481
2025-05-20 02:22:10.372355,482
2025-05-20 02:22:11.030266,483
2025-05-20 02:22:11.665263,484
2025-05-20 02:22:12.333164,485
2025-05-20 02:22:12.971863,486
2025-05-20 02:22:13.632482,487
2025-05-20 02:22:14.275505,488
2025-05-20 02:22:14.931337,489
2025-05-20 02:22:15.595204,490
2025-05-20 02:22:16.233659,491
2025-05-20 02:22:16.904376,492
2025-05-20 02:22:17.549247,493
2025-05-20 02:22:18.199142,494
2025-05-20 02:22:18.851261,495
2025-05-20 02:22:19.501425,496
2025-05-20 02:22:20.163347,497
2025-05-20 02:22:20.803592,498
2025-05-20 02:22:21.453221,499
2025-05-20 02:22:22.111817,500
2025-05-20 02:22:22.775365,501
2025-05-20 02:22:23.412500,502
2025-05-20 02:22:24.075507,503
2025-05-20 02:22:24.727210,504
2025-05-20 02:22:25.380642,505
2025-05-20 02:22:26.028684,506
2025-05-20 02:22:26.682466,507
2025-05-20 02:22:27.336375,508
2025-05-20 02:22:28.000931,509
2025-05-20 02:22:28.643056,510
2025-05-20 02:22:29.291548,511
2025-05-20 02:22:29.953535,512
2025-05-20 02:22:30.610368,513
2025-05-20 02:22:31.257211,514
2025-05-20 02:22:31.918287,515
2025-05-20 02:22:32.573683,516
2025-05-20 02:22:33.220759,517
2025-05-20 02:22:33.876339,518
2025-05-20 02:22:34.517643,519
2025-05-20 02:22:35.167893,520
2025-05-20 02:22:35.830508,521
2025-05-20 02:22:36.486524,522
2025-05-20 02:22:37.147334,523
2025-05-20 02:22:37.784746,524
2025-05-20 02:22:38.432304,525
2025-05-20 02:22:39.087730,526
2025-05-20 02:22:39.741426,527
2025-05-20 02:22:40.398779,528
2025-05-20 02:22:41.048592,529
2025-05-20 02:22:41.695890,530
2025-05-20 02:22:42.359256,531
2025-05-20 02:22:43.006500,532
2025-05-20 02:22:43.659808,533
2025-05-20 02:22:44.308696,534
2025-05-20 02:22:44.960522,535
2025-05-20 02:22:45.615584,536
2025-05-20 02:22:46.275333,537
2025-05-20 02:22:46.922703,538
2025-05-20 02:22:47.580567,539
2025-05-20 02:22:48.227780,540
2025-05-20 02:22:48.883502,541
2025-05-20 02:22:49.535785,542
2025-05-20 02:22:50.188677,543
2025-05-20 02:22:50.836864,544
2025-05-20 02:22:51.502642,545
2025-05-20 02:22:52.148933,546
2025-05-20 02:22:52.796572,547
2025-05-20 02:22:53.457729,548
2025-05-20 02:22:54.107515,549
2025-05-20 02:22:54.759722,550
2025-05-20 02:22:55.404806,551
2025-05-20 02:22:56.057210,552
2025-05-20 02:22:56.711878,553
2025-05-20 02:22:57.368754,554
2025-05-20 02:22:58.023612,555
2025-05-20 02:22:58.666913,556
2025-05-20 02:22:59.324608,557
2025-05-20 02:22:59.978661,558
2025-05-20 02:23:00.628403,559
2025-05-20 02:23:01.276857,560
2025-05-20 02:23:01.943827,561
2025-05-20 02:23:02.585158,562
2025-05-20 02:23:03.242607,563
2025-05-20 02:23:03.906436,564
2025-05-20 02:23:04.546245,565
2025-05-20 02:23:05.195916,566
2025-05-20 02:23:05.851940,567
2025-05-20 02:23:06.497026,568
2025-05-20 02:23:07.151719,569
2025-05-20 02:23:07.812409,570
2025-05-20 02:23:08.474990,571
2025-05-20 02:23:09.117964,572
2025-05-20 02:23:09.759468,573
2025-05-20 02:23:10.420982,574
2025-05-20 02:23:11.070746,575
2025-05-20 02:23:11.725395,576
2025-05-20 02:23:12.376890,577
2025-05-20 02:23:13.024767,578
2025-05-20 02:23:13.680491,579
2025-05-20 02:23:14.334304,580
2025-05-20 02:23:15.001442,581
2025-05-20 02:23:15.639868,582
2025-05-20 02:23:16.302546,583
2025-05-20 02:23:16.942716,584
2025-05-20 02:23:17.611558,585
2025-05-20 02:23:18.259599,586
2025-05-20 02:23:18.907542,587
2025-05-20 02:23:19.558000,588
2025-05-20 02:23:20.207884,589
2025-05-20 02:23:20.873853,590
2025-05-20 02:23:21.517747,591
2025-05-20 02:23:22.164045,592
2025-05-20 02:23:22.826683,593
2025-05-20 02:23:23.475771,594
2025-05-20 02:23:24.123042,595
2025-05-20 02:23:24.771956,596
2025-05-20 02:23:25.436755,597
2025-05-20 02:23:26.081313,598
2025-05-20 02:23:26.739614,599
2025-05-20 02:23:27.383871,600
2025-05-20 02:23:28.036576,601
2025-05-20 02:23:28.693884,602
2025-05-20 02:23:29.343794,603
2025-05-20 02:23:30.000538,604
2025-05-20 02:23:30.653029,605
2025-05-20 02:23:31.314525,606
2025-05-20 02:23:31.960032,607
2025-05-20 02:23:32.603786,608
2025-05-20 02:23:33.274514,609
2025-05-20 02:23:33.918714,610
2025-05-20 02:23:34.564502,611
2025-05-20 02:23:35.223570,612
2025-05-20 02:23:35.876821,613
2025-05-20 02:23:36.526925,614
2025-05-20 02:23:37.175055,615
2025-05-20 02:23:37.824544,616
2025-05-20 02:23:38.475822,617
2025-05-20 02:23:39.136919,618
2025-05-20 02:23:39.783894,619
2025-05-20 02:23:40.435866,620
2025-05-20 02:23:41.091818,621
2025-05-20 02:23:41.739943,622
2025-05-20 02:23:42.401525,623
2025-05-20 02:23:43.052815,624
2025-05-20 02:23:43.699372,625
2025-05-20 02:23:44.356972,626
2025-05-20 02:23:45.002730,627
2025-05-20 02:23:45.656985,628
2025-05-20 02:23:46.310822,629
2025-05-20 02:23:46.963819,630
2025-05-20 02:23:47.615698,631
2025-05-20 02:23:48.267684,632
2025-05-20 02:23:48.938675,633
2025-05-20 02:23:49.582961,634
2025-05-20 02:23:50.223918,635
2025-05-20 02:23:50.884096,636
2025-05-20 02:23:51.530864,637
2025-05-20 02:23:52.191864,638
2025-05-20 02:23:52.840646,639
2025-05-20 02:23:53.490981,640
2025-05-20 02:23:54.140732,641
2025-05-20 02:23:54.803054,642
2025-05-20 02:23:55.465560,643
2025-05-20 02:23:56.105824,644
2025-05-20 02:23:56.757678,645
2025-05-20 02:23:57.405029,646
2025-05-20 02:23:58.071344,647
2025-05-20 02:23:58.718457,648
2025-05-20 02:23:59.366907,649
2025-05-20 02:24:00.030786,650
2025-05-20 02:24:00.667494,651
2025-05-20 02:24:01.319576,652
2025-05-20 02:24:01.987666,653
2025-05-20 02:24:02.631753,654
2025-05-20 02:24:03.280906,655
2025-05-20 02:24:03.927967,656
2025-05-20 02:24:04.575775,657
2025-05-20 02:24:05.237081,658
2025-05-20 02:24:05.897653,659
2025-05-20 02:24:06.541015,660
2025-05-20 02:24:07.188653,661
2025-05-20 02:24:07.841988,662
2025-05-20 02:24:08.498929,663
2025-05-20 02:24:09.156384,664
2025-05-20 02:24:09.805140,665
2025-05-20 02:24:10.453849,666
2025-05-20 02:24:11.112885,667
2025-05-20 02:24:11.758594,668
2025-05-20 02:24:12.424639,669
2025-05-20 02:24:13.061012,670
2025-05-20 02:24:13.718081,671
2025-05-20 02:24:14.375939,672
2025-05-20 02:24:15.019985,673
2025-05-20 02:24:15.690702,674
2025-05-20 02:24:16.325800,675
2025-05-20 02:24:16.981283,676
2025-05-20 02:24:17.634981,677
2025-05-20 02:24:18.288272,678
2025-05-20 02:24:18.932126,679
2025-05-20 02:24:19.591112,680
2025-05-20 02:24:20.239704,681
2025-05-20 02:24:20.898639,682
2025-05-20 02:24:21.549027,683
2025-05-20 02:24:22.204000,684
2025-05-20 02:24:22.856144,685
2025-05-20 02:24:23.505982,686
2025-05-20 02:24:24.161511,687
2025-05-20 02:24:24.805482,688
2025-05-20 02:24:25.455956,689
2025-05-20 02:24:26.114248,690
2025-05-20 02:24:26.771665,691
2025-05-20 02:24:27.415059,692
2025-05-20 02:24:28.077403,693
2025-05-20 02:24:28.719880,694
2025-05-20 02:24:29.372062,695
2025-05-20 02:24:30.035775,696
2025-05-20 02:24:30.693691,697
2025-05-20 02:24:31.328130,698
2025-05-20 02:24:31.999812,699
2025-05-20 02:24:32.638006,700
2025-05-20 02:24:33.292294,701
2025-05-20 02:24:33.948779,702
2025-05-20 02:24:34.590326,703
2025-05-20 02:24:35.254863,704
2025-05-20 02:24:35.905684,705
2025-05-20 02:24:36.553085,706
2025-05-20 02:24:37.201785,707
2025-05-20 02:24:37.857851,708
2025-05-20 02:24:38.507270,709
2025-05-20 02:24:39.158960,710
2025-05-20 02:24:39.806976,711
2025-05-20 02:24:40.470256,712
2025-05-20 02:24:41.112488,713
2025-05-20 02:24:41.766117,714
2025-05-20 02:24:42.426962,715
2025-05-20 02:24:43.074831,716
2025-05-20 02:24:43.729181,717
2025-05-20 02:24:44.378809,718
2025-05-20 02:24:45.027020,719
2025-05-20 02:24:45.679816,720
2025-05-20 02:24:46.349922,721
2025-05-20 02:24:46.996835,722
2025-05-20 02:24:47.646670,723
2025-05-20 02:24:48.294685,724
2025-05-20 02:24:48.944504,725
2025-05-20 02:24:49.604366,726
2025-05-20 02:24:50.251290,727
2025-05-20 02:24:50.906623,728
2025-05-20 02:24:51.557385,729
2025-05-20 02:24:52.207979,730
2025-05-20 02:24:52.857040,731
2025-05-20 02:24:53.512247,732
2025-05-20 02:24:54.166127,733
2025-05-20 02:24:54.828963,734
2025-05-20 02:24:55.474111,735
2025-05-20 02:24:56.121452,736
2025-05-20 02:24:56.776321,737
2025-05-20 02:24:57.435169,738
2025-05-20 02:24:58.084714,739
2025-05-20 02:24:58.739807,740
2025-05-20 02:24:59.390840,741
2025-05-20 02:25:00.044055,742
2025-05-20 02:25:00.692225,743
2025-05-20 02:25:01.340454,744
2025-05-20 02:25:01.995086,745
2025-05-20 02:25:02.647914,746
2025-05-20 02:25:03.305967,747
2025-05-20 02:25:03.956196,748
2025-05-20 02:25:04.599811,749
2025-05-20 02:25:05.252377,750
2025-05-20 02:25:05.912431,751
2025-05-20 02:25:06.573877,752
2025-05-20 02:25:07.212444,753
2025-05-20 02:25:07.871974,754
2025-05-20 02:25:08.530923,755
2025-05-20 02:25:09.182958,756
2025-05-20 02:25:09.826026,757
2025-05-20 02:25:10.476433,758
2025-05-20 02:25:11.124197,759
2025-05-20 02:25:11.779407,760
2025-05-20 02:25:12.437966,761
2025-05-20 02:25:13.083310,762
2025-05-20 02:25:13.736360,763
2025-05-20 02:25:14.392033,764
2025-05-20 02:25:15.046862,765
2025-05-20 02:25:15.696110,766
2025-05-20 02:25:16.345467,767
2025-05-20 02:25:17.002236,768
2025-05-20 02:25:17.653598,769
2025-05-20 02:25:18.311147,770
2025-05-20 02:25:18.959855,771
2025-05-20 02:25:19.615074,772
2025-05-20 02:25:20.263087,773
2025-05-20 02:25:20.928984,774
2025-05-20 02:25:21.565198,775
2025-05-20 02:25:22.226119,776
2025-05-20 02:25:22.875217,777
2025-05-20 02:25:23.524389,778
2025-05-20 02:25:24.189948,779
2025-05-20 02:25:24.844973,780
2025-05-20 02:25:25.486149,781
2025-05-20 02:25:26.144995,782
2025-05-20 02:25:26.787500,783
2025-05-20 02:25:27.440557,784
2025-05-20 02:25:28.088337,785
2025-05-20 02:25:28.745501,786
2025-05-20 02:25:29.402927,787
2025-05-20 02:25:30.061770,788
2025-05-20 02:25:30.702154,789
2025-05-20 02:25:31.360157,790
2025-05-20 02:25:32.018984,791
2025-05-20 02:25:32.655483,792
2025-05-20 02:25:33.311187,793
2025-05-20 02:25:33.972124,794
2025-05-20 02:25:34.606946,795
2025-05-20 02:25:35.269922,796
2025-05-20 02:25:35.919275,797
2025-05-20 02:25:36.571064,798
2025-05-20 02:25:37.224381,799
2025-05-20 02:25:37.888141,800
2025-05-20 02:25:38.531071,801
2025-05-20 02:25:39.191089,802
2025-05-20 02:25:39.834114,803
2025-05-20 02:25:40.487211,804
2025-05-20 02:25:41.150224,805
2025-05-20 02:25:41.800953,806
2025-05-20 02:25:42.444921,807
2025-05-20 02:25:43.091312,808
2025-05-20 02:25:43.749498,809
2025-05-20 02:25:44.405296,810
2025-05-20 02:25:45.047245,811
2025-05-20 02:25:45.704091,812
2025-05-20 02:25:46.357536,813
2025-05-20 02:25:47.019145,814
2025-05-20 02:25:47.659181,815
2025-05-20 02:25:48.315917,816
2025-05-20 02:25:48.963758,817
2025-05-20 02:25:49.613210,818
2025-05-20 02:25:50.263848,819
2025-05-20 02:25:50.924250,820
2025-05-20 02:25:51.569258,821
2025-05-20 02:25:52.224285,822
2025-05-20 02:25:52.873199,823
2025-05-20 02:25:53.539854,824
2025-05-20 02:25:54.179167,825
2025-05-20 02:25:54.834521,826
2025-05-20 02:25:55.480366,827
2025-05-20 02:25:56.132801,828
2025-05-20 02:25:56.792161,829
2025-05-20 02:25:57.439610,830
2025-05-20 02:25:58.091118,831
2025-05-20 02:25:58.759112,832
2025-05-20 02:25:59.404105,833
2025-05-20 02:26:00.046368,834
2025-05-20 02:26:00.699397,835
2025-05-20 02:26:01.360276,836
2025-05-20 02:26:02.022275,837
2025-05-20 02:26:02.659267,838
2025-05-20 02:26:03.327083,839
2025-05-20 02:26:03.971104,840
2025-05-20 02:26:04.611874,841
2025-05-20 02:26:05.272419,842
2025-05-20 02:26:05.919508,843
2025-05-20 02:26:06.582957,844
2025-05-20 02:26:07.235134,845
2025-05-20 02:26:07.883075,846
2025-05-20 02:26:08.542048,847
2025-05-20 02:26:09.179199,848
2025-05-20 02:26:09.840248,849
2025-05-20 02:26:10.482017,850
2025-05-20 02:26:11.134388,851
2025-05-20 02:26:11.793079,852
2025-05-20 02:26:12.440495,853
2025-05-20 02:26:13.098161,854
2025-05-20 02:26:13.745372,855
2025-05-20 02:26:14.400190,856
2025-05-20 02:26:15.053396,857
2025-05-20 02:26:15.716136,858
2025-05-20 02:26:16.372201,859
2025-05-20 02:26:17.008549,860
2025-05-20 02:26:17.666531,861
2025-05-20 02:26:18.311404,862
2025-05-20 02:26:18.981118,863
2025-05-20 02:26:19.620211,864
2025-05-20 02:26:20.271416,865
2025-05-20 02:26:20.920497,866
2025-05-20 02:26:21.583226,867
2025-05-20 02:26:22.227267,868
2025-05-20 02:26:22.884319,869
2025-05-20 02:26:23.527315,870
2025-05-20 02:26:24.180799,871
2025-05-20 02:26:24.831504,872
2025-05-20 02:26:25.494238,873
2025-05-20 02:26:26.151201,874
2025-05-20 02:26:26.788554,875
2025-05-20 02:26:27.447862,876
2025-05-20 02:26:28.093139,877
2025-05-20 02:26:28.762968,878
2025-05-20 02:26:29.418206,879
2025-05-20 02:26:30.060458,880
2025-05-20 02:26:30.715138,881
2025-05-20 02:26:31.372333,882
2025-05-20 02:26:32.017122,883
2025-05-20 02:26:32.659653,884
2025-05-20 02:26:33.330231,885
2025-05-20 02:26:33.972709,886
2025-05-20 02:26:34.623990,887
2025-05-20 02:26:35.271510,888
2025-05-20 02:26:35.927515,889
2025-05-20 02:26:36.580613,890
2025-05-20 02:26:37.242787,891
2025-05-20 02:26:37.884700,892
2025-05-20 02:26:38.532652,893
2025-05-20 02:26:39.184256,894
2025-05-20 02:26:39.847209,895
2025-05-20 02:26:40.487486,896
2025-05-20 02:26:41.150381,897
2025-05-20 02:26:41.810331,898
2025-05-20 02:26:42.450801,899
2025-05-20 02:26:43.100612,900
2025-05-20 02:26:43.751667,901
2025-05-20 02:26:44.404310,902
2025-05-20 02:26:45.059978,903
2025-05-20 02:26:45.711578,904
2025-05-20 02:26:46.367242,905
2025-05-20 02:26:47.030382,906
2025-05-20 02:26:47.665781,907
2025-05-20 02:26:48.323972,908
2025-05-20 02:26:48.968600,909
2025-05-20 02:26:49.632745,910
2025-05-20 02:26:50.279635,911
2025-05-20 02:26:50.924598,912
2025-05-20 02:26:51.584544,913
2025-05-20 02:26:52.232647,914
2025-05-20 02:26:52.888528,915
2025-05-20 02:26:53.540713,916
2025-05-20 02:26:54.188685,917
2025-05-20 02:26:54.839903,918
2025-05-20 02:26:55.496697,919
2025-05-20 02:26:56.146245,920
2025-05-20 02:26:56.809702,921
2025-05-20 02:26:57.448567,922
2025-05-20 02:26:58.106703,923
2025-05-20 02:26:58.759312,924
2025-05-20 02:26:59.403990,925
2025-05-20 02:27:00.054683,926
2025-05-20 02:27:00.715928,927
2025-05-20 02:27:01.368510,928
2025-05-20 02:27:02.026342,929
2025-05-20 02:27:02.666630,930
2025-05-20 02:27:03.327492,931
2025-05-20 02:27:03.969717,932
2025-05-20 02:27:04.620989,933
2025-05-20 02:27:05.276420,934
2025-05-20 02:27:05.926238,935
2025-05-20 02:27:06.590444,936
2025-05-20 02:27:07.236673,937
2025-05-20 02:27:07.883853,938
2025-05-20 02:27:08.537390,939
2025-05-20 02:27:09.196485,940
2025-05-20 02:27:09.839940,941
2025-05-20 02:27:10.500908,942
2025-05-20 02:27:11.148616,943
2025-05-20 02:27:11.796638,944
2025-05-20 02:27:12.456926,945
2025-05-20 02:27:13.109209,946
2025-05-20 02:27:13.756737,947
2025-05-20 02:27:14.407869,948
2025-05-20 02:27:15.075411,949
2025-05-20 02:27:15.711373,950
2025-05-20 02:27:16.379535,951
2025-05-20 02:27:17.015862,952
2025-05-20 02:27:17.664623,953
2025-05-20 02:27:18.320505,954
2025-05-20 02:27:18.967664,955
2025-05-20 02:27:19.618514,956
2025-05-20 02:27:20.280725,957
2025-05-20 02:27:20.927021,958
2025-05-20 02:27:21.586431,959
2025-05-20 02:27:22.234856,960
2025-05-20 02:27:22.894379,961
2025-05-20 02:27:23.539856,962
2025-05-20 02:27:24.205459,963
2025-05-20 02:27:24.849917,964
2025-05-20 02:27:25.496866,965
2025-05-20 02:27:26.143726,966
2025-05-20 02:27:26.795639,967
2025-05-20 02:27:27.462722,968
2025-05-20 02:27:28.098720,969
2025-05-20 02:27:28.764478,970
2025-05-20 02:27:29.407592,971
2025-05-20 02:27:30.073064,972
2025-05-20 02:27:30.707386,973
2025-05-20 02:27:31.368856,974
2025-05-20 02:27:32.022046,975
2025-05-20 02:27:32.668959,976
2025-05-20 02:27:33.335476,977
2025-05-20 02:27:33.969622,978
2025-05-20 02:27:34.625122,979
2025-05-20 02:27:35.273954,980
2025-05-20 02:27:35.925021,981
2025-05-20 02:27:36.584915,982
2025-05-20 02:27:37.242609,983
2025-05-20 02:27:37.880562,984
2025-05-20 02:27:38.532654,985
2025-05-20 02:27:39.185026,986
2025-05-20 02:27:39.847769,987
2025-05-20 02:27:40.499799,988
2025-05-20 02:27:41.156571,989
2025-05-20 02:27:41.795512,990
2025-05-20 02:27:42.452636,991
2025-05-20 02:27:43.104693,992
2025-05-20 02:27:43.761454,993
2025-05-20 02:27:44.404953,994
2025-05-20 02:27:45.068500,995
2025-05-20 02:27:45.706945,996
2025-05-20 02:27:46.362829,997
2025-05-20 02:27:47.031723,998
2025-05-20 02:27:47.670831,999
2025-05-20 02:27:48.319827,1000
2025-05-20 02:27:48.975048,1001
2025-05-20 02:27:49.623104,1002
2025-05-20 02:27:50.279830,1003
2025-05-20 02:27:50.930014,1004
2025-05-20 02:27:51.594664,1005
2025-05-20 02:27:52.243687,1006
2025-05-20 02:27:52.880518,1007
2025-05-20 02:27:53.543002,1008
2025-05-20 02:27:54.183338,1009
2025-05-20 02:27:54.838897,1010
2025-05-20 02:27:55.493073,1011
2025-05-20 02:27:56.152553,1012
2025-05-20 02:27:56.806740,1013
2025-05-20 02:27:57.455114,1014
2025-05-20 02:27:58.104766,1015
2025-05-20 02:27:58.761528,1016
2025-05-20 02:27:59.413604,1017
2025-05-20 02:28:00.055728,1018
2025-05-20 02:28:00.727054,1019
2025-05-20 02:28:01.369646,1020
2025-05-20 02:28:02.012482,1021
2025-05-20 02:28:02.683638,1022
2025-05-20 02:28:03.319096,1023
2025-05-20 02:28:03.970974,1024
2025-05-20 02:28:04.626540,1025
2025-05-20 02:28:05.272638,1026
2025-05-20 02:28:05.929525,1027
2025-05-20 02:28:06.579839,1028
2025-05-20 02:28:07.233719,1029
2025-05-20 02:28:07.891961,1030
2025-05-20 02:28:08.553594,1031
2025-05-20 02:28:09.187887,1032
2025-05-20 02:28:09.844704,1033
2025-05-20 02:28:10.491863,1034
2025-05-20 02:28:11.163646,1035
2025-05-20 02:28:11.797493,1036
2025-05-20 02:28:12.454750,1037
2025-05-20 02:28:13.102462,1038
2025-05-20 02:28:13.752586,1039
2025-05-20 02:28:14.412946,1040
2025-05-20 02:28:15.060815,1041
2025-05-20 02:28:15.711842,1042
2025-05-20 02:28:16.361154,1043
2025-05-20 02:28:17.012203,1044
2025-05-20 02:28:17.668055,1045
2025-05-20 02:28:18.329669,1046
2025-05-20 02:28:18.968688,1047
2025-05-20 02:28:19.619955,1048
2025-05-20 02:28:20.282707,1049
2025-05-20 02:28:20.938840,1050
2025-05-20 02:28:21.586695,1051
2025-05-20 02:28:22.231619,1052
2025-05-20 02:28:22.887539,1053
2025-05-20 02:28:23.535136,1054
2025-05-20 02:28:24.191914,1055
2025-05-20 02:28:24.852501,1056
2025-05-20 02:28:25.495848,1057
2025-05-20 02:28:26.150624,1058
2025-05-20 02:28:26.811655,1059
2025-05-20 02:28:27.460766,1060
2025-05-20 02:28:28.107298,1061
2025-05-20 02:28:28.758931,1062
2025-05-20 02:28:29.413655,1063
2025-05-20 02:28:30.062978,1064
2025-05-20 02:28:30.710624,1065
2025-05-20 02:28:31.358933,1066
2025-05-20 02:28:32.031689,1067
2025-05-20 02:28:32.676740,1068
2025-05-20 02:28:33.325816,1069
2025-05-20 02:28:33.973108,1070
2025-05-20 02:28:34.630994,1071
2025-05-20 02:28:35.290921,1072
2025-05-20 02:28:35.927708,1073
2025-05-20 02:28:36.592661,1074
2025-05-20 02:28:37.236878,1075
2025-05-20 02:28:37.883162,1076
2025-05-20 02:28:38.553713,1077
2025-05-20 02:28:39.194023,1078
2025-05-20 02:28:39.846018,1079
2025-05-20 02:28:40.496228,1080
2025-05-20 02:28:41.155802,1081
2025-05-20 02:28:41.796171,1082
2025-05-20 02:28:42.450617,1083
2025-05-20 02:28:43.100178,1084
2025-05-20 02:28:43.751832,1085
2025-05-20 02:28:44.420787,1086
2025-05-20 02:28:45.055027,1087
2025-05-20 02:28:45.726810,1088
2025-05-20 02:28:46.366006,1089
2025-05-20 02:28:47.030773,1090
2025-05-20 02:28:47.666676,1091
2025-05-20 02:28:48.320911,1092
2025-05-20 02:28:48.981771,1093
2025-05-20 02:28:49.623968,1094
2025-05-20 02:28:50.272430,1095
2025-05-20 02:28:50.933023,1096
2025-05-20 02:28:51.577958,1097
2025-05-20 02:28:52.235921,1098
2025-05-20 02:28:52.882960,1099
2025-05-20 02:28:53.538036,1100
2025-05-20 02:28:54.194988,1101
2025-05-20 02:28:54.839862,1102
2025-05-20 02:28:55.500151,1103
2025-05-20 02:28:56.142870,1104
2025-05-20 02:28:56.800125,1105
2025-05-20 02:28:57.453742,1106
2025-05-20 02:28:58.098994,1107
2025-05-20 02:28:58.750317,1108
2025-05-20 02:28:59.411972,1109
2025-05-20 02:29:00.063367,1110
2025-05-20 02:29:00.725952,1111
2025-05-20 02:29:01.359272,1112
2025-05-20 02:29:02.010151,1113
2025-05-20 02:29:02.670057,1114
2025-05-20 02:29:03.333750,1115
2025-05-20 02:29:03.966961,1116
2025-05-20 02:29:04.624522,1117
2025-05-20 02:29:05.279955,1118
2025-05-20 02:29:05.929902,1119
2025-05-20 02:29:06.588943,1120
2025-05-20 02:29:07.242788,1121
2025-05-20 02:29:07.887967,1122
2025-05-20 02:29:08.545790,1123
2025-05-20 02:29:09.202853,1124
2025-05-20 02:29:09.854930,1125
2025-05-20 02:29:10.501766,1126
2025-05-20 02:29:11.149616,1127
2025-05-20 02:29:11.795828,1128
2025-05-20 02:29:12.453942,1129
2025-05-20 02:29:13.102521,1130
2025-05-20 02:29:13.762903,1131
2025-05-20 02:29:14.407254,1132
2025-05-20 02:29:15.070099,1133
2025-05-20 02:29:15.722915,1134
2025-05-20 02:29:16.355758,1135
2025-05-20 02:29:17.009749,1136
2025-05-20 02:29:17.680029,1137
2025-05-20 02:29:18.315011,1138
2025-05-20 02:29:18.974192,1139
2025-05-20 02:29:19.615659,1140
2025-05-20 02:29:20.278028,1141
2025-05-20 02:29:20.920305,1142
2025-05-20 02:29:21.571286,1143
2025-05-20 02:29:22.238864,1144
2025-05-20 02:29:22.876238,1145
2025-05-20 02:29:23.535152,1146
2025-05-20 02:29:24.181348,1147
2025-05-20 02:29:24.842809,1148
2025-05-20 02:29:25.485914,1149
2025-05-20 02:29:26.140516,1150
2025-05-20 02:29:26.796252,1151
2025-05-20 02:29:27.450460,1152
2025-05-20 02:29:28.095241,1153
2025-05-20 02:29:28.759088,1154
2025-05-20 02:29:29.408519,1155
2025-05-20 02:29:30.050323,1156
2025-05-20 02:29:30.713190,1157
2025-05-20 02:29:31.363920,1158
2025-05-20 02:29:32.012480,1159
2025-05-20 02:29:32.659181,1160
2025-05-20 02:29:33.321087,1161
2025-05-20 02:29:33.972501,1162
2025-05-20 02:29:34.613094,1163
2025-05-20 02:29:35.272484,1164
2025-05-20 02:29:35.926166,1165
2025-05-20 02:29:36.572255,1166
2025-05-20 02:29:37.241379,1167
2025-05-20 02:29:37.879362,1168
2025-05-20 02:29:38.527131,1169
2025-05-20 02:29:39.183882,1170
2025-05-20 02:29:39.839091,1171
2025-05-20 02:29:40.490098,1172
2025-05-20 02:29:41.138434,1173
2025-05-20 02:29:41.804975,1174
2025-05-20 02:29:42.448543,1175
2025-05-20 02:29:43.101535,1176
2025-05-20 02:29:43.744277,1177
2025-05-20 02:29:44.398848,1178
2025-05-20 02:29:45.053557,1179
2025-05-20 02:29:45.699219,1180
2025-05-20 02:29:46.362965,1181
2025-05-20 02:29:47.011227,1182
2025-05-20 02:29:47.663424,1183
2025-05-20 02:29:48.311143,1184
2025-05-20 02:29:48.962401,1185
2025-05-20 02:29:49.610420,1186
2025-05-20 02:29:50.281990,1187
2025-05-20 02:29:50.916419,1188
2025-05-20 02:29:51.577411,1189
2025-05-20 02:29:52.231099,1190
2025-05-20 02:29:52.891101,1191
2025-05-20 02:29:53.526304,1192
2025-05-20 02:29:54.175746,1193
2025-05-20 02:29:54.838084,1194
2025-05-20 02:29:55.479328,1195
2025-05-20 02:29:56.132434,1196
2025-05-20 02:29:56.789161,1197
2025-05-20 02:29:57.436408,1198
2025-05-20 02:29:58.095908,1199
2025-05-20 02:29:58.744356,1200
2025-05-20 02:29:59.397248,1201
2025-05-20 02:30:00.047479,1202
2025-05-20 02:30:00.707009,1203
2025-05-20 02:30:01.353203,1204
2025-05-20 02:30:02.004360,1205
2025-05-20 02:30:02.661930,1206
2025-05-20 02:30:03.303811,1207
2025-05-20 02:30:03.956389,1208
2025-05-20 02:30:04.610606,1209
2025-05-20 02:30:05.266414,1210
2025-05-20 02:30:05.923050,1211
2025-05-20 02:30:06.579912,1212
2025-05-20 02:30:07.216382,1213
2025-05-20 02:30:07.881123,1214
2025-05-20 02:30:08.536664,1215
2025-05-20 02:30:09.198390,1216
2025-05-20 02:30:09.842341,1217
2025-05-20 02:30:10.497585,1218
2025-05-20 02:30:11.137307,1219
2025-05-20 02:30:11.792373,1220
2025-05-20 02:30:12.444796,1221
2025-05-20 02:30:13.102529,1222
2025-05-20 02:30:13.749575,1223
2025-05-20 02:30:14.401572,1224
2025-05-20 02:30:15.052504,1225
2025-05-20 02:30:15.723092,1226
2025-05-20 02:30:16.360397,1227
2025-05-20 02:30:17.008392,1228
2025-05-20 02:30:17.668437,1229
2025-05-20 02:30:18.318354,1230
2025-05-20 02:30:18.967697,1231
2025-05-20 02:30:19.620265,1232
2025-05-20 02:30:20.282262,1233
2025-05-20 02:30:20.927273,1234
2025-05-20 02:30:21.580722,1235
2025-05-20 02:30:22.226138,1236
2025-05-20 02:30:22.878081,1237
2025-05-20 02:30:23.536431,1238
2025-05-20 02:30:24.184510,1239
2025-05-20 02:30:24.830331,1240
2025-05-20 02:30:25.484359,1241
2025-05-20 02:30:26.136603,1242
2025-05-20 02:30:26.797401,1243
2025-05-20 02:30:27.443374,1244
2025-05-20 02:30:28.102204,1245
2025-05-20 02:30:28.743398,1246
2025-05-20 02:30:29.404563,1247
2025-05-20 02:30:30.055213,1248
2025-05-20 02:30:30.706620,1249
2025-05-20 02:30:31.355260,1250
2025-05-20 02:30:32.004377,1251
2025-05-20 02:30:32.661387,1252
2025-05-20 02:30:33.321127,1253
2025-05-20 02:30:33.963113,1254
2025-05-20 02:30:34.611604,1255
2025-05-20 02:30:35.271692,1256
2025-05-20 02:30:35.924360,1257
2025-05-20 02:30:36.583207,1258
2025-05-20 02:30:37.233247,1259
2025-05-20 02:30:37.881225,1260
2025-05-20 02:30:38.522978,1261
2025-05-20 02:30:39.195107,1262
2025-05-20 02:30:39.835338,1263
2025-05-20 02:30:40.488448,1264
2025-05-20 02:30:41.136515,1265
2025-05-20 02:30:41.793410,1266
2025-05-20 02:30:42.444401,1267
2025-05-20 02:30:43.096591,1268
2025-05-20 02:30:43.747509,1269
2025-05-20 02:30:44.412238,1270
2025-05-20 02:30:45.043785,1271
2025-05-20 02:30:45.706504,1272
2025-05-20 02:30:46.362149,1273
2025-05-20 02:30:47.016267,1274
2025-05-20 02:30:47.662453,1275
2025-05-20 02:30:48.304663,1276
2025-05-20 02:30:48.959860,1277
2025-05-20 02:30:49.615179,1278
2025-05-20 02:30:50.260387,1279
2025-05-20 02:30:50.914305,1280
2025-05-20 02:30:51.566628,1281
2025-05-20 02:30:52.217439,1282
2025-05-20 02:30:52.879134,1283
2025-05-20 02:30:53.519900,1284
2025-05-20 02:30:54.175881,1285
2025-05-20 02:30:54.827593,1286
2025-05-20 02:30:55.497679,1287
2025-05-20 02:30:56.132987,1288
2025-05-20 02:30:56.793754,1289
2025-05-20 02:30:57.432596,1290
2025-05-20 02:30:58.084661,1291
2025-05-20 02:30:58.741395,1292
2025-05-20 02:30:59.388808,1293
2025-05-20 02:31:00.044466,1294
2025-05-20 02:31:00.700407,1295
2025-05-20 02:31:01.349290,1296
2025-05-20 02:31:02.016269,1297
2025-05-20 02:31:02.656404,1298
2025-05-20 02:31:03.314408,1299
2025-05-20 02:31:03.960411,1300
2025-05-20 02:31:04.602317,1301
2025-05-20 02:31:05.267338,1302
2025-05-20 02:31:05.908441,1303
2025-05-20 02:31:06.566709,1304
2025-05-20 02:31:07.225332,1305
2025-05-20 02:31:07.874352,1306
2025-05-20 02:31:08.519869,1307
2025-05-20 02:31:09.167762,1308
2025-05-20 02:31:09.819800,1309
2025-05-20 02:31:10.480525,1310
2025-05-20 02:31:11.124542,1311
2025-05-20 02:31:11.775288,1312
2025-05-20 02:31:12.435623,1313
2025-05-20 02:31:13.080600,1314
2025-05-20 02:31:13.749767,1315
2025-05-20 02:31:14.390737,1316
2025-05-20 02:31:15.043778,1317
2025-05-20 02:31:15.703466,1318
2025-05-20 02:31:16.349674,1319
2025-05-20 02:31:16.995873,1320
2025-05-20 02:31:17.651871,1321
2025-05-20 02:31:18.299832,1322
2025-05-20 02:31:18.950470,1323
2025-05-20 02:31:19.596252,1324
2025-05-20 02:31:20.265273,1325
2025-05-20 02:31:20.907568,1326
2025-05-20 02:31:21.554344,1327
2025-05-20 02:31:22.208734,1328
2025-05-20 02:31:22.867912,1329
2025-05-20 02:31:23.519680,1330
2025-05-20 02:31:24.174349,1331
2025-05-20 02:31:24.824479,1332
2025-05-20 02:31:25.486344,1333
2025-05-20 02:31:26.138445,1334
2025-05-20 02:31:26.771590,1335
2025-05-20 02:31:27.432436,1336
2025-05-20 02:31:28.077034,1337
2025-05-20 02:31:28.736543,1338
2025-05-20 02:31:29.379876,1339
2025-05-20 02:31:30.034387,1340
2025-05-20 02:31:30.691352,1341
2025-05-20 02:31:31.340567,1342
2025-05-20 02:31:31.994385,1343
2025-05-20 02:31:32.642743,1344
2025-05-20 02:31:33.304486,1345
2025-05-20 02:31:33.963632,1346
2025-05-20 02:31:34.593777,1347
2025-05-20 02:31:35.256337,1348
2025-05-20 02:31:35.916338,1349
2025-05-20 02:31:36.553498,1350
2025-05-20 02:31:37.109741,1351
2025-05-20 02:31:37.763384,1352
2025-05-20 02:31:38.409222,1353
2025-05-20 02:31:39.068468,1354
2025-05-20 02:31:39.719653,1355
2025-05-20 02:31:40.383434,1356
2025-05-20 02:31:41.032563,1357
2025-05-20 02:31:41.668614,1358
2025-05-20 02:31:42.333792,1359
2025-05-20 02:31:42.974910,1360
2025-05-20 02:31:43.641448,1361
2025-05-20 02:31:44.283641,1362
2025-05-20 02:31:44.934388,1363
2025-05-20 02:31:45.588422,1364
2025-05-20 02:31:46.234544,1365
2025-05-20 02:31:46.883619,1366
2025-05-20 02:31:47.537655,1367
2025-05-20 02:31:48.195610,1368
2025-05-20 02:31:48.840660,1369
2025-05-20 02:31:49.500746,1370
2025-05-20 02:31:50.151495,1371
2025-05-20 02:31:50.794971,1372
2025-05-20 02:31:51.446917,1373
2025-05-20 02:31:52.114889,1374
2025-05-20 02:31:52.755219,1375
2025-05-20 02:31:53.404169,1376
2025-05-20 02:31:54.064216,1377
2025-05-20 02:31:54.713756,1378
2025-05-20 02:31:55.378007,1379
2025-05-20 02:31:56.015715,1380
2025-05-20 02:31:56.666804,1381
2025-05-20 02:31:57.330608,1382
2025-05-20 02:31:57.966620,1383
2025-05-20 02:31:58.618443,1384
2025-05-20 02:31:59.274455,1385
2025-05-20 02:31:59.943494,1386
2025-05-20 02:32:00.581795,1387
2025-05-20 02:32:01.237520,1388
2025-05-20 02:32:01.890615,1389
2025-05-20 02:32:02.531917,1390
2025-05-20 02:32:03.203706,1391
2025-05-20 02:32:03.840432,1392
2025-05-20 02:32:04.486956,1393
2025-05-20 02:32:05.141091,1394
2025-05-20 02:32:05.800518,1395
2025-05-20 02:32:06.448567,1396
2025-05-20 02:32:07.102733,1397
2025-05-20 02:32:07.749747,1398
2025-05-20 02:32:08.413523,1399
2025-05-20 02:32:09.069407,1400
2025-05-20 02:32:09.706767,1401
2025-05-20 02:32:10.365066,1402
2025-05-20 02:32:11.007086,1403
2025-05-20 02:32:11.658949,1404
2025-05-20 02:32:12.313812,1405
2025-05-20 02:32:12.965921,1406
2025-05-20 02:32:13.614032,1407
2025-05-20 02:32:14.267245,1408
2025-05-20 02:32:14.921958,1409
2025-05-20 02:32:15.571800,1410
2025-05-20 02:32:16.231056,1411
2025-05-20 02:32:16.884543,1412
2025-05-20 02:32:17.533058,1413
2025-05-20 02:32:18.179852,1414
2025-05-20 02:32:18.849633,1415
2025-05-20 02:32:19.483941,1416
2025-05-20 02:32:20.134931,1417
2025-05-20 02:32:20.796589,1418
2025-05-20 02:32:21.448875,1419
2025-05-20 02:32:22.093935,1420
2025-05-20 02:32:22.744929,1421
2025-05-20 02:32:23.403885,1422
2025-05-20 02:32:24.050937,1423
2025-05-20 02:32:24.698450,1424
2025-05-20 02:32:25.353890,1425
2025-05-20 02:32:26.011585,1426
2025-05-20 02:32:26.660109,1427
2025-05-20 02:32:27.316589,1428
2025-05-20 02:32:27.968610,1429
2025-05-20 02:32:28.617054,1430
2025-05-20 02:32:29.267890,1431
2025-05-20 02:32:29.923851,1432
2025-05-20 02:32:30.577606,1433
2025-05-20 02:32:31.224862,1434
2025-05-20 02:32:31.879982,1435
2025-05-20 02:32:32.523436,1436
2025-05-20 02:32:33.173767,1437
2025-05-20 02:32:33.831770,1438
2025-05-20 02:32:34.480732,1439
2025-05-20 02:32:35.137157,1440
2025-05-20 02:32:35.790952,1441
2025-05-20 02:32:36.450720,1442
2025-05-20 02:32:37.085809,1443
2025-05-20 02:32:37.743049,1444
2025-05-20 02:32:38.386496,1445
2025-05-20 02:32:39.045838,1446
2025-05-20 02:32:39.700531,1447
2025-05-20 02:32:40.343978,1448
2025-05-20 02:32:41.004822,1449
2025-05-20 02:32:41.657548,1450
2025-05-20 02:32:42.298810,1451
2025-05-20 02:32:42.960884,1452
2025-05-20 02:32:43.606154,1453
2025-05-20 02:32:44.262027,1454
2025-05-20 02:32:44.916621,1455
2025-05-20 02:32:45.567039,1456
2025-05-20 02:32:46.209996,1457
2025-05-20 02:32:46.867922,1458
2025-05-20 02:32:47.519028,1459
2025-05-20 02:32:48.172207,1460
2025-05-20 02:32:48.821836,1461
2025-05-20 02:32:49.473691,1462
2025-05-20 02:32:50.131030,1463
2025-05-20 02:32:50.776064,1464
2025-05-20 02:32:51.435183,1465
2025-05-20 02:32:52.088727,1466
2025-05-20 02:32:52.739650,1467
2025-05-20 02:32:53.388048,1468
2025-05-20 02:32:54.034719,1469
2025-05-20 02:32:54.683443,1470
2025-05-20 02:32:55.350769,1471
2025-05-20 02:32:55.989893,1472
2025-05-20 02:32:56.658785,1473
2025-05-20 02:32:57.291755,1474
2025-05-20 02:32:57.952275,1475
2025-05-20 02:32:58.603032,1476
2025-05-20 02:32:59.250080,1477
2025-05-20 02:32:59.909758,1478
2025-05-20 02:33:00.562007,1479
2025-05-20 02:33:01.207839,1480
2025-05-20 02:33:01.855241,1481
2025-05-20 02:33:02.514990,1482
2025-05-20 02:33:03.166149,1483
2025-05-20 02:33:03.810835,1484
2025-05-20 02:33:04.478907,1485
2025-05-20 02:33:05.117070,1486
2025-05-20 02:33:05.773693,1487
2025-05-20 02:33:06.423151,1488
2025-05-20 02:33:07.080397,1489
2025-05-20 02:33:07.726955,1490
2025-05-20 02:33:08.375870,1491
2025-05-20 02:33:09.041844,1492
2025-05-20 02:33:09.677437,1493
2025-05-20 02:33:10.345702,1494
2025-05-20 02:33:10.991032,1495
2025-05-20 02:33:11.645823,1496
2025-05-20 02:33:12.295707,1497
2025-05-20 02:33:12.945988,1498
2025-05-20 02:33:13.589132,1499
2025-05-20 02:33:14.248272,1500
2025-05-20 02:33:14.905699,1501
2025-05-20 02:33:15.562326,1502
2025-05-20 02:33:16.209891,1503
2025-05-20 02:33:16.855938,1504
2025-05-20 02:33:17.516852,1505
2025-05-20 02:33:18.166651,1506
2025-05-20 02:33:18.809843,1507
2025-05-20 02:33:19.455928,1508
2025-05-20 02:33:20.112312,1509
2025-05-20 02:33:20.777736,1510
2025-05-20 02:33:21.428803,1511
2025-05-20 02:33:22.080652,1512
2025-05-20 02:33:22.733769,1513
2025-05-20 02:33:23.372288,1514
2025-05-20 02:33:24.027107,1515
2025-05-20 02:33:24.669242,1516
2025-05-20 02:33:25.323050,1517
2025-05-20 02:33:25.983865,1518
2025-05-20 02:33:26.625668,1519
2025-05-20 02:33:27.287025,1520
2025-05-20 02:33:27.938266,1521
2025-05-20 02:33:28.599078,1522
2025-05-20 02:33:29.235215,1523
2025-05-20 02:33:29.894823,1524
2025-05-20 02:33:30.540111,1525
2025-05-20 02:33:31.188688,1526
2025-05-20 02:33:31.841909,1527
2025-05-20 02:33:32.507877,1528
2025-05-20 02:33:33.144870,1529
2025-05-20 02:33:33.804342,1530
2025-05-20 02:33:34.448538,1531
2025-05-20 02:33:35.105282,1532
2025-05-20 02:33:35.768959,1533
2025-05-20 02:33:36.403236,1534
2025-05-20 02:33:37.053912,1535
2025-05-20 02:33:37.716250,1536
2025-05-20 02:33:38.363203,1537
2025-05-20 02:33:39.011050,1538
2025-05-20 02:33:39.668300,1539
2025-05-20 02:33:40.323624,1540
2025-05-20 02:33:40.965152,1541
2025-05-20 02:33:41.619004,1542
2025-05-20 02:33:42.287925,1543
2025-05-20 02:33:42.931133,1544
2025-05-20 02:33:43.580413,1545
2025-05-20 02:33:44.241177,1546
2025-05-20 02:33:44.887102,1547
2025-05-20 02:33:45.532138,1548
2025-05-20 02:33:46.187281,1549
2025-05-20 02:33:46.839182,1550
2025-05-20 02:33:47.494237,1551
2025-05-20 02:33:48.142093,1552
2025-05-20 02:33:48.792455,1553
2025-05-20 02:33:49.440319,1554
2025-05-20 02:33:50.093563,1555
2025-05-20 02:33:50.761520,1556
2025-05-20 02:33:51.409091,1557
2025-05-20 02:33:52.066021,1558
2025-05-20 02:33:52.704443,1559
2025-05-20 02:33:53.356394,1560
2025-05-20 02:33:54.010146,1561
2025-05-20 02:33:54.655883,1562
2025-05-20 02:33:55.311752,1563
2025-05-20 02:33:55.972176,1564
2025-05-20 02:33:56.614149,1565
2025-05-20 02:33:57.269129,1566
2025-05-20 02:33:57.914897,1567
2025-05-20 02:33:58.583927,1568
2025-05-20 02:33:59.223876,1569
2025-05-20 02:33:59.883006,1570
2025-05-20 02:34:00.528406,1571
2025-05-20 02:34:01.193025,1572
2025-05-20 02:34:01.832239,1573
2025-05-20 02:34:02.489863,1574
2025-05-20 02:34:03.141067,1575
2025-05-20 02:34:03.782954,1576
2025-05-20 02:34:04.438502,1577
2025-05-20 02:34:05.097570,1578
2025-05-20 02:34:05.740464,1579
2025-05-20 02:34:06.392116,1580
2025-05-20 02:34:07.054917,1581
2025-05-20 02:34:07.697613,1582
2025-05-20 02:34:08.345614,1583
2025-05-20 02:34:08.999553,1584
2025-05-20 02:34:09.653027,1585
2025-05-20 02:34:10.311036,1586
2025-05-20 02:34:10.953220,1587
2025-05-20 02:34:11.614070,1588
2025-05-20 02:34:12.267030,1589
2025-05-20 02:34:12.915864,1590
2025-05-20 02:34:13.559215,1591
2025-05-20 02:34:14.218238,1592
2025-05-20 02:34:14.870006,1593
2025-05-20 02:34:15.516391,1594
2025-05-20 02:34:16.178135,1595
2025-05-20 02:34:16.823485,1596
2025-05-20 02:34:17.485943,1597
2025-05-20 02:34:18.120392,1598
2025-05-20 02:34:18.780605,1599
2025-05-20 02:34:19.441154,1600
2025-05-20 02:34:20.085017,1601
2025-05-20 02:34:20.732611,1602
2025-05-20 02:34:21.388311,1603
2025-05-20 02:34:22.044120,1604
2025-05-20 02:34:22.700994,1605
2025-05-20 02:34:23.347569,1606
2025-05-20 02:34:23.992527,1607
2025-05-20 02:34:24.645405,1608
2025-05-20 02:34:25.291264,1609
2025-05-20 02:34:25.949348,1610
2025-05-20 02:34:26.603351,1611
2025-05-20 02:34:27.252355,1612
2025-05-20 02:34:27.898357,1613
2025-05-20 02:34:28.571010,1614
2025-05-20 02:34:29.223069,1615
2025-05-20 02:34:29.866044,1616
2025-05-20 02:34:30.507237,1617
2025-05-20 02:34:31.168506,1618
2025-05-20 02:34:31.810996,1619
2025-05-20 02:34:32.463686,1620
2025-05-20 02:34:33.123944,1621
2025-05-20 02:34:33.772881,1622
2025-05-20 02:34:34.421586,1623
2025-05-20 02:34:35.070959,1624
2025-05-20 02:34:35.732556,1625
2025-05-20 02:34:36.380526,1626
2025-05-20 02:34:37.036518,1627
2025-05-20 02:34:37.688350,1628
2025-05-20 02:34:38.338070,1629
2025-05-20 02:34:38.995936,1630
2025-05-20 02:34:39.630118,1631
2025-05-20 02:34:40.299084,1632
2025-05-20 02:34:40.940262,1633
2025-05-20 02:34:41.596673,1634
2025-05-20 02:34:42.243586,1635
2025-05-20 02:34:42.907305,1636
2025-05-20 02:34:43.554235,1637
2025-05-20 02:34:44.199137,1638
2025-05-20 02:34:44.863077,1639
2025-05-20 02:34:45.506609,1640
2025-05-20 02:34:46.163510,1641
2025-05-20 02:34:46.815221,1642
2025-05-20 02:34:47.454739,1643
2025-05-20 02:34:48.124438,1644
2025-05-20 02:34:48.768359,1645
2025-05-20 02:34:49.431179,1646
2025-05-20 02:34:50.073667,1647
2025-05-20 02:34:50.721324,1648
2025-05-20 02:34:51.371817,1649
2025-05-20 02:34:52.020445,1650
2025-05-20 02:34:52.678316,1651
2025-05-20 02:34:53.331093,1652
2025-05-20 02:34:53.979072,1653
2025-05-20 02:34:54.622774,1654
2025-05-20 02:34:55.281450,1655
2025-05-20 02:34:55.943343,1656
2025-05-20 02:34:56.589675,1657
2025-05-20 02:34:57.240534,1658
2025-05-20 02:34:57.888585,1659
2025-05-20 02:34:58.546152,1660
2025-05-20 02:34:59.199271,1661
2025-05-20 02:34:59.849360,1662
2025-05-20 02:35:00.506025,1663
2025-05-20 02:35:01.164288,1664
2025-05-20 02:35:01.799916,1665
2025-05-20 02:35:02.465646,1666
2025-05-20 02:35:03.101180,1667
2025-05-20 02:35:03.761329,1668
2025-05-20 02:35:04.408270,1669
2025-05-20 02:35:05.065061,1670
2025-05-20 02:35:05.716801,1671
2025-05-20 02:35:06.360234,1672
2025-05-20 02:35:07.020796,1673
2025-05-20 02:35:07.669154,1674
2025-05-20 02:35:08.316625,1675
2025-05-20 02:35:08.977373,1676
2025-05-20 02:35:09.620232,1677
2025-05-20 02:35:10.287532,1678
2025-05-20 02:35:10.923890,1679
2025-05-20 02:35:11.594240,1680
2025-05-20 02:35:12.228238,1681
2025-05-20 02:35:12.888511,1682
2025-05-20 02:35:13.540316,1683
2025-05-20 02:35:14.183626,1684
2025-05-20 02:35:14.835617,1685
2025-05-20 02:35:15.484059,1686
2025-05-20 02:35:16.144452,1687
2025-05-20 02:35:16.790662,1688
2025-05-20 02:35:17.449924,1689
2025-05-20 02:35:18.092425,1690
2025-05-20 02:35:18.743854,1691
2025-05-20 02:35:19.411338,1692
2025-05-20 02:35:20.052445,1693
2025-05-20 02:35:20.711405,1694
2025-05-20 02:35:21.368798,1695
2025-05-20 02:35:22.010462,1696
2025-05-20 02:35:22.657799,1697
2025-05-20 02:35:23.308487,1698
2025-05-20 02:35:23.960477,1699
2025-05-20 02:35:24.613495,1700
2025-05-20 02:35:25.267655,1701
2025-05-20 02:35:25.919836,1702
2025-05-20 02:35:26.564309,1703
2025-05-20 02:35:27.219698,1704
2025-05-20 02:35:27.870685,1705
2025-05-20 02:35:28.531300,1706
2025-05-20 02:35:29.171711,1707
2025-05-20 02:35:29.834912,1708
2025-05-20 02:35:30.484401,1709
2025-05-20 02:35:31.136420,1710
2025-05-20 02:35:31.787620,1711
2025-05-20 02:35:32.435674,1712
2025-05-20 02:35:33.099484,1713
2025-05-20 02:35:33.735017,1714
2025-05-20 02:35:34.405707,1715
2025-05-20 02:35:35.049736,1716
2025-05-20 02:35:35.700775,1717
2025-05-20 02:35:36.362436,1718
2025-05-20 02:35:36.998836,1719
2025-05-20 02:35:37.648469,1720
2025-05-20 02:35:38.300396,1721
2025-05-20 02:35:38.959407,1722
2025-05-20 02:35:39.600630,1723
2025-05-20 02:35:40.266412,1724
2025-05-20 02:35:40.916278,1725
2025-05-20 02:35:41.554532,1726
2025-05-20 02:35:42.210971,1727
2025-05-20 02:35:42.859656,1728
2025-05-20 02:35:43.520562,1729
2025-05-20 02:35:44.170420,1730
2025-05-20 02:35:44.815582,1731
2025-05-20 02:35:45.478496,1732
2025-05-20 02:35:46.119778,1733
2025-05-20 02:35:46.775719,1734
2025-05-20 02:35:47.422417,1735
2025-05-20 02:35:48.083779,1736
2025-05-20 02:35:48.745767,1737
2025-05-20 02:35:49.379695,1738
2025-05-20 02:35:50.031813,1739
2025-05-20 02:35:50.687820,1740
2025-05-20 02:35:51.340440,1741
2025-05-20 02:35:51.994939,1742
2025-05-20 02:35:52.651332,1743
2025-05-20 02:35:53.305788,1744
2025-05-20 02:35:53.943502,1745
2025-05-20 02:35:54.589449,1746
2025-05-20 02:35:55.254404,1747
2025-05-20 02:35:55.896317,1748
2025-05-20 02:35:56.554159,1749
2025-05-20 02:35:57.214424,1750
2025-05-20 02:35:57.849814,1751
2025-05-20 02:35:58.517377,1752
2025-05-20 02:35:59.160404,1753
2025-05-20 02:35:59.823584,1754
2025-05-20 02:36:00.464873,1755
2025-05-20 02:36:01.118948,1756
2025-05-20 02:36:01.769068,1757
2025-05-20 02:36:02.414666,1758
2025-05-20 02:36:03.068647,1759
2025-05-20 02:36:03.716956,1760
2025-05-20 02:36:04.386452,1761
2025-05-20 02:36:05.024800,1762
2025-05-20 02:36:05.678854,1763
2025-05-20 02:36:06.337451,1764
2025-05-20 02:36:06.994663,1765
2025-05-20 02:36:07.637605,1766
2025-05-20 02:36:08.288405,1767
2025-05-20 02:36:08.936843,1768
2025-05-20 02:36:09.581847,1769
2025-05-20 02:36:10.242691,1770
2025-05-20 02:36:10.901377,1771
2025-05-20 02:36:11.541104,1772
2025-05-20 02:36:12.210665,1773
2025-05-20 02:36:12.843772,1774
2025-05-20 02:36:13.496364,1775
2025-05-20 02:36:14.152873,1776
2025-05-20 02:36:14.807668,1777
2025-05-20 02:36:15.456743,1778
2025-05-20 02:36:16.103027,1779
2025-05-20 02:36:16.757898,1780
2025-05-20 02:36:17.415539,1781
2025-05-20 02:36:18.068976,1782
2025-05-20 02:36:18.718116,1783
2025-05-20 02:36:19.365688,1784
2025-05-20 02:36:20.020079,1785
2025-05-20 02:36:20.666796,1786
2025-05-20 02:36:21.319506,1787
2025-05-20 02:36:21.973067,1788
2025-05-20 02:36:22.627866,1789
2025-05-20 02:36:23.273740,1790
2025-05-20 02:36:23.924511,1791
2025-05-20 02:36:24.575960,1792
2025-05-20 02:36:25.232492,1793
2025-05-20 02:36:25.887758,1794
2025-05-20 02:36:26.448565,1795
2025-05-20 02:36:27.091869,1796
2025-05-20 02:36:27.740754,1797
2025-05-20 02:36:28.392974,1798
2025-05-20 02:36:29.043122,1799
2025-05-20 02:36:29.686674,1800
2025-05-20 02:36:30.344561,1801
2025-05-20 02:36:31.006627,1802
2025-05-20 02:36:31.644799,1803
2025-05-20 02:36:32.295796,1804
2025-05-20 02:36:32.966631,1805
2025-05-20 02:36:33.598105,1806
2025-05-20 02:36:34.256903,1807
2025-05-20 02:36:34.918537,1808
2025-05-20 02:36:35.556953,1809
2025-05-20 02:36:36.205909,1810
2025-05-20 02:36:36.864613,1811
2025-05-20 02:36:37.509922,1812
2025-05-20 02:36:38.160987,1813
2025-05-20 02:36:38.822783,1814
2025-05-20 02:36:39.471564,1815
2025-05-20 02:36:40.125947,1816
2025-05-20 02:36:40.768764,1817
2025-05-20 02:36:41.424571,1818
2025-05-20 02:36:42.073710,1819
2025-05-20 02:36:42.731926,1820
2025-05-20 02:36:43.379717,1821
2025-05-20 02:36:44.026755,1822
2025-05-20 02:36:44.680919,1823
2025-05-20 02:36:45.337057,1824
2025-05-20 02:36:45.980804,1825
2025-05-20 02:36:46.652707,1826
2025-05-20 02:36:47.290880,1827
2025-05-20 02:36:47.945810,1828
2025-05-20 02:36:48.594750,1829
2025-05-20 02:36:49.242004,1830
2025-05-20 02:36:49.898048,1831
2025-05-20 02:36:50.544859,1832
2025-05-20 02:36:51.198951,1833
2025-05-20 02:36:51.856847,1834
2025-05-20 02:36:52.498910,1835
2025-05-20 02:36:53.168862,1836
2025-05-20 02:36:53.806797,1837
2025-05-20 02:36:54.459333,1838
2025-05-20 02:36:55.111794,1839
2025-05-20 02:36:55.762957,1840
2025-05-20 02:36:56.417816,1841
2025-05-20 02:36:57.067797,1842
2025-05-20 02:36:57.714039,1843
2025-05-20 02:36:58.372250,1844
2025-05-20 02:36:59.019683,1845
2025-05-20 02:36:59.672228,1846
2025-05-20 02:37:00.325885,1847
2025-05-20 02:37:00.977075,1848
2025-05-20 02:37:01.633753,1849
2025-05-20 02:37:02.275038,1850
2025-05-20 02:37:02.937747,1851
2025-05-20 02:37:03.594715,1852
2025-05-20 02:37:04.231682,1853
2025-05-20 02:37:04.896794,1854
2025-05-20 02:37:05.533950,1855
2025-05-20 02:37:06.183775,1856
2025-05-20 02:37:06.839325,1857
2025-05-20 02:37:07.496785,1858
2025-05-20 02:37:08.153615,1859
2025-05-20 02:37:08.789973,1860
2025-05-20 02:37:09.451172,1861
2025-05-20 02:37:10.103809,1862
2025-05-20 02:37:10.747002,1863
2025-05-20 02:37:11.399927,1864
2025-05-20 02:37:12.051351,1865
2025-05-20 02:37:12.715848,1866
2025-05-20 02:37:13.355163,1867
2025-05-20 02:37:14.016244,1868
2025-05-20 02:37:14.664878,1869
2025-05-20 02:37:15.319773,1870
2025-05-20 02:37:15.965937,1871
2025-05-20 02:37:16.615091,1872
2025-05-20 02:37:17.273637,1873
2025-05-20 02:37:17.919890,1874
2025-05-20 02:37:18.578875,1875
2025-05-20 02:37:19.231859,1876
2025-05-20 02:37:19.873432,1877
2025-05-20 02:37:20.526283,1878
2025-05-20 02:37:21.189708,1879
2025-05-20 02:37:21.840883,1880
2025-05-20 02:37:22.487004,1881
2025-05-20 02:37:23.141682,1882
2025-05-20 02:37:23.795867,1883
2025-05-20 02:37:24.444141,1884
2025-05-20 02:37:25.092082,1885
2025-05-20 02:37:25.750799,1886
2025-05-20 02:37:26.396059,1887
2025-05-20 02:37:27.041327,1888
2025-05-20 02:37:27.703047,1889
2025-05-20 02:37:28.344244,1890
2025-05-20 02:37:28.999088,1891
2025-05-20 02:37:29.652810,1892
2025-05-20 02:37:30.314908,1893
2025-05-20 02:37:30.951699,1894
2025-05-20 02:37:31.610343,1895
2025-05-20 02:37:32.261983,1896
2025-05-20 02:37:32.915932,1897
2025-05-20 02:37:33.574032,1898
2025-05-20 02:37:34.221774,1899
2025-05-20 02:37:34.866232,1900
2025-05-20 02:37:35.529871,1901
2025-05-20 02:37:36.170993,1902
2025-05-20 02:37:36.832826,1903
2025-05-20 02:37:37.477875,1904
2025-05-20 02:37:38.119924,1905
2025-05-20 02:37:38.789703,1906
2025-05-20 02:37:39.423032,1907
2025-05-20 02:37:40.082800,1908
2025-05-20 02:37:40.734280,1909
2025-05-20 02:37:41.387865,1910
2025-05-20 02:37:42.032371,1911
2025-05-20 02:37:42.694886,1912
2025-05-20 02:37:43.339396,1913
2025-05-20 02:37:43.989920,1914
2025-05-20 02:37:44.632932,1915
2025-05-20 02:37:45.307006,1916
2025-05-20 02:37:45.940977,1917
2025-05-20 02:37:46.597965,1918
2025-05-20 02:37:47.243165,1919
2025-05-20 02:37:47.905708,1920
2025-05-20 02:37:48.555140,1921
2025-05-20 02:37:49.209207,1922
2025-05-20 02:37:49.856371,1923
2025-05-20 02:37:50.514055,1924
2025-05-20 02:37:51.154032,1925
2025-05-20 02:37:51.815104,1926
2025-05-20 02:37:52.468348,1927
2025-05-20 02:37:53.120239,1928
2025-05-20 02:37:53.779981,1929
2025-05-20 02:37:54.415837,1930
2025-05-20 02:37:55.066470,1931
2025-05-20 02:37:55.716325,1932
2025-05-20 02:37:56.371404,1933
2025-05-20 02:37:57.034129,1934
2025-05-20 02:37:57.676258,1935
2025-05-20 02:37:58.340934,1936
2025-05-20 02:37:58.987930,1937
2025-05-20 02:37:59.629865,1938
2025-05-20 02:38:00.281810,1939
2025-05-20 02:38:00.929199,1940
2025-05-20 02:38:01.582313,1941
2025-05-20 02:38:02.238269,1942
2025-05-20 02:38:02.897910,1943
2025-05-20 02:38:03.546405,1944
2025-05-20 02:38:04.204064,1945
2025-05-20 02:38:04.845959,1946
2025-05-20 02:38:05.492114,1947
2025-05-20 02:38:06.158251,1948
2025-05-20 02:38:06.796137,1949
2025-05-20 02:38:07.447274,1950
2025-05-20 02:38:08.107322,1951
2025-05-20 02:38:08.754316,1952
2025-05-20 02:38:09.413062,1953
2025-05-20 02:38:10.073924,1954
2025-05-20 02:38:10.713989,1955
2025-05-20 02:38:11.373036,1956
2025-05-20 02:38:12.018190,1957
2025-05-20 02:38:12.662100,1958
2025-05-20 02:38:13.320408,1959
2025-05-20 02:38:13.974966,1960
2025-05-20 02:38:14.616144,1961
2025-05-20 02:38:15.280992,1962
2025-05-20 02:38:15.927422,1963
2025-05-20 02:38:16.571798,1964
2025-05-20 02:38:17.228439,1965
2025-05-20 02:38:17.888928,1966
2025-05-20 02:38:18.547079,1967
2025-05-20 02:38:19.179150,1968
2025-05-20 02:38:19.836283,1969
2025-05-20 02:38:20.482358,1970
2025-05-20 02:38:21.140304,1971
2025-05-20 02:38:21.799037,1972
2025-05-20 02:38:22.446378,1973
2025-05-20 02:38:23.096802,1974
2025-05-20 02:38:23.756457,1975
2025-05-20 02:38:24.401908,1976
2025-05-20 02:38:25.053546,1977
2025-05-20 02:38:25.700277,1978
2025-05-20 02:38:26.350630,1979
2025-05-20 02:38:27.008419,1980
2025-05-20 02:38:27.656461,1981
2025-05-20 02:38:28.308281,1982
2025-05-20 02:38:28.957034,1983
2025-05-20 02:38:29.603260,1984
2025-05-20 02:38:30.269946,1985
2025-05-20 02:38:30.927239,1986
2025-05-20 02:38:31.567425,1987
2025-05-20 02:38:32.212492,1988
2025-05-20 02:38:32.863038,1989
2025-05-20 02:38:33.515474,1990
2025-05-20 02:38:34.175961,1991
2025-05-20 02:38:34.820414,1992
2025-05-20 02:38:35.490207,1993
2025-05-20 02:38:36.127454,1994
2025-05-20 02:38:36.776413,1995
2025-05-20 02:38:37.437970,1996
2025-05-20 02:38:38.084686,1997
2025-05-20 02:38:38.745178,1998
2025-05-20 02:38:39.384626,1999
2025-05-20 02:38:40.049309,2000
2025-05-20 02:38:40.688448,2001
2025-05-20 02:38:41.352138,2002
2025-05-20 02:38:41.988694,2003
2025-05-20 02:38:42.648345,2004
2025-05-20 02:38:43.295272,2005
2025-05-20 02:38:43.948394,2006
2025-05-20 02:38:44.598352,2007
2025-05-20 02:38:45.246676,2008
2025-05-20 02:38:45.911193,2009
2025-05-20 02:38:46.560791,2010
2025-05-20 02:38:47.213136,2011
2025-05-20 02:38:47.851911,2012
2025-05-20 02:38:48.517171,2013
2025-05-20 02:38:49.169153,2014
2025-05-20 02:38:49.813498,2015
2025-05-20 02:38:50.467394,2016
2025-05-20 02:38:51.129325,2017
2025-05-20 02:38:51.768455,2018
2025-05-20 02:38:52.426115,2019
2025-05-20 02:38:53.083012,2020
2025-05-20 02:38:53.715654,2021
2025-05-20 02:38:54.372567,2022
2025-05-20 02:38:55.023542,2023
2025-05-20 02:38:55.677336,2024
2025-05-20 02:38:56.332512,2025
2025-05-20 02:38:56.980410,2026
2025-05-20 02:38:57.636249,2027
2025-05-20 02:38:58.297145,2028
2025-05-20 02:38:58.940237,2029
2025-05-20 02:38:59.594167,2030
2025-05-20 02:39:00.235432,2031
2025-05-20 02:39:00.887852,2032
2025-05-20 02:39:01.542307,2033
2025-05-20 02:39:02.187978,2034
2025-05-20 02:39:02.840697,2035
2025-05-20 02:39:03.499861,2036
2025-05-20 02:39:04.157235,2037
2025-05-20 02:39:04.799472,2038
2025-05-20 02:39:05.457238,2039
2025-05-20 02:39:06.096720,2040
2025-05-20 02:39:06.756406,2041
2025-05-20 02:39:07.400474,2042
2025-05-20 02:39:08.055761,2043
2025-05-20 02:39:08.708575,2044
2025-05-20 02:39:09.364907,2045
2025-05-20 02:39:10.015204,2046
2025-05-20 02:39:10.659704,2047
2025-05-20 02:39:11.314394,2048
2025-05-20 02:39:11.968407,2049
2025-05-20 02:39:12.616368,2050
2025-05-20 02:39:13.275389,2051
2025-05-20 02:39:13.926695,2052
2025-05-20 02:39:14.572335,2053
2025-05-20 02:39:15.231406,2054
2025-05-20 02:39:15.872460,2055
2025-05-20 02:39:16.529180,2056
2025-05-20 02:39:17.182418,2057
2025-05-20 02:39:17.828783,2058
2025-05-20 02:39:18.487356,2059
2025-05-20 02:39:19.145689,2060
2025-05-20 02:39:19.785848,2061
2025-05-20 02:39:20.434663,2062
2025-05-20 02:39:21.102354,2063
2025-05-20 02:39:21.744184,2064
2025-05-20 02:39:22.389598,2065
2025-05-20 02:39:23.048482,2066
2025-05-20 02:39:23.696461,2067
2025-05-20 02:39:24.343588,2068
2025-05-20 02:39:25.002380,2069
2025-05-20 02:39:25.650508,2070
2025-05-20 02:39:26.306620,2071
2025-05-20 02:39:26.952779,2072
2025-05-20 02:39:27.617208,2073
2025-05-20 02:39:28.263649,2074
2025-05-20 02:39:28.911763,2075
2025-05-20 02:39:29.560525,2076
2025-05-20 02:39:30.210238,2077
2025-05-20 02:39:30.865339,2078
2025-05-20 02:39:31.513346,2079
2025-05-20 02:39:32.163925,2080
2025-05-20 02:39:32.827382,2081
2025-05-20 02:39:33.476863,2082
2025-05-20 02:39:34.139497,2083
2025-05-20 02:39:34.769867,2084
2025-05-20 02:39:35.432434,2085
2025-05-20 02:39:36.076432,2086
2025-05-20 02:39:36.734462,2087
2025-05-20 02:39:37.378897,2088
2025-05-20 02:39:38.032462,2089
2025-05-20 02:39:38.694283,2090
2025-05-20 02:39:39.351489,2091
2025-05-20 02:39:39.995073,2092
2025-05-20 02:39:40.643560,2093
2025-05-20 02:39:41.292604,2094
2025-05-20 02:39:41.947515,2095
2025-05-20 02:39:42.599696,2096
2025-05-20 02:39:43.251780,2097
2025-05-20 02:39:43.903882,2098
2025-05-20 02:39:44.563467,2099
2025-05-20 02:39:45.203974,2100
2025-05-20 02:39:45.868467,2101
2025-05-20 02:39:46.501755,2102
2025-05-20 02:39:47.160419,2103
2025-05-20 02:39:47.820878,2104
2025-05-20 02:39:48.470278,2105
2025-05-20 02:39:49.126425,2106
2025-05-20 02:39:49.773474,2107
2025-05-20 02:39:50.425897,2108
2025-05-20 02:39:51.073495,2109
2025-05-20 02:39:51.722882,2110
2025-05-20 02:39:52.367852,2111
2025-05-20 02:39:53.036410,2112
2025-05-20 02:39:53.678681,2113
2025-05-20 02:39:54.320380,2114
2025-05-20 02:39:54.972800,2115
2025-05-20 02:39:55.629714,2116
2025-05-20 02:39:56.276740,2117
2025-05-20 02:39:56.935718,2118
2025-05-20 02:39:57.580555,2119
2025-05-20 02:39:58.234758,2120
2025-05-20 02:39:58.892670,2121
2025-05-20 02:39:59.548383,2122
2025-05-20 02:40:00.185064,2123
2025-05-20 02:40:00.839699,2124
2025-05-20 02:40:01.488384,2125
2025-05-20 02:40:02.144359,2126
2025-05-20 02:40:02.807235,2127
2025-05-20 02:40:03.459477,2128
2025-05-20 02:40:04.095962,2129
2025-05-20 02:40:04.755689,2130
2025-05-20 02:40:05.412449,2131
2025-05-20 02:40:06.060192,2132
2025-05-20 02:40:06.710944,2133
2025-05-20 02:40:07.355703,2134
2025-05-20 02:40:08.022503,2135
2025-05-20 02:40:08.665876,2136
2025-05-20 02:40:09.310371,2137
2025-05-20 02:40:09.964501,2138
2025-05-20 02:40:10.616442,2139
2025-05-20 02:40:11.272741,2140
2025-05-20 02:40:11.923433,2141
2025-05-20 02:40:12.566800,2142
2025-05-20 02:40:13.222690,2143
2025-05-20 02:40:13.883561,2144
2025-05-20 02:40:14.528814,2145
2025-05-20 02:40:15.189346,2146
2025-05-20 02:40:15.825824,2147
2025-05-20 02:40:16.483503,2148
2025-05-20 02:40:17.137936,2149
2025-05-20 02:40:17.781462,2150
2025-05-20 02:40:18.435808,2151
2025-05-20 02:40:19.099518,2152
2025-05-20 02:40:19.732729,2153
2025-05-20 02:40:20.405471,2154
2025-05-20 02:40:21.037932,2155
2025-05-20 02:40:21.700111,2156
2025-05-20 02:40:22.357716,2157
2025-05-20 02:40:23.002622,2158
2025-05-20 02:40:23.652939,2159
2025-05-20 02:40:24.305929,2160
2025-05-20 02:40:24.958068,2161
2025-05-20 02:40:25.607055,2162
2025-05-20 02:40:26.260752,2163
2025-05-20 02:40:26.914769,2164
2025-05-20 02:40:27.564894,2165
2025-05-20 02:40:28.217885,2166
2025-05-20 02:40:28.868962,2167
2025-05-20 02:40:29.521782,2168
2025-05-20 02:40:30.177196,2169
2025-05-20 02:40:30.833672,2170
2025-05-20 02:40:31.480669,2171
2025-05-20 02:40:32.130143,2172
2025-05-20 02:40:32.785611,2173
2025-05-20 02:40:33.424805,2174
2025-05-20 02:40:34.081238,2175
2025-05-20 02:40:34.731799,2176
2025-05-20 02:40:35.383115,2177
2025-05-20 02:40:36.035070,2178
2025-05-20 02:40:36.688800,2179
2025-05-20 02:40:37.335992,2180
2025-05-20 02:40:37.998643,2181
2025-05-20 02:40:38.641068,2182
2025-05-20 02:40:39.300518,2183
2025-05-20 02:40:39.951088,2184
2025-05-20 02:40:40.606521,2185
2025-05-20 02:40:41.251694,2186
2025-05-20 02:40:41.900950,2187
2025-05-20 02:40:42.558771,2188
2025-05-20 02:40:43.200814,2189
2025-05-20 02:40:43.860487,2190
2025-05-20 02:40:44.521572,2191
2025-05-20 02:40:45.163849,2192
2025-05-20 02:40:45.824705,2193
2025-05-20 02:40:46.468848,2194
2025-05-20 02:40:47.125661,2195
2025-05-20 02:40:47.769606,2196
2025-05-20 02:40:48.416743,2197
2025-05-20 02:40:49.069220,2198
2025-05-20 02:40:49.718955,2199
2025-05-20 02:40:50.376056,2200
2025-05-20 02:40:51.027587,2201
2025-05-20 02:40:51.689698,2202
2025-05-20 02:40:52.323904,2203
2025-05-20 02:40:52.976948,2204
2025-05-20 02:40:53.631978,2205
2025-05-20 02:40:54.287806,2206
2025-05-20 02:40:54.931015,2207
2025-05-20 02:40:55.591654,2208
2025-05-20 02:40:56.246119,2209
2025-05-20 02:40:56.888964,2210
2025-05-20 02:40:57.540536,2211
2025-05-20 02:40:58.194075,2212
2025-05-20 02:40:58.851768,2213
2025-05-20 02:40:59.506778,2214
2025-05-20 02:41:00.160812,2215
2025-05-20 02:41:00.806865,2216
2025-05-20 02:41:01.451842,2217
2025-05-20 02:41:02.107325,2218
2025-05-20 02:41:02.755047,2219
2025-05-20 02:41:03.404002,2220
2025-05-20 02:41:04.062139,2221
2025-05-20 02:41:04.706440,2222
2025-05-20 02:41:05.365969,2223
2025-05-20 02:41:06.025641,2224
2025-05-20 02:41:06.661716,2225
2025-05-20 02:41:07.315943,2226
2025-05-20 02:41:07.963865,2227
2025-05-20 02:41:08.615708,2228
2025-05-20 02:41:09.278912,2229
2025-05-20 02:41:09.933616,2230
2025-05-20 02:41:10.581646,2231
2025-05-20 02:41:11.230908,2232
2025-05-20 02:41:11.883780,2233
2025-05-20 02:41:12.538690,2234
2025-05-20 02:41:13.178993,2235
2025-05-20 02:41:13.839937,2236
2025-05-20 02:41:14.499714,2237
2025-05-20 02:41:15.142019,2238
2025-05-20 02:41:15.790136,2239
2025-05-20 02:41:16.436037,2240
2025-05-20 02:41:17.096282,2241
2025-05-20 02:41:17.744267,2242
2025-05-20 02:41:18.406851,2243
2025-05-20 02:41:19.052037,2244
2025-05-20 02:41:19.694387,2245
2025-05-20 02:41:20.353000,2246
2025-05-20 02:41:21.015765,2247
2025-05-20 02:41:21.659775,2248
2025-05-20 02:41:22.307030,2249
2025-05-20 02:41:22.951901,2250
2025-05-20 02:41:23.611337,2251
2025-05-20 02:41:24.262913,2252
2025-05-20 02:41:24.922761,2253
2025-05-20 02:41:25.567889,2254
2025-05-20 02:41:26.215114,2255
2025-05-20 02:41:26.867738,2256
2025-05-20 02:41:27.533703,2257
2025-05-20 02:41:28.167736,2258
2025-05-20 02:41:28.829475,2259
2025-05-20 02:41:29.474918,2260
2025-05-20 02:41:30.124271,2261
2025-05-20 02:41:30.775794,2262
2025-05-20 02:41:31.429835,2263
2025-05-20 02:41:32.086825,2264
2025-05-20 02:41:32.746874,2265
2025-05-20 02:41:33.383820,2266
2025-05-20 02:41:34.050750,2267
2025-05-20 02:41:34.679885,2268
2025-05-20 02:41:35.336332,2269
2025-05-20 02:41:35.999817,2270
2025-05-20 02:41:36.638812,2271
2025-05-20 02:41:37.294948,2272
2025-05-20 02:41:37.949811,2273
2025-05-20 02:41:38.596463,2274
2025-05-20 02:41:39.254956,2275
2025-05-20 02:41:39.900382,2276
2025-05-20 02:41:40.547023,2277
2025-05-20 02:41:41.203746,2278
2025-05-20 02:41:41.859922,2279
2025-05-20 02:41:42.502992,2280
2025-05-20 02:41:43.157919,2281
2025-05-20 02:41:43.806977,2282
2025-05-20 02:41:44.462104,2283
2025-05-20 02:41:45.117210,2284
2025-05-20 02:41:45.766068,2285
2025-05-20 02:41:46.431964,2286
2025-05-20 02:41:47.067118,2287
2025-05-20 02:41:47.716388,2288
2025-05-20 02:41:48.386851,2289
2025-05-20 02:41:49.027798,2290
2025-05-20 02:41:49.671283,2291
2025-05-20 02:41:50.332025,2292
2025-05-20 02:41:50.982243,2293
2025-05-20 02:41:51.636678,2294
2025-05-20 02:41:52.285903,2295
2025-05-20 02:41:52.935796,2296
2025-05-20 02:41:53.582880,2297
2025-05-20 02:41:54.238775,2298
2025-05-20 02:41:54.889088,2299
2025-05-20 02:41:55.539969,2300
2025-05-20 02:41:56.189978,2301
2025-05-20 02:41:56.851277,2302
2025-05-20 02:41:57.499995,2303
2025-05-20 02:41:58.151281,2304
2025-05-20 02:41:58.802909,2305
2025-05-20 02:41:59.451371,2306
2025-05-20 02:42:00.104282,2307
2025-05-20 02:42:00.757899,2308
2025-05-20 02:42:01.413622,2309
2025-05-20 02:42:02.055849,2310
2025-05-20 02:42:02.721809,2311
2025-05-20 02:42:03.354430,2312
2025-05-20 02:42:04.010508,2313
2025-05-20 02:42:04.656421,2314
2025-05-20 02:42:05.315999,2315
2025-05-20 02:42:05.967838,2316
2025-05-20 02:42:06.625001,2317
2025-05-20 02:42:07.274365,2318
2025-05-20 02:42:07.923845,2319
2025-05-20 02:42:08.583996,2320
2025-05-20 02:42:09.228913,2321
2025-05-20 02:42:09.880300,2322
2025-05-20 02:42:10.527396,2323
2025-05-20 02:42:11.177179,2324
2025-05-20 02:42:11.826048,2325
2025-05-20 02:42:12.478094,2326
2025-05-20 02:42:13.132617,2327
2025-05-20 02:42:13.787788,2328
2025-05-20 02:42:14.438115,2329
2025-05-20 02:42:15.084575,2330
2025-05-20 02:42:15.739032,2331
2025-05-20 02:42:16.387122,2332
2025-05-20 02:42:17.049623,2333
2025-05-20 02:42:17.692437,2334
2025-05-20 02:42:18.361460,2335
2025-05-20 02:42:19.009902,2336
2025-05-20 02:42:19.645265,2337
2025-05-20 02:42:20.299310,2338
2025-05-20 02:42:20.951848,2339
2025-05-20 02:42:21.596856,2340
2025-05-20 02:42:22.259920,2341
2025-05-20 02:42:22.908255,2342
2025-05-20 02:42:23.553464,2343
2025-05-20 02:42:24.215207,2344
2025-05-20 02:42:24.872946,2345
2025-05-20 02:42:25.510952,2346
2025-05-20 02:42:26.172485,2347
2025-05-20 02:42:26.824726,2348
2025-05-20 02:42:27.479099,2349
2025-05-20 02:42:28.124456,2350
2025-05-20 02:42:28.774921,2351
2025-05-20 02:42:29.424526,2352
2025-05-20 02:42:30.072266,2353
2025-05-20 02:42:30.725232,2354
2025-05-20 02:42:31.385987,2355
2025-05-20 02:42:32.027210,2356
2025-05-20 02:42:32.681244,2357
2025-05-20 02:42:33.341967,2358
2025-05-20 02:42:33.991139,2359
2025-05-20 02:42:34.639063,2360
2025-05-20 02:42:35.303021,2361
2025-05-20 02:42:35.940339,2362
2025-05-20 02:42:36.607561,2363
2025-05-20 02:42:37.257067,2364
2025-05-20 02:42:37.891898,2365
2025-05-20 02:42:38.552327,2366
2025-05-20 02:42:39.203148,2367
2025-05-20 02:42:39.855231,2368
2025-05-20 02:42:40.505583,2369
2025-05-20 02:42:41.160626,2370
2025-05-20 02:42:41.807561,2371
2025-05-20 02:42:42.471161,2372
2025-05-20 02:42:43.107473,2373
2025-05-20 02:42:43.764256,2374
2025-05-20 02:42:44.423055,2375
2025-05-20 02:42:45.063468,2376
2025-05-20 02:42:45.719815,2377
2025-05-20 02:42:46.364548,2378
2025-05-20 02:42:47.013273,2379
2025-05-20 02:42:47.667283,2380
2025-05-20 02:42:48.324543,2381
2025-05-20 02:42:48.968483,2382
2025-05-20 02:42:49.628406,2383
2025-05-20 02:42:50.272429,2384
2025-05-20 02:42:50.941101,2385
2025-05-20 02:42:51.572911,2386
2025-05-20 02:42:52.231702,2387
2025-05-20 02:42:52.884383,2388
2025-05-20 02:42:53.536410,2389
2025-05-20 02:42:54.198100,2390
2025-05-20 02:42:54.835338,2391
2025-05-20 02:42:55.491473,2392
2025-05-20 02:42:56.144657,2393
2025-05-20 02:42:56.787159,2394
2025-05-20 02:42:57.445119,2395
2025-05-20 02:42:58.098651,2396
2025-05-20 02:42:58.753339,2397
2025-05-20 02:42:59.401320,2398
2025-05-20 02:43:00.058539,2399
2025-05-20 02:43:00.708532,2400
2025-05-20 02:43:01.367221,2401
2025-05-20 02:43:02.006928,2402
2025-05-20 02:43:02.662391,2403
2025-05-20 02:43:03.305129,2404
2025-05-20 02:43:03.976467,2405
2025-05-20 02:43:04.621158,2406
2025-05-20 02:43:05.260287,2407
2025-05-20 02:43:05.920552,2408
2025-05-20 02:43:06.579370,2409
2025-05-20 02:43:07.218673,2410
2025-05-20 02:43:07.887510,2411
2025-05-20 02:43:08.525118,2412
2025-05-20 02:43:09.185255,2413
2025-05-20 02:43:09.823450,2414
2025-05-20 02:43:10.489145,2415
2025-05-20 02:43:11.130346,2416
2025-05-20 02:43:11.787123,2417
2025-05-20 02:43:12.435405,2418
2025-05-20 02:43:13.094614,2419
2025-05-20 02:43:13.739468,2420
2025-05-20 02:43:14.389298,2421
2025-05-20 02:43:15.047308,2422
2025-05-20 02:43:15.698170,2423
2025-05-20 02:43:16.355348,2424
2025-05-20 02:43:16.990511,2425
2025-05-20 02:43:17.643650,2426
2025-05-20 02:43:18.310052,2427
2025-05-20 02:43:18.944343,2428
2025-05-20 02:43:19.606346,2429
2025-05-20 02:43:20.255758,2430
2025-05-20 02:43:20.904922,2431
2025-05-20 02:43:21.557976,2432
2025-05-20 02:43:22.218246,2433
2025-05-20 02:43:22.863786,2434
2025-05-20 02:43:23.512392,2435
2025-05-20 02:43:24.170210,2436
2025-05-20 02:43:24.812536,2437
2025-05-20 02:43:25.471266,2438
2025-05-20 02:43:26.117573,2439
2025-05-20 02:43:26.764521,2440
2025-05-20 02:43:27.423300,2441
2025-05-20 02:43:28.077857,2442
2025-05-20 02:43:28.724298,2443
2025-05-20 02:43:29.371197,2444
2025-05-20 02:43:30.021527,2445
2025-05-20 02:43:30.674639,2446
2025-05-20 02:43:31.335443,2447
2025-05-20 02:43:31.976721,2448
2025-05-20 02:43:32.628317,2449
2025-05-20 02:43:33.286291,2450
2025-05-20 02:43:33.939485,2451
2025-05-20 02:43:34.600280,2452
2025-05-20 02:43:35.239868,2453
2025-05-20 02:43:35.886095,2454
2025-05-20 02:43:36.546150,2455
2025-05-20 02:43:37.203365,2456
2025-05-20 02:43:37.851410,2457
2025-05-20 02:43:38.510212,2458
2025-05-20 02:43:39.148512,2459
2025-05-20 02:43:39.800969,2460
2025-05-20 02:43:40.449395,2461
2025-05-20 02:43:41.109153,2462
2025-05-20 02:43:41.751872,2463
2025-05-20 02:43:42.404424,2464
2025-05-20 02:43:43.068190,2465
2025-05-20 02:43:43.716570,2466
2025-05-20 02:43:44.378390,2467
2025-05-20 02:43:45.015844,2468
2025-05-20 02:43:45.666536,2469
2025-05-20 02:43:46.312790,2470
2025-05-20 02:43:46.963730,2471
2025-05-20 02:43:47.618017,2472
2025-05-20 02:43:48.279388,2473
2025-05-20 02:43:48.924769,2474
2025-05-20 02:43:49.584327,2475
2025-05-20 02:43:50.226009,2476
2025-05-20 02:43:50.883455,2477
2025-05-20 02:43:51.534310,2478
2025-05-20 02:43:52.180687,2479
2025-05-20 02:43:52.835693,2480
2025-05-20 02:43:53.480446,2481
2025-05-20 02:43:54.141017,2482
2025-05-20 02:43:54.795103,2483
2025-05-20 02:43:55.451697,2484
2025-05-20 02:43:56.095135,2485
2025-05-20 02:43:56.757755,2486
2025-05-20 02:43:57.404483,2487
2025-05-20 02:43:58.043899,2488
2025-05-20 02:43:58.709999,2489
2025-05-20 02:43:59.361573,2490
2025-05-20 02:44:00.012177,2491
2025-05-20 02:44:00.667467,2492
2025-05-20 02:44:01.322371,2493
2025-05-20 02:44:01.968388,2494
2025-05-20 02:44:02.615259,2495
2025-05-20 02:44:03.268448,2496
2025-05-20 02:44:03.916740,2497
2025-05-20 02:44:04.564347,2498
2025-05-20 02:44:05.224458,2499
2025-05-20 02:44:05.870454,2500
2025-05-20 02:44:06.523842,2501
2025-05-20 02:44:07.185965,2502
2025-05-20 02:44:07.832403,2503
2025-05-20 02:44:08.480961,2504
2025-05-20 02:44:09.125725,2505
2025-05-20 02:44:09.781293,2506
2025-05-20 02:44:10.435025,2507
2025-05-20 02:44:11.079850,2508
2025-05-20 02:44:11.744493,2509
2025-05-20 02:44:12.388591,2510
2025-05-20 02:44:13.035516,2511
2025-05-20 02:44:13.701939,2512
2025-05-20 02:44:14.339787,2513
2025-05-20 02:44:14.994544,2514
2025-05-20 02:44:15.647810,2515
2025-05-20 02:44:16.313511,2516
2025-05-20 02:44:16.953854,2517
2025-05-20 02:44:17.597801,2518
2025-05-20 02:44:18.267639,2519
2025-05-20 02:44:18.905996,2520
2025-05-20 02:44:19.556200,2521
2025-05-20 02:44:20.206052,2522
2025-05-20 02:44:20.855579,2523
2025-05-20 02:44:21.506866,2524
2025-05-20 02:44:22.163024,2525
2025-05-20 02:44:22.817740,2526
2025-05-20 02:44:23.462373,2527
2025-05-20 02:44:24.131662,2528
2025-05-20 02:44:24.764396,2529
2025-05-20 02:44:25.435733,2530
2025-05-20 02:44:26.076892,2531
2025-05-20 02:44:26.725799,2532
2025-05-20 02:44:27.372528,2533
2025-05-20 02:44:28.020351,2534
2025-05-20 02:44:28.680522,2535
2025-05-20 02:44:29.344559,2536
2025-05-20 02:44:29.979553,2537
2025-05-20 02:44:30.648530,2538
2025-05-20 02:44:31.289771,2539
2025-05-20 02:44:31.939246,2540
2025-05-20 02:44:32.587775,2541
2025-05-20 02:44:33.234419,2542
2025-05-20 02:44:33.903606,2543
2025-05-20 02:44:34.553522,2544
2025-05-20 02:44:35.202524,2545
2025-05-20 02:44:35.854491,2546
2025-05-20 02:44:36.492772,2547
2025-05-20 02:44:37.157966,2548
2025-05-20 02:44:37.796006,2549
2025-05-20 02:44:38.466619,2550
2025-05-20 02:44:39.102499,2551
2025-05-20 02:44:39.751421,2552
2025-05-20 02:44:40.422537,2553
2025-05-20 02:44:41.061982,2554
2025-05-20 02:44:41.707826,2555
2025-05-20 02:44:42.376608,2556
2025-05-20 02:44:43.027692,2557
2025-05-20 02:44:43.667806,2558
2025-05-20 02:44:44.328564,2559
2025-05-20 02:44:44.965891,2560
2025-05-20 02:44:45.626512,2561
2025-05-20 02:44:46.276935,2562
2025-05-20 02:44:46.922802,2563
2025-05-20 02:44:47.579534,2564
2025-05-20 02:44:48.221119,2565
2025-05-20 02:44:48.873068,2566
2025-05-20 02:44:49.527673,2567
2025-05-20 02:44:50.196721,2568
2025-05-20 02:44:50.836899,2569
2025-05-20 02:44:51.489488,2570
2025-05-20 02:44:52.133858,2571
2025-05-20 02:44:52.790062,2572
2025-05-20 02:44:53.436933,2573
2025-05-20 02:44:54.106727,2574
2025-05-20 02:44:54.739646,2575
2025-05-20 02:44:55.395826,2576
2025-05-20 02:44:56.042052,2577
2025-05-20 02:44:56.702640,2578
2025-05-20 02:44:57.353051,2579
2025-05-20 02:44:57.997596,2580
2025-05-20 02:44:58.651935,2581
2025-05-20 02:44:59.307791,2582
2025-05-20 02:44:59.970664,2583
2025-05-20 02:45:00.622693,2584
2025-05-20 02:45:01.256691,2585
2025-05-20 02:45:01.912938,2586
2025-05-20 02:45:02.560808,2587
2025-05-20 02:45:03.211666,2588
2025-05-20 02:45:03.863126,2589
2025-05-20 02:45:04.519840,2590
2025-05-20 02:45:05.171646,2591
2025-05-20 02:45:05.821745,2592
2025-05-20 02:45:06.477752,2593
2025-05-20 02:45:07.131190,2594
2025-05-20 02:45:07.782686,2595
2025-05-20 02:45:08.430792,2596
2025-05-20 02:45:09.075234,2597
2025-05-20 02:45:09.726441,2598
2025-05-20 02:45:10.390617,2599
2025-05-20 02:45:11.042031,2600
2025-05-20 02:45:11.695641,2601
2025-05-20 02:45:12.335893,2602
2025-05-20 02:45:12.992753,2603
2025-05-20 02:45:13.652774,2604
2025-05-20 02:45:14.305779,2605
2025-05-20 02:45:14.947864,2606
2025-05-20 02:45:15.606894,2607
2025-05-20 02:45:16.243312,2608
2025-05-20 02:45:16.911644,2609
2025-05-20 02:45:17.553911,2610
2025-05-20 02:45:18.202353,2611
2025-05-20 02:45:18.847933,2612
2025-05-20 02:45:19.501178,2613
2025-05-20 02:45:20.155017,2614
2025-05-20 02:45:20.801501,2615
2025-05-20 02:45:21.473571,2616
2025-05-20 02:45:22.108337,2617
2025-05-20 02:45:22.756025,2618
2025-05-20 02:45:23.411898,2619
2025-05-20 02:45:24.068877,2620
2025-05-20 02:45:24.713803,2621
2025-05-20 02:45:25.378863,2622
2025-05-20 02:45:26.020261,2623
2025-05-20 02:45:26.685789,2624
2025-05-20 02:45:27.325772,2625
2025-05-20 02:45:27.981755,2626
2025-05-20 02:45:28.631753,2627
2025-05-20 02:45:29.287732,2628
2025-05-20 02:45:29.935782,2629
2025-05-20 02:45:30.594771,2630
2025-05-20 02:45:31.240885,2631
2025-05-20 02:45:31.881927,2632
2025-05-20 02:45:32.546198,2633
2025-05-20 02:45:33.189159,2634
2025-05-20 02:45:33.842884,2635
2025-05-20 02:45:34.494147,2636
2025-05-20 02:45:35.153803,2637
2025-05-20 02:45:35.787035,2638
2025-05-20 02:45:36.440093,2639
2025-05-20 02:45:37.094151,2640
2025-05-20 02:45:37.745700,2641
2025-05-20 02:45:38.396877,2642
2025-05-20 02:45:39.056053,2643
2025-05-20 02:45:39.705713,2644
2025-05-20 02:45:40.356302,2645
2025-05-20 02:45:41.004183,2646
2025-05-20 02:45:41.661412,2647
2025-05-20 02:45:42.317840,2648
2025-05-20 02:45:42.964772,2649
2025-05-20 02:45:43.517481,2650
2025-05-20 02:45:44.174789,2651
2025-05-20 02:45:44.824899,2652
2025-05-20 02:45:45.474880,2653
2025-05-20 02:45:46.123968,2654
2025-05-20 02:45:46.770924,2655
2025-05-20 02:45:47.424229,2656
2025-05-20 02:45:48.076212,2657
2025-05-20 02:45:48.723810,2658
2025-05-20 02:45:49.376092,2659
2025-05-20 02:45:50.026865,2660
2025-05-20 02:45:50.673215,2661
2025-05-20 02:45:51.338968,2662
2025-05-20 02:45:51.984351,2663
2025-05-20 02:45:52.636079,2664
2025-05-20 02:45:53.287178,2665
2025-05-20 02:45:53.930145,2666
2025-05-20 02:45:54.586020,2667
2025-05-20 02:45:55.235196,2668
2025-05-20 02:45:55.888751,2669
2025-05-20 02:45:56.537919,2670
2025-05-20 02:45:57.208888,2671
2025-05-20 02:45:57.852886,2672
2025-05-20 02:45:58.496294,2673
2025-05-20 02:45:59.146019,2674
2025-05-20 02:45:59.798843,2675
2025-05-20 02:46:00.450319,2676
2025-05-20 02:46:01.106958,2677
2025-05-20 02:46:01.767968,2678
2025-05-20 02:46:02.403363,2679
2025-05-20 02:46:03.058415,2680
2025-05-20 02:46:03.711940,2681
2025-05-20 02:46:04.353977,2682
2025-05-20 02:46:05.025686,2683
2025-05-20 02:46:05.659390,2684
2025-05-20 02:46:06.319020,2685
2025-05-20 02:46:06.962810,2686
2025-05-20 02:46:07.618039,2687
2025-05-20 02:46:08.267214,2688
2025-05-20 02:46:08.913957,2689
2025-05-20 02:46:09.573872,2690
2025-05-20 02:46:10.227972,2691
2025-05-20 02:46:10.876462,2692
2025-05-20 02:46:11.530925,2693
2025-05-20 02:46:12.177087,2694
2025-05-20 02:46:12.842890,2695
2025-05-20 02:46:13.484452,2696
2025-05-20 02:46:14.128502,2697
2025-05-20 02:46:14.777303,2698
2025-05-20 02:46:15.446889,2699
2025-05-20 02:46:16.083092,2700
2025-05-20 02:46:16.740109,2701
2025-05-20 02:46:17.398933,2702
2025-05-20 02:46:18.044479,2703
2025-05-20 02:46:18.698895,2704
2025-05-20 02:46:19.347101,2705
2025-05-20 02:46:19.996493,2706
2025-05-20 02:46:20.648415,2707
2025-05-20 02:46:21.298033,2708
2025-05-20 02:46:21.943839,2709
2025-05-20 02:46:22.604376,2710
2025-05-20 02:46:23.249855,2711
2025-05-20 02:46:23.911382,2712
2025-05-20 02:46:24.554827,2713
2025-05-20 02:46:25.202109,2714
2025-05-20 02:46:25.863079,2715
2025-05-20 02:46:26.515117,2716
2025-05-20 02:46:27.159260,2717
2025-05-20 02:46:27.815828,2718
2025-05-20 02:46:28.463182,2719
2025-05-20 02:46:29.128090,2720
2025-05-20 02:46:29.761047,2721
2025-05-20 02:46:30.415855,2722
2025-05-20 02:46:31.065511,2723
2025-05-20 02:46:31.736951,2724
2025-05-20 02:46:32.381874,2725
2025-05-20 02:46:33.020501,2726
2025-05-20 02:46:33.676474,2727
2025-05-20 02:46:34.333916,2728
2025-05-20 02:46:34.982143,2729
2025-05-20 02:46:35.632264,2730
2025-05-20 02:46:36.281243,2731
2025-05-20 02:46:36.928427,2732
2025-05-20 02:46:37.581914,2733
2025-05-20 02:46:38.232083,2734
2025-05-20 02:46:38.885710,2735
2025-05-20 02:46:39.545840,2736
2025-05-20 02:46:40.190278,2737
2025-05-20 02:46:40.849689,2738
2025-05-20 02:46:41.497565,2739
2025-05-20 02:46:42.161092,2740
2025-05-20 02:46:42.801426,2741
2025-05-20 02:46:43.449427,2742
2025-05-20 02:46:44.094231,2743
2025-05-20 02:46:44.743963,2744
2025-05-20 02:46:45.414139,2745
2025-05-20 02:46:46.067824,2746
2025-05-20 02:46:46.707786,2747
2025-05-20 02:46:47.352491,2748
2025-05-20 02:46:48.012376,2749
2025-05-20 02:46:48.659252,2750
2025-05-20 02:46:49.325050,2751
2025-05-20 02:46:49.974219,2752
2025-05-20 02:46:50.612476,2753
2025-05-20 02:46:51.272323,2754
2025-05-20 02:46:51.916432,2755
2025-05-20 02:46:52.576088,2756
2025-05-20 02:46:53.229113,2757
2025-05-20 02:46:53.876276,2758
2025-05-20 02:46:54.528284,2759
2025-05-20 02:46:55.186200,2760
2025-05-20 02:46:55.825910,2761
2025-05-20 02:46:56.476411,2762
2025-05-20 02:46:57.124527,2763
2025-05-20 02:46:57.779924,2764
2025-05-20 02:46:58.427479,2765
2025-05-20 02:46:59.079414,2766
2025-05-20 02:46:59.736500,2767
2025-05-20 02:47:00.392080,2768
2025-05-20 02:47:01.040527,2769
2025-05-20 02:47:01.697103,2770
2025-05-20 02:47:02.344436,2771
2025-05-20 02:47:02.993071,2772
2025-05-20 02:47:03.643709,2773
2025-05-20 02:47:04.301566,2774
2025-05-20 02:47:04.950394,2775
2025-05-20 02:47:05.603177,2776
2025-05-20 02:47:06.260122,2777
2025-05-20 02:47:06.908157,2778
2025-05-20 02:47:07.550338,2779
2025-05-20 02:47:08.204481,2780
2025-05-20 02:47:08.862711,2781
2025-05-20 02:47:09.508685,2782
2025-05-20 02:47:10.168024,2783
2025-05-20 02:47:10.803860,2784
2025-05-20 02:47:11.463124,2785
2025-05-20 02:47:12.108612,2786
2025-05-20 02:47:12.768622,2787
2025-05-20 02:47:13.426174,2788
2025-05-20 02:47:14.072599,2789
2025-05-20 02:47:14.720961,2790
2025-05-20 02:47:15.375078,2791
2025-05-20 02:47:16.019287,2792
2025-05-20 02:47:16.677217,2793
2025-05-20 02:47:17.330166,2794
2025-05-20 02:47:17.985100,2795
2025-05-20 02:47:18.632326,2796
2025-05-20 02:47:19.287156,2797
2025-05-20 02:47:19.941896,2798
2025-05-20 02:47:20.590667,2799
2025-05-20 02:47:21.227547,2800
2025-05-20 02:47:21.892197,2801
2025-05-20 02:47:22.532219,2802
2025-05-20 02:47:23.188663,2803
2025-05-20 02:47:23.840167,2804
2025-05-20 02:47:24.504155,2805
2025-05-20 02:47:25.147205,2806
2025-05-20 02:47:25.799195,2807
2025-05-20 02:47:26.459342,2808
2025-05-20 02:47:27.096586,2809
2025-05-20 02:47:27.742791,2810
2025-05-20 02:47:28.394709,2811
2025-05-20 02:47:29.046268,2812
2025-05-20 02:47:29.698370,2813
2025-05-20 02:47:30.347482,2814
2025-05-20 02:47:31.004960,2815
2025-05-20 02:47:31.650320,2816
2025-05-20 02:47:32.304772,2817
2025-05-20 02:47:32.964519,2818
2025-05-20 02:47:33.617456,2819
2025-05-20 02:47:34.268771,2820
2025-05-20 02:47:34.931301,2821
2025-05-20 02:47:35.579995,2822
2025-05-20 02:47:36.228465,2823
2025-05-20 02:47:36.885195,2824
2025-05-20 02:47:37.533345,2825
2025-05-20 02:47:38.193355,2826
2025-05-20 02:47:38.825408,2827
2025-05-20 02:47:39.492497,2828
2025-05-20 02:47:40.147436,2829
2025-05-20 02:47:40.787572,2830
2025-05-20 02:47:41.442301,2831
2025-05-20 02:47:42.091489,2832
2025-05-20 02:47:42.741350,2833
2025-05-20 02:47:43.392047,2834
2025-05-20 02:47:44.046177,2835
2025-05-20 02:47:44.692921,2836
2025-05-20 02:47:45.343813,2837
2025-05-20 02:47:46.000193,2838
2025-05-20 02:47:46.646416,2839
2025-05-20 02:47:47.302215,2840
2025-05-20 02:47:47.953473,2841
2025-05-20 02:47:48.613615,2842
2025-05-20 02:47:49.260119,2843
2025-05-20 02:47:49.900011,2844
2025-05-20 02:47:50.548629,2845
2025-05-20 02:47:51.213697,2846
2025-05-20 02:47:51.859749,2847
2025-05-20 02:47:52.513408,2848
2025-05-20 02:47:53.159283,2849
2025-05-20 02:47:53.816591,2850
2025-05-20 02:47:54.475428,2851
2025-05-20 02:47:55.127432,2852
2025-05-20 02:47:55.768540,2853
2025-05-20 02:47:56.430293,2854
2025-05-20 02:47:57.065068,2855
2025-05-20 02:47:57.720557,2856
2025-05-20 02:47:58.386336,2857
2025-05-20 02:47:59.020811,2858
2025-05-20 02:47:59.680255,2859
2025-05-20 02:48:00.334818,2860
2025-05-20 02:48:00.982067,2861
2025-05-20 02:48:01.631077,2862
2025-05-20 02:48:02.291389,2863
2025-05-20 02:48:02.945272,2864
2025-05-20 02:48:03.598391,2865
2025-05-20 02:48:04.235727,2866
2025-05-20 02:48:04.878273,2867
2025-05-20 02:48:05.531663,2868
2025-05-20 02:48:06.191603,2869
2025-05-20 02:48:06.843847,2870
2025-05-20 02:48:07.491673,2871
2025-05-20 02:48:08.147612,2872
2025-05-20 02:48:08.793647,2873
2025-05-20 02:48:09.455560,2874
2025-05-20 02:48:10.109131,2875
2025-05-20 02:48:10.759647,2876
2025-05-20 02:48:11.404884,2877
2025-05-20 02:48:12.048488,2878
2025-05-20 02:48:12.704548,2879
2025-05-20 02:48:13.367588,2880
2025-05-20 02:48:14.004781,2881
2025-05-20 02:48:14.659321,2882
2025-05-20 02:48:15.307235,2883
2025-05-20 02:48:15.963532,2884
2025-05-20 02:48:16.608255,2885
2025-05-20 02:48:17.260882,2886
2025-05-20 02:48:17.919655,2887
2025-05-20 02:48:18.570477,2888
2025-05-20 02:48:19.232923,2889
2025-05-20 02:48:19.871631,2890
2025-05-20 02:48:20.519660,2891
2025-05-20 02:48:21.168960,2892
2025-05-20 02:48:21.820805,2893
2025-05-20 02:48:22.487563,2894
2025-05-20 02:48:23.126822,2895
2025-05-20 02:48:23.792176,2896
2025-05-20 02:48:24.426727,2897
2025-05-20 02:48:25.093131,2898
2025-05-20 02:48:25.728393,2899
2025-05-20 02:48:26.387028,2900
2025-05-20 02:48:27.035967,2901
2025-05-20 02:48:27.682747,2902
2025-05-20 02:48:28.338920,2903
2025-05-20 02:48:28.991411,2904
2025-05-20 02:48:29.636222,2905
2025-05-20 02:48:30.288680,2906
2025-05-20 02:48:30.951600,2907
2025-05-20 02:48:31.594570,2908
2025-05-20 02:48:32.245440,2909
2025-05-20 02:48:32.894803,2910
2025-05-20 02:48:33.559593,2911
2025-05-20 02:48:34.199065,2912
2025-05-20 02:48:34.847495,2913
2025-05-20 02:48:35.505747,2914
2025-05-20 02:48:36.153550,2915
2025-05-20 02:48:36.815537,2916
2025-05-20 02:48:37.453775,2917
2025-05-20 02:48:38.106119,2918
2025-05-20 02:48:38.769471,2919
2025-05-20 02:48:39.422525,2920
2025-05-20 02:48:40.060035,2921
2025-05-20 02:48:40.728645,2922
2025-05-20 02:48:41.376595,2923
2025-05-20 02:48:42.019038,2924
2025-05-20 02:48:42.664444,2925
2025-05-20 02:48:43.320532,2926
2025-05-20 02:48:43.972810,2927
2025-05-20 02:48:44.627957,2928
2025-05-20 02:48:45.269815,2929
2025-05-20 02:48:45.923675,2930
2025-05-20 02:48:46.575120,2931
2025-05-20 02:48:47.223158,2932
2025-05-20 02:48:47.876078,2933
2025-05-20 02:48:48.533058,2934
2025-05-20 02:48:49.177823,2935
2025-05-20 02:48:49.835127,2936
2025-05-20 02:48:50.481124,2937
2025-05-20 02:48:51.139037,2938
2025-05-20 02:48:51.787873,2939
2025-05-20 02:48:52.442854,2940
2025-05-20 02:48:53.096081,2941
2025-05-20 02:48:53.752649,2942
2025-05-20 02:48:54.404962,2943
2025-05-20 02:48:55.044882,2944
2025-05-20 02:48:55.709451,2945
2025-05-20 02:48:56.352958,2946
2025-05-20 02:48:57.005203,2947
2025-05-20 02:48:57.653219,2948
2025-05-20 02:48:58.297289,2949
2025-05-20 02:48:58.963768,2950
2025-05-20 02:48:59.600125,2951
2025-05-20 02:49:00.268591,2952
2025-05-20 02:49:00.921966,2953
2025-05-20 02:49:01.558985,2954
2025-05-20 02:49:02.225572,2955
2025-05-20 02:49:02.867898,2956
2025-05-20 02:49:03.518050,2957
2025-05-20 02:49:04.165609,2958
2025-05-20 02:49:04.812844,2959
2025-05-20 02:49:05.467869,2960
2025-05-20 02:49:06.129668,2961
2025-05-20 02:49:06.766881,2962
2025-05-20 02:49:07.418837,2963
2025-05-20 02:49:08.069610,2964
2025-05-20 02:49:08.722003,2965
2025-05-20 02:49:09.380771,2966
2025-05-20 02:49:10.021734,2967
2025-05-20 02:49:10.682928,2968
2025-05-20 02:49:11.325495,2969
2025-05-20 02:49:11.977917,2970
2025-05-20 02:49:12.637803,2971
2025-05-20 02:49:13.280900,2972
2025-05-20 02:49:13.944748,2973
2025-05-20 02:49:14.581721,2974
2025-05-20 02:49:15.243784,2975
2025-05-20 02:49:15.899774,2976
2025-05-20 02:49:16.540157,2977
2025-05-20 02:49:17.187745,2978
2025-05-20 02:49:17.847065,2979
2025-05-20 02:49:18.498292,2980
2025-05-20 02:49:19.151940,2981
2025-05-20 02:49:19.796073,2982
2025-05-20 02:49:20.465728,2983
2025-05-20 02:49:21.100528,2984
2025-05-20 02:49:21.758174,2985
2025-05-20 02:49:22.408055,2986
2025-05-20 02:49:23.053965,2987
2025-05-20 02:49:23.712911,2988
2025-05-20 02:49:24.367882,2989
2025-05-20 02:49:25.017619,2990
2025-05-20 02:49:25.674690,2991
2025-05-20 02:49:26.318764,2992
2025-05-20 02:49:26.966095,2993
2025-05-20 02:49:27.618046,2994
2025-05-20 02:49:28.269808,2995
2025-05-20 02:49:28.915040,2996
2025-05-20 02:49:29.571164,2997
2025-05-20 02:49:30.236624,2998
2025-05-20 02:49:30.871917,2999
2025-05-20 02:49:31.531737,3000
2025-05-20 02:49:32.183727,3001
2025-05-20 02:49:32.823819,3002
2025-05-20 02:49:33.486796,3003
2025-05-20 02:49:34.138811,3004
2025-05-20 02:49:34.775371,3005
2025-05-20 02:49:35.437779,3006
2025-05-20 02:49:36.083430,3007
2025-05-20 02:49:36.750480,3008
2025-05-20 02:49:37.385550,3009
2025-05-20 02:49:38.053752,3010
2025-05-20 02:49:38.701665,3011
2025-05-20 02:49:39.349724,3012
2025-05-20 02:49:39.987938,3013
2025-05-20 02:49:40.646047,3014
2025-05-20 02:49:41.299102,3015
2025-05-20 02:49:41.943014,3016
2025-05-20 02:49:42.594063,3017
2025-05-20 02:49:43.265754,3018
2025-05-20 02:49:43.901849,3019
2025-05-20 02:49:44.560752,3020
2025-05-20 02:49:45.205814,3021
2025-05-20 02:49:45.862150,3022
2025-05-20 02:49:46.506128,3023
2025-05-20 02:49:47.164891,3024
2025-05-20 02:49:47.825695,3025
2025-05-20 02:49:48.463733,3026
2025-05-20 02:49:49.109558,3027
2025-05-20 02:49:49.766052,3028
2025-05-20 02:49:50.416957,3029
2025-05-20 02:49:51.082746,3030
2025-05-20 02:49:51.727806,3031
2025-05-20 02:49:52.375009,3032
2025-05-20 02:49:53.026993,3033
2025-05-20 02:49:53.671009,3034
2025-05-20 02:49:54.334890,3035
2025-05-20 02:49:54.982745,3036
2025-05-20 02:49:55.631820,3037
2025-05-20 02:49:56.284844,3038
2025-05-20 02:49:56.928323,3039
2025-05-20 02:49:57.579723,3040
2025-05-20 02:49:58.235078,3041
2025-05-20 02:49:58.880296,3042
2025-05-20 02:49:59.548769,3043
2025-05-20 02:50:00.198846,3044
2025-05-20 02:50:00.853776,3045
2025-05-20 02:50:01.487866,3046
2025-05-20 02:50:02.140944,3047
2025-05-20 02:50:02.799935,3048
2025-05-20 02:50:03.443258,3049
2025-05-20 02:50:04.101982,3050
2025-05-20 02:50:04.747699,3051
2025-05-20 02:50:05.404211,3052
2025-05-20 02:50:06.062524,3053
2025-05-20 02:50:06.708142,3054
2025-05-20 02:50:07.353087,3055
2025-05-20 02:50:08.014930,3056
2025-05-20 02:50:08.656053,3057
2025-05-20 02:50:09.312132,3058
2025-05-20 02:50:09.961342,3059
2025-05-20 02:50:10.610069,3060
2025-05-20 02:50:11.268198,3061
2025-05-20 02:50:11.912379,3062
2025-05-20 02:50:12.570911,3063
2025-05-20 02:50:13.230805,3064
2025-05-20 02:50:13.864034,3065
2025-05-20 02:50:14.535308,3066
2025-05-20 02:50:15.171087,3067
2025-05-20 02:50:15.838963,3068
2025-05-20 02:50:16.485888,3069
2025-05-20 02:50:17.141078,3070
2025-05-20 02:50:17.779701,3071
2025-05-20 02:50:18.441845,3072
2025-05-20 02:50:19.074112,3073
2025-05-20 02:50:19.724206,3074
2025-05-20 02:50:20.383268,3075
2025-05-20 02:50:21.031857,3076
2025-05-20 02:50:21.682012,3077
2025-05-20 02:50:22.334082,3078
2025-05-20 02:50:22.983100,3079
2025-05-20 02:50:23.637396,3080
2025-05-20 02:50:24.291446,3081
2025-05-20 02:50:24.945366,3082
2025-05-20 02:50:25.595782,3083
2025-05-20 02:50:26.248232,3084
2025-05-20 02:50:26.903341,3085
2025-05-20 02:50:27.547225,3086
2025-05-20 02:50:28.200870,3087
2025-05-20 02:50:28.852315,3088
2025-05-20 02:50:29.502311,3089
2025-05-20 02:50:30.155825,3090
2025-05-20 02:50:30.805979,3091
2025-05-20 02:50:31.474112,3092
2025-05-20 02:50:32.112194,3093
2025-05-20 02:50:32.760353,3094
2025-05-20 02:50:33.416352,3095
2025-05-20 02:50:34.060543,3096
2025-05-20 02:50:34.717830,3097
2025-05-20 02:50:35.377084,3098
2025-05-20 02:50:36.016451,3099
2025-05-20 02:50:36.667187,3100
2025-05-20 02:50:37.328068,3101
2025-05-20 02:50:37.974853,3102
2025-05-20 02:50:38.623124,3103
2025-05-20 02:50:39.275965,3104
2025-05-20 02:50:39.931321,3105
2025-05-20 02:50:40.579985,3106
2025-05-20 02:50:41.234186,3107
2025-05-20 02:50:41.884005,3108
2025-05-20 02:50:42.537148,3109
2025-05-20 02:50:43.185448,3110
2025-05-20 02:50:43.845237,3111
2025-05-20 02:50:44.483538,3112
2025-05-20 02:50:45.141213,3113
2025-05-20 02:50:45.804942,3114
2025-05-20 02:50:46.446040,3115
2025-05-20 02:50:47.092564,3116
2025-05-20 02:50:47.747892,3117
2025-05-20 02:50:48.395825,3118
2025-05-20 02:50:49.041857,3119
2025-05-20 02:50:49.694364,3120
2025-05-20 02:50:50.346291,3121
2025-05-20 02:50:51.000401,3122
2025-05-20 02:50:51.649180,3123
2025-05-20 02:50:52.303076,3124
2025-05-20 02:50:52.957941,3125
2025-05-20 02:50:53.611961,3126
2025-05-20 02:50:54.255346,3127
2025-05-20 02:50:54.907877,3128
2025-05-20 02:50:55.556639,3129
2025-05-20 02:50:56.215136,3130
2025-05-20 02:50:56.865340,3131
2025-05-20 02:50:57.515907,3132
2025-05-20 02:50:58.171197,3133
2025-05-20 02:50:58.824041,3134
2025-05-20 02:50:59.474289,3135
2025-05-20 02:51:00.116353,3136
2025-05-20 02:51:00.775842,3137
2025-05-20 02:51:01.426255,3138
2025-05-20 02:51:02.072648,3139
2025-05-20 02:51:02.741019,3140
2025-05-20 02:51:03.392179,3141
2025-05-20 02:51:04.024253,3142
2025-05-20 02:51:04.686234,3143
2025-05-20 02:51:05.331255,3144
2025-05-20 02:51:05.979120,3145
2025-05-20 02:51:06.636087,3146
2025-05-20 02:51:07.282936,3147
2025-05-20 02:51:07.935347,3148
2025-05-20 02:51:08.595490,3149
2025-05-20 02:51:09.242290,3150
2025-05-20 02:51:09.895261,3151
2025-05-20 02:51:10.551551,3152
2025-05-20 02:51:11.210051,3153
2025-05-20 02:51:11.842239,3154
2025-05-20 02:51:12.496081,3155
2025-05-20 02:51:13.151603,3156
2025-05-20 02:51:13.798652,3157
2025-05-20 02:51:14.447475,3158
2025-05-20 02:51:15.100549,3159
2025-05-20 02:51:15.758121,3160
2025-05-20 02:51:16.410630,3161
2025-05-20 02:51:17.056093,3162
2025-05-20 02:51:17.708514,3163
2025-05-20 02:51:18.361396,3164
2025-05-20 02:51:19.017131,3165
2025-05-20 02:51:19.668506,3166
2025-05-20 02:51:20.329250,3167
2025-05-20 02:51:20.964642,3168
2025-05-20 02:51:21.614171,3169
2025-05-20 02:51:22.267190,3170
2025-05-20 02:51:22.916716,3171
2025-05-20 02:51:23.571548,3172
2025-05-20 02:51:24.236333,3173
2025-05-20 02:51:24.868601,3174
2025-05-20 02:51:25.526400,3175
2025-05-20 02:51:26.179508,3176
2025-05-20 02:51:26.846082,3177
2025-05-20 02:51:27.489269,3178
2025-05-20 02:51:28.150078,3179
2025-05-20 02:51:28.790110,3180
2025-05-20 02:51:29.436489,3181
2025-05-20 02:51:30.096410,3182
2025-05-20 02:51:30.748413,3183
2025-05-20 02:51:31.399418,3184
2025-05-20 02:51:32.047599,3185
2025-05-20 02:51:32.696440,3186
2025-05-20 02:51:33.350117,3187
2025-05-20 02:51:34.002681,3188
2025-05-20 02:51:34.658362,3189
2025-05-20 02:51:35.303874,3190
2025-05-20 02:51:35.951538,3191
2025-05-20 02:51:36.604750,3192
2025-05-20 02:51:37.254338,3193
2025-05-20 02:51:37.904518,3194
2025-05-20 02:51:38.570215,3195
2025-05-20 02:51:39.221147,3196
2025-05-20 02:51:39.866495,3197
2025-05-20 02:51:40.516587,3198
2025-05-20 02:51:41.171059,3199
2025-05-20 02:51:41.816789,3200
2025-05-20 02:51:42.477153,3201
2025-05-20 02:51:43.116368,3202
2025-05-20 02:51:43.767546,3203
2025-05-20 02:51:44.428585,3204
2025-05-20 02:51:45.083086,3205
2025-05-20 02:51:45.730372,3206
2025-05-20 02:51:46.375683,3207
2025-05-20 02:51:47.027842,3208
2025-05-20 02:51:47.679353,3209
2025-05-20 02:51:48.346744,3210
2025-05-20 02:51:48.980801,3211
2025-05-20 02:51:49.632517,3212
2025-05-20 02:51:50.294343,3213
2025-05-20 02:51:50.939873,3214
2025-05-20 02:51:51.593084,3215
2025-05-20 02:51:52.248337,3216
2025-05-20 02:51:52.894651,3217
2025-05-20 02:51:53.545402,3218
2025-05-20 02:51:54.209663,3219
2025-05-20 02:51:54.842032,3220
2025-05-20 02:51:55.492599,3221
2025-05-20 02:51:56.150617,3222
2025-05-20 02:51:56.799109,3223
2025-05-20 02:51:57.448451,3224
2025-05-20 02:51:58.117661,3225
2025-05-20 02:51:58.764473,3226
2025-05-20 02:51:59.401287,3227
2025-05-20 02:52:00.059256,3228
2025-05-20 02:52:00.722400,3229
2025-05-20 02:52:01.356604,3230
2025-05-20 02:52:02.008812,3231
2025-05-20 02:52:02.668832,3232
2025-05-20 02:52:03.312647,3233
2025-05-20 02:52:03.971305,3234
2025-05-20 02:52:04.631498,3235
2025-05-20 02:52:05.263520,3236
2025-05-20 02:52:05.935399,3237
2025-05-20 02:52:06.575604,3238
2025-05-20 02:52:07.228562,3239
2025-05-20 02:52:07.876800,3240
2025-05-20 02:52:08.528842,3241
2025-05-20 02:52:09.177155,3242
2025-05-20 02:52:09.825891,3243
2025-05-20 02:52:10.480411,3244
2025-05-20 02:52:11.135574,3245
2025-05-20 02:52:11.784034,3246
2025-05-20 02:52:12.447488,3247
2025-05-20 02:52:13.084118,3248
2025-05-20 02:52:13.739626,3249
2025-05-20 02:52:14.388847,3250
2025-05-20 02:52:15.039856,3251
2025-05-20 02:52:15.699473,3252
2025-05-20 02:52:16.359731,3253
2025-05-20 02:52:16.998593,3254
2025-05-20 02:52:17.645823,3255
2025-05-20 02:52:18.292964,3256
2025-05-20 02:52:18.962343,3257
2025-05-20 02:52:19.603864,3258
2025-05-20 02:52:20.247903,3259
2025-05-20 02:52:20.908513,3260
2025-05-20 02:52:21.555804,3261
2025-05-20 02:52:22.211953,3262
2025-05-20 02:52:22.857608,3263
2025-05-20 02:52:23.504903,3264
2025-05-20 02:52:24.156853,3265
2025-05-20 02:52:24.814330,3266
2025-05-20 02:52:25.462639,3267
2025-05-20 02:52:26.119886,3268
2025-05-20 02:52:26.771567,3269
2025-05-20 02:52:27.420621,3270
2025-05-20 02:52:28.064809,3271
2025-05-20 02:52:28.720464,3272
2025-05-20 02:52:29.367723,3273
2025-05-20 02:52:30.027689,3274
2025-05-20 02:52:30.680265,3275
2025-05-20 02:52:31.323886,3276
2025-05-20 02:52:31.978515,3277
2025-05-20 02:52:32.633750,3278
2025-05-20 02:52:33.282416,3279
2025-05-20 02:52:33.946463,3280
2025-05-20 02:52:34.579886,3281
2025-05-20 02:52:35.241775,3282
2025-05-20 02:52:35.888344,3283
2025-05-20 02:52:36.552170,3284
2025-05-20 02:52:37.188753,3285
2025-05-20 02:52:37.838349,3286
2025-05-20 02:52:38.488597,3287
2025-05-20 02:52:39.157424,3288
2025-05-20 02:52:39.797887,3289
2025-05-20 02:52:40.451464,3290
2025-05-20 02:52:41.091893,3291
2025-05-20 02:52:41.748860,3292
2025-05-20 02:52:42.401790,3293
2025-05-20 02:52:43.051372,3294
2025-05-20 02:52:43.702853,3295
2025-05-20 02:52:44.368300,3296
2025-05-20 02:52:45.020630,3297
2025-05-20 02:52:45.655950,3298
2025-05-20 02:52:46.307803,3299
2025-05-20 02:52:46.963847,3300
2025-05-20 02:52:47.609806,3301
2025-05-20 02:52:48.263785,3302
2025-05-20 02:52:48.911730,3303
2025-05-20 02:52:49.570032,3304
2025-05-20 02:52:50.215559,3305
2025-05-20 02:52:50.874505,3306
2025-05-20 02:52:51.524501,3307
2025-05-20 02:52:52.182485,3308
2025-05-20 02:52:52.819803,3309
2025-05-20 02:52:53.472519,3310
2025-05-20 02:52:54.122140,3311
2025-05-20 02:52:54.776460,3312
2025-05-20 02:52:55.434461,3313
2025-05-20 02:52:56.094524,3314
2025-05-20 02:52:56.738531,3315
2025-05-20 02:52:57.381521,3316
2025-05-20 02:52:58.039801,3317
2025-05-20 02:52:58.687800,3318
2025-05-20 02:52:59.336665,3319
2025-05-20 02:52:59.992456,3320
2025-05-20 02:53:00.638271,3321
2025-05-20 02:53:01.288469,3322
2025-05-20 02:53:01.946511,3323
2025-05-20 02:53:02.595711,3324
2025-05-20 02:53:03.259662,3325
2025-05-20 02:53:03.898713,3326
2025-05-20 02:53:04.546772,3327
2025-05-20 02:53:05.195829,3328
2025-05-20 02:53:05.862593,3329
2025-05-20 02:53:06.502802,3330
2025-05-20 02:53:07.160564,3331
2025-05-20 02:53:07.817584,3332
2025-05-20 02:53:08.466525,3333
2025-05-20 02:53:09.105414,3334
2025-05-20 02:53:09.757882,3335
2025-05-20 02:53:10.421638,3336
2025-05-20 02:53:11.058365,3337
2025-05-20 02:53:11.713868,3338
2025-05-20 02:53:12.374612,3339
2025-05-20 02:53:13.013921,3340
2025-05-20 02:53:13.683700,3341
2025-05-20 02:53:14.319028,3342
2025-05-20 02:53:14.967867,3343
2025-05-20 02:53:15.627674,3344
2025-05-20 02:53:16.275856,3345
2025-05-20 02:53:16.922481,3346
2025-05-20 02:53:17.572197,3347
2025-05-20 02:53:18.231830,3348
2025-05-20 02:53:18.874993,3349
2025-05-20 02:53:19.542095,3350
2025-05-20 02:53:20.195772,3351
2025-05-20 02:53:20.838614,3352
2025-05-20 02:53:21.489045,3353
2025-05-20 02:53:22.148684,3354
2025-05-20 02:53:22.791878,3355
2025-05-20 02:53:23.435992,3356
2025-05-20 02:53:24.094056,3357
2025-05-20 02:53:24.750779,3358
2025-05-20 02:53:25.393901,3359
2025-05-20 02:53:26.055774,3360
2025-05-20 02:53:26.702306,3361
2025-05-20 02:53:27.354151,3362
2025-05-20 02:53:27.995894,3363
2025-05-20 02:53:28.652076,3364
2025-05-20 02:53:29.302788,3365
2025-05-20 02:53:29.951871,3366
2025-05-20 02:53:30.607604,3367
2025-05-20 02:53:31.269350,3368
2025-05-20 02:53:31.906090,3369
2025-05-20 02:53:32.561797,3370
2025-05-20 02:53:33.207600,3371
2025-05-20 02:53:33.871442,3372
2025-05-20 02:53:34.518102,3373
2025-05-20 02:53:35.180748,3374
2025-05-20 02:53:35.814145,3375
2025-05-20 02:53:36.480782,3376
2025-05-20 02:53:37.133694,3377
2025-05-20 02:53:37.772600,3378
2025-05-20 02:53:38.417929,3379
2025-05-20 02:53:39.075589,3380
2025-05-20 02:53:39.720914,3381
2025-05-20 02:53:40.382800,3382
2025-05-20 02:53:41.030777,3383
2025-05-20 02:53:41.679835,3384
2025-05-20 02:53:42.335689,3385
2025-05-20 02:53:42.978581,3386
2025-05-20 02:53:43.639681,3387
2025-05-20 02:53:44.290097,3388
2025-05-20 02:53:44.940051,3389
2025-05-20 02:53:45.595882,3390
2025-05-20 02:53:46.234020,3391
2025-05-20 02:53:46.897748,3392
2025-05-20 02:53:47.549825,3393
2025-05-20 02:53:48.198168,3394
2025-05-20 02:53:48.850763,3395
2025-05-20 02:53:49.491225,3396
2025-05-20 02:53:50.154501,3397
2025-05-20 02:53:50.797000,3398
2025-05-20 02:53:51.450248,3399
2025-05-20 02:53:52.105470,3400
2025-05-20 02:53:52.758864,3401
2025-05-20 02:53:53.417676,3402
2025-05-20 02:53:54.054156,3403
2025-05-20 02:53:54.710756,3404
2025-05-20 02:53:55.355814,3405
2025-05-20 02:53:56.015904,3406
2025-05-20 02:53:56.670062,3407
2025-05-20 02:53:57.327866,3408
2025-05-20 02:53:57.968186,3409
2025-05-20 02:53:58.615965,3410
2025-05-20 02:53:59.272829,3411
2025-05-20 02:53:59.914114,3412
2025-05-20 02:54:00.567783,3413
2025-05-20 02:54:01.226894,3414
2025-05-20 02:54:01.869874,3415
2025-05-20 02:54:02.536862,3416
2025-05-20 02:54:03.185921,3417
2025-05-20 02:54:03.822017,3418
2025-05-20 02:54:04.482005,3419
2025-05-20 02:54:05.142902,3420
2025-05-20 02:54:05.784593,3421
2025-05-20 02:54:06.437786,3422
2025-05-20 02:54:07.094650,3423
2025-05-20 02:54:07.733011,3424
2025-05-20 02:54:08.397216,3425
2025-05-20 02:54:09.036300,3426
2025-05-20 02:54:09.690903,3427
2025-05-20 02:54:10.343048,3428
2025-05-20 02:54:10.990534,3429
2025-05-20 02:54:11.655284,3430
2025-05-20 02:54:12.291270,3431
2025-05-20 02:54:12.950981,3432
2025-05-20 02:54:13.610798,3433
2025-05-20 02:54:14.247010,3434
2025-05-20 02:54:14.895808,3435
2025-05-20 02:54:15.549978,3436
2025-05-20 02:54:16.208098,3437
2025-05-20 02:54:16.858982,3438
2025-05-20 02:54:17.510115,3439
2025-05-20 02:54:18.159008,3440
2025-05-20 02:54:18.818919,3441
2025-05-20 02:54:19.463983,3442
2025-05-20 02:54:20.115808,3443
2025-05-20 02:54:20.777841,3444
2025-05-20 02:54:21.419083,3445
2025-05-20 02:54:22.064340,3446
2025-05-20 02:54:22.720360,3447
2025-05-20 02:54:23.370336,3448
2025-05-20 02:54:24.030862,3449
2025-05-20 02:54:24.678360,3450
2025-05-20 02:54:25.324434,3451
2025-05-20 02:54:25.975841,3452
2025-05-20 02:54:26.622588,3453
2025-05-20 02:54:27.284999,3454
2025-05-20 02:54:27.942860,3455
2025-05-20 02:54:28.587386,3456
2025-05-20 02:54:29.230015,3457
2025-05-20 02:54:29.873465,3458
2025-05-20 02:54:30.546911,3459
2025-05-20 02:54:31.196957,3460
2025-05-20 02:54:31.831059,3461
2025-05-20 02:54:32.482400,3462
2025-05-20 02:54:33.140394,3463
2025-05-20 02:54:33.803002,3464
2025-05-20 02:54:34.449582,3465
2025-05-20 02:54:35.092182,3466
2025-05-20 02:54:35.740157,3467
2025-05-20 02:54:36.389836,3468
2025-05-20 02:54:37.053542,3469
2025-05-20 02:54:37.697087,3470
2025-05-20 02:54:38.353918,3471
2025-05-20 02:54:39.001100,3472
2025-05-20 02:54:39.648380,3473
2025-05-20 02:54:40.310850,3474
2025-05-20 02:54:40.960124,3475
2025-05-20 02:54:41.606467,3476
2025-05-20 02:54:42.268927,3477
2025-05-20 02:54:42.904560,3478
2025-05-20 02:54:43.566547,3479
2025-05-20 02:54:44.217848,3480
2025-05-20 02:54:44.861812,3481
2025-05-20 02:54:45.519594,3482
2025-05-20 02:54:46.165909,3483
2025-05-20 02:54:46.821620,3484
2025-05-20 02:54:47.465593,3485
2025-05-20 02:54:48.117940,3486
2025-05-20 02:54:48.772491,3487
2025-05-20 02:54:49.427225,3488
2025-05-20 02:54:50.070477,3489
2025-05-20 02:54:50.727949,3490
2025-05-20 02:54:51.373288,3491
2025-05-20 02:54:52.039944,3492
2025-05-20 02:54:52.686022,3493
2025-05-20 02:54:53.339119,3494
2025-05-20 02:54:53.984310,3495
2025-05-20 02:54:54.645119,3496
2025-05-20 02:54:55.282352,3497
2025-05-20 02:54:55.936382,3498
2025-05-20 02:54:56.602058,3499
2025-05-20 02:54:57.247032,3500
2025-05-20 02:54:57.908015,3501
2025-05-20 02:54:58.538320,3502
2025-05-20 02:54:59.195194,3503
2025-05-20 02:54:59.847238,3504
2025-05-20 02:55:00.500289,3505
2025-05-20 02:55:01.164842,3506
2025-05-20 02:55:01.811084,3507
2025-05-20 02:55:02.456381,3508
2025-05-20 02:55:03.114780,3509
2025-05-20 02:55:03.762420,3510
2025-05-20 02:55:04.403860,3511
2025-05-20 02:55:05.058152,3512
2025-05-20 02:55:05.722447,3513
2025-05-20 02:55:06.368996,3514
2025-05-20 02:55:07.015324,3515
2025-05-20 02:55:07.660243,3516
2025-05-20 02:55:08.315192,3517
2025-05-20 02:55:08.964344,3518
2025-05-20 02:55:09.612374,3519
2025-05-20 02:55:10.284053,3520
2025-05-20 02:55:10.919329,3521
2025-05-20 02:55:11.581082,3522
2025-05-20 02:55:12.233077,3523
2025-05-20 02:55:12.875347,3524
2025-05-20 02:55:13.526033,3525
2025-05-20 02:55:14.175024,3526
2025-05-20 02:55:14.828515,3527
2025-05-20 02:55:15.486979,3528
2025-05-20 02:55:16.142207,3529
2025-05-20 02:55:16.783471,3530
2025-05-20 02:55:17.449059,3531
2025-05-20 02:55:18.095497,3532
2025-05-20 02:55:18.757084,3533
2025-05-20 02:55:19.405989,3534
2025-05-20 02:55:20.044303,3535
2025-05-20 02:55:20.704058,3536
2025-05-20 02:55:21.366042,3537
2025-05-20 02:55:22.007154,3538
2025-05-20 02:55:22.648456,3539
2025-05-20 02:55:23.310323,3540
2025-05-20 02:55:23.954279,3541
2025-05-20 02:55:24.612659,3542
2025-05-20 02:55:25.260561,3543
2025-05-20 02:55:25.919095,3544
2025-05-20 02:55:26.564287,3545
2025-05-20 02:55:27.222618,3546
2025-05-20 02:55:27.875169,3547
2025-05-20 02:55:28.516583,3548
2025-05-20 02:55:29.171788,3549
2025-05-20 02:55:29.821309,3550
2025-05-20 02:55:30.466100,3551
2025-05-20 02:55:31.133056,3552
2025-05-20 02:55:31.772598,3553
2025-05-20 02:55:32.428420,3554
2025-05-20 02:55:33.073525,3555
2025-05-20 02:55:33.731046,3556
2025-05-20 02:55:34.382293,3557
2025-05-20 02:55:35.024557,3558
2025-05-20 02:55:35.680985,3559
2025-05-20 02:55:36.343206,3560
2025-05-20 02:55:36.979316,3561
2025-05-20 02:55:37.640421,3562
2025-05-20 02:55:38.293067,3563
2025-05-20 02:55:38.934425,3564
2025-05-20 02:55:39.596126,3565
2025-05-20 02:55:40.249182,3566
2025-05-20 02:55:40.900100,3567
2025-05-20 02:55:41.539447,3568
2025-05-20 02:55:42.198405,3569
2025-05-20 02:55:42.848496,3570
2025-05-20 02:55:43.507138,3571
2025-05-20 02:55:44.156308,3572
2025-05-20 02:55:44.801818,3573
2025-05-20 02:55:45.458329,3574
2025-05-20 02:55:46.109286,3575
2025-05-20 02:55:46.766227,3576
2025-05-20 02:55:47.403131,3577
2025-05-20 02:55:48.060699,3578
2025-05-20 02:55:48.711567,3579
2025-05-20 02:55:49.364597,3580
2025-05-20 02:55:50.012466,3581
2025-05-20 02:55:50.664374,3582
2025-05-20 02:55:51.311258,3583
2025-05-20 02:55:51.965097,3584
2025-05-20 02:55:52.620772,3585
2025-05-20 02:55:53.267302,3586
2025-05-20 02:55:53.933609,3587
2025-05-20 02:55:54.579050,3588
2025-05-20 02:55:55.233116,3589
2025-05-20 02:55:55.879446,3590
2025-05-20 02:55:56.527514,3591
2025-05-20 02:55:57.195150,3592
2025-05-20 02:55:57.833474,3593
2025-05-20 02:55:58.484472,3594
2025-05-20 02:55:59.129745,3595
2025-05-20 02:55:59.784781,3596
2025-05-20 02:56:00.436488,3597
2025-05-20 02:56:01.089381,3598
2025-05-20 02:56:01.743435,3599
2025-05-20 02:56:02.395730,3600
2025-05-20 02:56:03.039941,3601
2025-05-20 02:56:03.707408,3602
2025-05-20 02:56:04.345540,3603
2025-05-20 02:56:05.000501,3604
2025-05-20 02:56:05.651784,3605
2025-05-20 02:56:06.304348,3606
2025-05-20 02:56:06.957208,3607
2025-05-20 02:56:07.608052,3608
2025-05-20 02:56:08.267207,3609
2025-05-20 02:56:08.903627,3610
2025-05-20 02:56:09.560390,3611
2025-05-20 02:56:10.207825,3612
2025-05-20 02:56:10.871387,3613
2025-05-20 02:56:11.508803,3614
2025-05-20 02:56:12.169661,3615
2025-05-20 02:56:12.807993,3616
2025-05-20 02:56:13.467599,3617
2025-05-20 02:56:14.126287,3618
2025-05-20 02:56:14.783307,3619
2025-05-20 02:56:15.434338,3620
2025-05-20 02:56:16.067711,3621
2025-05-20 02:56:16.733228,3622
2025-05-20 02:56:17.372429,3623
2025-05-20 02:56:18.030228,3624
2025-05-20 02:56:18.681300,3625
2025-05-20 02:56:19.339382,3626
2025-05-20 02:56:19.978821,3627
2025-05-20 02:56:20.625845,3628
2025-05-20 02:56:21.297644,3629
2025-05-20 02:56:21.931582,3630
2025-05-20 02:56:22.588741,3631
2025-05-20 02:56:23.232720,3632
2025-05-20 02:56:23.892699,3633
2025-05-20 02:56:24.544632,3634
2025-05-20 02:56:25.187808,3635
2025-05-20 02:56:25.842402,3636
2025-05-20 02:56:26.495618,3637
2025-05-20 02:56:27.152390,3638
2025-05-20 02:56:27.791710,3639
2025-05-20 02:56:28.450653,3640
2025-05-20 02:56:29.099612,3641
2025-05-20 02:56:29.748687,3642
2025-05-20 02:56:30.411303,3643
2025-05-20 02:56:31.056789,3644
2025-05-20 02:56:31.701601,3645
2025-05-20 02:56:32.364251,3646
2025-05-20 02:56:33.011679,3647
2025-05-20 02:56:33.662635,3648
2025-05-20 02:56:34.307226,3649
2025-05-20 02:56:34.958958,3650
2025-05-20 02:56:35.608346,3651
2025-05-20 02:56:36.268545,3652
2025-05-20 02:56:36.918804,3653
2025-05-20 02:56:37.564515,3654
2025-05-20 02:56:38.223332,3655
2025-05-20 02:56:38.878441,3656
2025-05-20 02:56:39.526299,3657
2025-05-20 02:56:40.168736,3658
2025-05-20 02:56:40.824467,3659
2025-05-20 02:56:41.475779,3660
2025-05-20 02:56:42.134484,3661
2025-05-20 02:56:42.773929,3662
2025-05-20 02:56:43.432587,3663
2025-05-20 02:56:44.080309,3664
2025-05-20 02:56:44.732675,3665
2025-05-20 02:56:45.383922,3666
2025-05-20 02:56:46.031732,3667
2025-05-20 02:56:46.686609,3668
2025-05-20 02:56:47.339569,3669
2025-05-20 02:56:47.987742,3670
2025-05-20 02:56:48.636411,3671
2025-05-20 02:56:49.302467,3672
2025-05-20 02:56:49.937573,3673
2025-05-20 02:56:50.599686,3674
2025-05-20 02:56:51.259597,3675
2025-05-20 02:56:51.895680,3676
2025-05-20 02:56:52.548490,3677
2025-05-20 02:56:53.213429,3678
2025-05-20 02:56:53.846655,3679
2025-05-20 02:56:54.508402,3680
2025-05-20 02:56:55.154426,3681
2025-05-20 02:56:55.821286,3682
2025-05-20 02:56:56.456446,3683
2025-05-20 02:56:57.123465,3684
2025-05-20 02:56:57.764391,3685
2025-05-20 02:56:58.422377,3686
2025-05-20 02:56:59.061296,3687
2025-05-20 02:56:59.719604,3688
2025-05-20 02:57:00.360776,3689
2025-05-20 02:57:01.023662,3690
2025-05-20 02:57:01.668197,3691
2025-05-20 02:57:02.326131,3692
2025-05-20 02:57:02.969720,3693
2025-05-20 02:57:03.619701,3694
2025-05-20 02:57:04.269396,3695
2025-05-20 02:57:04.920205,3696
2025-05-20 02:57:05.578589,3697
2025-05-20 02:57:06.235610,3698
2025-05-20 02:57:06.880404,3699
2025-05-20 02:57:07.536628,3700
2025-05-20 02:57:08.184435,3701
2025-05-20 02:57:08.829841,3702
2025-05-20 02:57:09.486722,3703
2025-05-20 02:57:10.135908,3704
2025-05-20 02:57:10.791705,3705
2025-05-20 02:57:11.444640,3706
2025-05-20 02:57:12.095695,3707
2025-05-20 02:57:12.743637,3708
2025-05-20 02:57:13.387678,3709
2025-05-20 02:57:14.042745,3710
2025-05-20 02:57:14.696051,3711
2025-05-20 02:57:15.351232,3712
2025-05-20 02:57:15.991174,3713
2025-05-20 02:57:16.645008,3714
2025-05-20 02:57:17.299156,3715
2025-05-20 02:57:17.967623,3716
2025-05-20 02:57:18.617432,3717
2025-05-20 02:57:19.262507,3718
2025-05-20 02:57:19.901348,3719
2025-05-20 02:57:20.557810,3720
2025-05-20 02:57:21.206641,3721
2025-05-20 02:57:21.874722,3722
2025-05-20 02:57:22.517372,3723
2025-05-20 02:57:23.159717,3724
2025-05-20 02:57:23.810848,3725
2025-05-20 02:57:24.475675,3726
2025-05-20 02:57:25.119136,3727
2025-05-20 02:57:25.767771,3728
2025-05-20 02:57:26.415820,3729
2025-05-20 02:57:27.084681,3730
2025-05-20 02:57:27.727088,3731
2025-05-20 02:57:28.389609,3732
2025-05-20 02:57:29.020107,3733
2025-05-20 02:57:29.686634,3734
2025-05-20 02:57:30.327929,3735
2025-05-20 02:57:30.990741,3736
2025-05-20 02:57:31.634222,3737
2025-05-20 02:57:32.281965,3738
2025-05-20 02:57:32.942330,3739
2025-05-20 02:57:33.589007,3740
2025-05-20 02:57:34.235805,3741
2025-05-20 02:57:34.885744,3742
2025-05-20 02:57:35.543648,3743
2025-05-20 02:57:36.191798,3744
2025-05-20 02:57:36.837959,3745
2025-05-20 02:57:37.504510,3746
2025-05-20 02:57:38.150021,3747
2025-05-20 02:57:38.800771,3748
2025-05-20 02:57:39.452756,3749
2025-05-20 02:57:40.094897,3750
2025-05-20 02:57:40.753993,3751
2025-05-20 02:57:41.401473,3752
2025-05-20 02:57:42.057000,3753
2025-05-20 02:57:42.707986,3754
2025-05-20 02:57:43.359969,3755
2025-05-20 02:57:44.007866,3756
2025-05-20 02:57:44.670753,3757
2025-05-20 02:57:45.304599,3758
2025-05-20 02:57:45.963774,3759
2025-05-20 02:57:46.623684,3760
2025-05-20 02:57:47.262879,3761
2025-05-20 02:57:47.911150,3762
2025-05-20 02:57:48.574527,3763
2025-05-20 02:57:49.213050,3764
2025-05-20 02:57:49.869548,3765
2025-05-20 02:57:50.514972,3766
2025-05-20 02:57:51.187729,3767
2025-05-20 02:57:51.823694,3768
2025-05-20 02:57:52.473947,3769
2025-05-20 02:57:53.121688,3770
2025-05-20 02:57:53.781742,3771
2025-05-20 02:57:54.429979,3772
2025-05-20 02:57:55.087724,3773
2025-05-20 02:57:55.726890,3774
2025-05-20 02:57:56.388877,3775
2025-05-20 02:57:57.029942,3776
2025-05-20 02:57:57.683872,3777
2025-05-20 02:57:58.331959,3778
2025-05-20 02:57:59.002465,3779
2025-05-20 02:57:59.642116,3780
2025-05-20 02:58:00.291634,3781
2025-05-20 02:58:00.946899,3782
2025-05-20 02:58:01.601665,3783
2025-05-20 02:58:02.247014,3784
2025-05-20 02:58:02.894937,3785
2025-05-20 02:58:03.562178,3786
2025-05-20 02:58:04.200483,3787
2025-05-20 02:58:04.846964,3788
2025-05-20 02:58:05.500058,3789
2025-05-20 02:58:06.158732,3790
2025-05-20 02:58:06.818722,3791
2025-05-20 02:58:07.452280,3792
2025-05-20 02:58:08.108529,3793
2025-05-20 02:58:08.761823,3794
2025-05-20 02:58:09.422858,3795
2025-05-20 02:58:10.076049,3796
2025-05-20 02:58:10.719940,3797
2025-05-20 02:58:11.380844,3798
2025-05-20 02:58:12.018675,3799
2025-05-20 02:58:12.664139,3800
2025-05-20 02:58:13.323300,3801
2025-05-20 02:58:13.974893,3802
2025-05-20 02:58:14.628217,3803
2025-05-20 02:58:15.275882,3804
2025-05-20 02:58:15.932170,3805
2025-05-20 02:58:16.590860,3806
2025-05-20 02:58:17.224269,3807
2025-05-20 02:58:17.880624,3808
2025-05-20 02:58:18.538790,3809
2025-05-20 02:58:19.187236,3810
2025-05-20 02:58:19.836211,3811
2025-05-20 02:58:20.487196,3812
2025-05-20 02:58:21.142894,3813
2025-05-20 02:58:21.794806,3814
2025-05-20 02:58:22.454588,3815
2025-05-20 02:58:23.095046,3816
2025-05-20 02:58:23.743091,3817
2025-05-20 02:58:24.397117,3818
2025-05-20 02:58:25.049709,3819
2025-05-20 02:58:25.703986,3820
2025-05-20 02:58:26.344470,3821
2025-05-20 02:58:27.007344,3822
2025-05-20 02:58:27.659369,3823
2025-05-20 02:58:28.300710,3824
2025-05-20 02:58:28.955958,3825
2025-05-20 02:58:29.604568,3826
2025-05-20 02:58:30.260307,3827
2025-05-20 02:58:30.918254,3828
2025-05-20 02:58:31.568177,3829
2025-05-20 02:58:32.220501,3830
2025-05-20 02:58:32.860332,3831
2025-05-20 02:58:33.516471,3832
2025-05-20 02:58:34.166095,3833
2025-05-20 02:58:34.818023,3834
2025-05-20 02:58:35.473542,3835
2025-05-20 02:58:36.132950,3836
2025-05-20 02:58:36.772498,3837
2025-05-20 02:58:37.420359,3838
2025-05-20 02:58:38.071386,3839
2025-05-20 02:58:38.737361,3840
2025-05-20 02:58:39.383122,3841
2025-05-20 02:58:40.027075,3842
2025-05-20 02:58:40.688394,3843
2025-05-20 02:58:41.332390,3844
2025-05-20 02:58:41.990171,3845
2025-05-20 02:58:42.643920,3846
2025-05-20 02:58:43.295033,3847
2025-05-20 02:58:43.946700,3848
2025-05-20 02:58:44.595338,3849
2025-05-20 02:58:45.238253,3850
2025-05-20 02:58:45.905948,3851
2025-05-20 02:58:46.554985,3852
2025-05-20 02:58:47.202073,3853
2025-05-20 02:58:47.852331,3854
2025-05-20 02:58:48.496275,3855
2025-05-20 02:58:49.155518,3856
2025-05-20 02:58:49.817915,3857
2025-05-20 02:58:50.459142,3858
2025-05-20 02:58:51.104811,3859
2025-05-20 02:58:51.757478,3860
2025-05-20 02:58:52.407123,3861
2025-05-20 02:58:53.057644,3862
2025-05-20 02:58:53.714020,3863
2025-05-20 02:58:54.374930,3864
2025-05-20 02:58:55.014889,3865
2025-05-20 02:58:55.664429,3866
2025-05-20 02:58:56.332992,3867
2025-05-20 02:58:56.972481,3868
2025-05-20 02:58:57.626421,3869
2025-05-20 02:58:58.275977,3870
2025-05-20 02:58:58.927104,3871
2025-05-20 02:58:59.582948,3872
2025-05-20 02:59:00.237005,3873
2025-05-20 02:59:00.875175,3874
2025-05-20 02:59:01.526102,3875
2025-05-20 02:59:02.194994,3876
2025-05-20 02:59:02.832327,3877
2025-05-20 02:59:03.490945,3878
2025-05-20 02:59:04.141954,3879
2025-05-20 02:59:04.788492,3880
2025-05-20 02:59:05.439802,3881
2025-05-20 02:59:06.086231,3882
2025-05-20 02:59:06.733223,3883
2025-05-20 02:59:07.392454,3884
2025-05-20 02:59:08.053928,3885
2025-05-20 02:59:08.692421,3886
2025-05-20 02:59:09.342955,3887
2025-05-20 02:59:09.988442,3888
2025-05-20 02:59:10.648833,3889
2025-05-20 02:59:11.307120,3890
2025-05-20 02:59:11.951524,3891
2025-05-20 02:59:12.605294,3892
2025-05-20 02:59:13.267104,3893
2025-05-20 02:59:13.915058,3894
2025-05-20 02:59:14.569899,3895
2025-05-20 02:59:15.207423,3896
2025-05-20 02:59:15.856468,3897
2025-05-20 02:59:16.504553,3898
2025-05-20 02:59:17.159304,3899
2025-05-20 02:59:17.821869,3900
2025-05-20 02:59:18.464347,3901
2025-05-20 02:59:19.131096,3902
2025-05-20 02:59:19.769316,3903
2025-05-20 02:59:20.423127,3904
2025-05-20 02:59:21.075134,3905
2025-05-20 02:59:21.728103,3906
2025-05-20 02:59:22.368320,3907
2025-05-20 02:59:23.020448,3908
2025-05-20 02:59:23.674677,3909
2025-05-20 02:59:24.323429,3910
2025-05-20 02:59:24.975820,3911
2025-05-20 02:59:25.632291,3912
2025-05-20 02:59:26.284301,3913
2025-05-20 02:59:26.926309,3914
2025-05-20 02:59:27.587912,3915
2025-05-20 02:59:28.246033,3916
2025-05-20 02:59:28.884564,3917
2025-05-20 02:59:29.534686,3918
2025-05-20 02:59:30.183263,3919
2025-05-20 02:59:30.854089,3920
2025-05-20 02:59:31.491796,3921
2025-05-20 02:59:32.147911,3922
2025-05-20 02:59:32.792352,3923
2025-05-20 02:59:33.440584,3924
2025-05-20 02:59:34.099461,3925
2025-05-20 02:59:34.752580,3926
2025-05-20 02:59:35.395870,3927
2025-05-20 02:59:36.062075,3928
2025-05-20 02:59:36.698727,3929
2025-05-20 02:59:37.358201,3930
2025-05-20 02:59:38.008484,3931
2025-05-20 02:59:38.656407,3932
2025-05-20 02:59:39.313971,3933
2025-05-20 02:59:39.950962,3934
2025-05-20 02:59:40.610663,3935
2025-05-20 02:59:41.255586,3936
2025-05-20 02:59:41.907232,3937
2025-05-20 02:59:42.567414,3938
2025-05-20 02:59:43.218218,3939
2025-05-20 02:59:43.876263,3940
2025-05-20 02:59:44.523258,3941
2025-05-20 02:59:45.166391,3942
2025-05-20 02:59:45.819090,3943
2025-05-20 02:59:46.466102,3944
2025-05-20 02:59:47.118473,3945
2025-05-20 02:59:47.769355,3946
2025-05-20 02:59:48.439275,3947
2025-05-20 02:59:49.076297,3948
2025-05-20 02:59:49.730839,3949
2025-05-20 02:59:50.376135,3950
2025-05-20 02:59:51.028135,3951
2025-05-20 02:59:51.684361,3952
2025-05-20 02:59:52.335810,3953
2025-05-20 02:59:52.987634,3954
2025-05-20 02:59:53.635752,3955
2025-05-20 02:59:54.297130,3956
2025-05-20 02:59:54.936705,3957
2025-05-20 02:59:55.596238,3958
2025-05-20 02:59:56.243882,3959
2025-05-20 02:59:56.896312,3960
2025-05-20 02:59:57.546351,3961
2025-05-20 02:59:58.190384,3962
2025-05-20 02:59:58.847459,3963
2025-05-20 02:59:59.513181,3964
2025-05-20 03:00:00.144590,3965
2025-05-20 03:00:00.814160,3966
2025-05-20 03:00:01.450732,3967
2025-05-20 03:00:02.108484,3968
2025-05-20 03:00:02.760572,3969
2025-05-20 03:00:03.402767,3970
2025-05-20 03:00:04.072132,3971
2025-05-20 03:00:04.725717,3972
2025-05-20 03:00:05.368726,3973
2025-05-20 03:00:06.016662,3974
2025-05-20 03:00:06.675543,3975
2025-05-20 03:00:07.323338,3976
2025-05-20 03:00:07.978345,3977
2025-05-20 03:00:08.615892,3978
2025-05-20 03:00:09.271701,3979
2025-05-20 03:00:09.922102,3980
2025-05-20 03:00:10.575378,3981
2025-05-20 03:00:11.235140,3982
2025-05-20 03:00:11.881183,3983
2025-05-20 03:00:12.533688,3984
2025-05-20 03:00:13.174820,3985
2025-05-20 03:00:13.831554,3986
2025-05-20 03:00:14.476516,3987
2025-05-20 03:00:15.142218,3988
2025-05-20 03:00:15.783806,3989
2025-05-20 03:00:16.429764,3990
2025-05-20 03:00:17.086379,3991
2025-05-20 03:00:17.731107,3992
2025-05-20 03:00:18.392246,3993
2025-05-20 03:00:19.034477,3994
2025-05-20 03:00:19.696006,3995
2025-05-20 03:00:20.344595,3996
2025-05-20 03:00:20.995645,3997
2025-05-20 03:00:21.644440,3998
2025-05-20 03:00:22.303340,3999
2025-05-20 03:00:22.952528,4000
2025-05-20 03:00:23.593673,4001
2025-05-20 03:00:24.255582,4002
2025-05-20 03:00:24.909521,4003
2025-05-20 03:00:25.556878,4004
2025-05-20 03:00:26.209277,4005
2025-05-20 03:00:26.854695,4006
2025-05-20 03:00:27.503779,4007
2025-05-20 03:00:28.154906,4008
2025-05-20 03:00:28.811673,4009
2025-05-20 03:00:29.457838,4010
2025-05-20 03:00:30.112745,4011
2025-05-20 03:00:30.771364,4012
2025-05-20 03:00:31.420948,4013
2025-05-20 03:00:32.071713,4014
2025-05-20 03:00:32.712303,4015
2025-05-20 03:00:33.375216,4016
2025-05-20 03:00:34.035388,4017
2025-05-20 03:00:34.667964,4018
2025-05-20 03:00:35.317786,4019
2025-05-20 03:00:35.977600,4020
2025-05-20 03:00:36.637070,4021
2025-05-20 03:00:37.280436,4022
2025-05-20 03:00:37.927801,4023
2025-05-20 03:00:38.580929,4024
2025-05-20 03:00:39.228373,4025
2025-05-20 03:00:39.876388,4026
2025-05-20 03:00:40.536528,4027
2025-05-20 03:00:41.187764,4028
2025-05-20 03:00:41.836012,4029
2025-05-20 03:00:42.492315,4030
2025-05-20 03:00:43.148683,4031
2025-05-20 03:00:43.798400,4032
2025-05-20 03:00:44.443977,4033
2025-05-20 03:00:45.095813,4034
2025-05-20 03:00:45.744321,4035
2025-05-20 03:00:46.401369,4036
2025-05-20 03:00:47.046692,4037
2025-05-20 03:00:47.699859,4038
2025-05-20 03:00:48.355262,4039
2025-05-20 03:00:49.004095,4040
2025-05-20 03:00:49.658359,4041
2025-05-20 03:00:50.308602,4042
2025-05-20 03:00:50.955849,4043
2025-05-20 03:00:51.607843,4044
2025-05-20 03:00:52.261766,4045
2025-05-20 03:00:52.911652,4046
2025-05-20 03:00:53.557882,4047
2025-05-20 03:00:54.223445,4048
2025-05-20 03:00:54.865845,4049
2025-05-20 03:00:55.510721,4050
2025-05-20 03:00:56.163720,4051
2025-05-20 03:00:56.822689,4052
2025-05-20 03:00:57.480186,4053
2025-05-20 03:00:58.119670,4054
2025-05-20 03:00:58.775727,4055
2025-05-20 03:00:59.421328,4056
2025-05-20 03:01:00.072602,4057
2025-05-20 03:01:00.741436,4058
2025-05-20 03:01:01.390418,4059
2025-05-20 03:01:02.024342,4060
2025-05-20 03:01:02.680961,4061
2025-05-20 03:01:03.331722,4062
2025-05-20 03:01:03.998382,4063
2025-05-20 03:01:04.632905,4064
2025-05-20 03:01:05.291580,4065
2025-05-20 03:01:05.950428,4066
2025-05-20 03:01:06.598439,4067
2025-05-20 03:01:07.256590,4068
2025-05-20 03:01:07.893943,4069
2025-05-20 03:01:08.558512,4070
2025-05-20 03:01:09.200593,4071
2025-05-20 03:01:09.846793,4072
2025-05-20 03:01:10.502756,4073
2025-05-20 03:01:11.153945,4074
2025-05-20 03:01:11.799294,4075
2025-05-20 03:01:12.464630,4076
2025-05-20 03:01:13.103907,4077
2025-05-20 03:01:13.754803,4078
2025-05-20 03:01:14.411715,4079
2025-05-20 03:01:15.057761,4080
2025-05-20 03:01:15.706745,4081
2025-05-20 03:01:16.364642,4082
2025-05-20 03:01:17.012664,4083
2025-05-20 03:01:17.667792,4084
2025-05-20 03:01:18.319677,4085
2025-05-20 03:01:18.967704,4086
2025-05-20 03:01:19.625621,4087
2025-05-20 03:01:20.267797,4088
2025-05-20 03:01:20.930490,4089
2025-05-20 03:01:21.576657,4090
2025-05-20 03:01:22.218000,4091
2025-05-20 03:01:22.876827,4092
2025-05-20 03:01:23.519742,4093
2025-05-20 03:01:24.179871,4094
2025-05-20 03:01:24.824567,4095
2025-05-20 03:01:25.484303,4096
2025-05-20 03:01:26.129541,4097
2025-05-20 03:01:26.779593,4098
2025-05-20 03:01:27.431695,4099
2025-05-20 03:01:28.099425,4100
2025-05-20 03:01:28.741646,4101
2025-05-20 03:01:29.396548,4102
2025-05-20 03:01:30.036816,4103
2025-05-20 03:01:30.687775,4104
2025-05-20 03:01:31.357358,4105
2025-05-20 03:01:31.991011,4106
2025-05-20 03:01:32.643812,4107
2025-05-20 03:01:33.291658,4108
2025-05-20 03:01:33.947140,4109
2025-05-20 03:01:34.594014,4110
2025-05-20 03:01:35.255661,4111
2025-05-20 03:01:35.900438,4112
2025-05-20 03:01:36.553925,4113
2025-05-20 03:01:37.210080,4114
2025-05-20 03:01:37.850886,4115
2025-05-20 03:01:38.507855,4116
2025-05-20 03:01:39.157944,4117
2025-05-20 03:01:39.809756,4118
2025-05-20 03:01:40.456776,4119
2025-05-20 03:01:41.117275,4120
2025-05-20 03:01:41.778657,4121
2025-05-20 03:01:42.421060,4122
2025-05-20 03:01:43.067603,4123
2025-05-20 03:01:43.715730,4124
2025-05-20 03:01:44.369472,4125
2025-05-20 03:01:45.021699,4126
2025-05-20 03:01:45.670038,4127
2025-05-20 03:01:46.318077,4128
2025-05-20 03:01:46.990667,4129
2025-05-20 03:01:47.621843,4130
2025-05-20 03:01:48.289552,4131
2025-05-20 03:01:48.923850,4132
2025-05-20 03:01:49.587631,4133
2025-05-20 03:01:50.228163,4134
2025-05-20 03:01:50.898669,4135
2025-05-20 03:01:51.535875,4136
2025-05-20 03:01:52.190820,4137
2025-05-20 03:01:52.849592,4138
2025-05-20 03:01:53.483631,4139
2025-05-20 03:01:54.153573,4140
2025-05-20 03:01:54.794130,4141
2025-05-20 03:01:55.446869,4142
2025-05-20 03:01:56.094962,4143
2025-05-20 03:01:56.746027,4144
2025-05-20 03:01:57.393903,4145
2025-05-20 03:01:58.046916,4146
2025-05-20 03:01:58.702970,4147
2025-05-20 03:01:59.347003,4148
2025-05-20 03:02:00.000691,4149
2025-05-20 03:02:00.660805,4150
2025-05-20 03:02:01.300105,4151
2025-05-20 03:02:01.957990,4152
2025-05-20 03:02:02.618937,4153
2025-05-20 03:02:03.263235,4154
2025-05-20 03:02:03.907736,4155
2025-05-20 03:02:04.568042,4156
2025-05-20 03:02:05.218727,4157
2025-05-20 03:02:05.880907,4158
2025-05-20 03:02:06.524886,4159
2025-05-20 03:02:07.169925,4160
2025-05-20 03:02:07.830686,4161
2025-05-20 03:02:08.476107,4162
2025-05-20 03:02:09.122117,4163
2025-05-20 03:02:09.770209,4164
2025-05-20 03:02:10.422996,4165
2025-05-20 03:02:11.080268,4166
2025-05-20 03:02:11.723572,4167
2025-05-20 03:02:12.380237,4168
2025-05-20 03:02:13.031116,4169
2025-05-20 03:02:13.689791,4170
2025-05-20 03:02:14.337496,4171
2025-05-20 03:02:14.993539,4172
2025-05-20 03:02:15.639394,4173
2025-05-20 03:02:16.292617,4174
2025-05-20 03:02:16.949733,4175
2025-05-20 03:02:17.600832,4176
2025-05-20 03:02:18.237913,4177
2025-05-20 03:02:18.887895,4178
2025-05-20 03:02:19.547137,4179
2025-05-20 03:02:20.207904,4180
2025-05-20 03:02:20.860813,4181
2025-05-20 03:02:21.493986,4182
2025-05-20 03:02:22.151446,4183
2025-05-20 03:02:22.803308,4184
2025-05-20 03:02:23.455401,4185
2025-05-20 03:02:24.100195,4186
2025-05-20 03:02:24.749936,4187
2025-05-20 03:02:25.404327,4188
2025-05-20 03:02:26.060516,4189
2025-05-20 03:02:26.711794,4190
2025-05-20 03:02:27.362254,4191
2025-05-20 03:02:28.012552,4192
2025-05-20 03:02:28.668833,4193
2025-05-20 03:02:29.315200,4194
2025-05-20 03:02:29.966570,4195
2025-05-20 03:02:30.619812,4196
2025-05-20 03:02:31.267328,4197
2025-05-20 03:02:31.924357,4198
2025-05-20 03:02:32.580981,4199
2025-05-20 03:02:33.222998,4200
2025-05-20 03:02:33.878866,4201
2025-05-20 03:02:34.524393,4202
2025-05-20 03:02:35.183858,4203
2025-05-20 03:02:35.823194,4204
2025-05-20 03:02:36.484108,4205
2025-05-20 03:02:37.131432,4206
2025-05-20 03:02:37.784317,4207
2025-05-20 03:02:38.447017,4208
2025-05-20 03:02:39.084333,4209
2025-05-20 03:02:39.744889,4210
2025-05-20 03:02:40.398818,4211
2025-05-20 03:02:41.046927,4212
2025-05-20 03:02:41.691209,4213
2025-05-20 03:02:42.345263,4214
2025-05-20 03:02:43.006938,4215
2025-05-20 03:02:43.642072,4216
2025-05-20 03:02:44.308121,4217
2025-05-20 03:02:44.945550,4218
2025-05-20 03:02:45.596975,4219
2025-05-20 03:02:46.251724,4220
2025-05-20 03:02:46.895811,4221
2025-05-20 03:02:47.566151,4222
2025-05-20 03:02:48.201111,4223
2025-05-20 03:02:48.857576,4224
2025-05-20 03:02:49.507429,4225
2025-05-20 03:02:50.170717,4226
2025-05-20 03:02:50.815162,4227
2025-05-20 03:02:51.475349,4228
2025-05-20 03:02:52.117983,4229
2025-05-20 03:02:52.765984,4230
2025-05-20 03:02:53.425005,4231
2025-05-20 03:02:54.077683,4232
2025-05-20 03:02:54.724947,4233
2025-05-20 03:02:55.368239,4234
2025-05-20 03:02:56.024373,4235
2025-05-20 03:02:56.675081,4236
2025-05-20 03:02:57.317928,4237
2025-05-20 03:02:57.985916,4238
2025-05-20 03:02:58.620385,4239
2025-05-20 03:02:59.275222,4240
2025-05-20 03:02:59.923850,4241
2025-05-20 03:03:00.577994,4242
2025-05-20 03:03:01.238970,4243
2025-05-20 03:03:01.895939,4244
2025-05-20 03:03:02.535421,4245
2025-05-20 03:03:03.198014,4246
2025-05-20 03:03:03.836123,4247
2025-05-20 03:03:04.501072,4248
2025-05-20 03:03:05.135178,4249
2025-05-20 03:03:05.792401,4250
2025-05-20 03:03:06.439322,4251
2025-05-20 03:03:07.092650,4252
2025-05-20 03:03:07.749713,4253
2025-05-20 03:03:08.401242,4254
2025-05-20 03:03:09.046131,4255
2025-05-20 03:03:09.696368,4256
2025-05-20 03:03:10.355313,4257
2025-05-20 03:03:10.996607,4258
2025-05-20 03:03:11.647869,4259
2025-05-20 03:03:12.309157,4260
2025-05-20 03:03:12.961391,4261
2025-05-20 03:03:13.610032,4262
2025-05-20 03:03:14.259073,4263
2025-05-20 03:03:14.912159,4264
2025-05-20 03:03:15.557980,4265
2025-05-20 03:03:16.212376,4266
2025-05-20 03:03:16.865214,4267
2025-05-20 03:03:17.516187,4268
2025-05-20 03:03:18.165453,4269
2025-05-20 03:03:18.823102,4270
2025-05-20 03:03:19.467054,4271
2025-05-20 03:03:20.129902,4272
2025-05-20 03:03:20.777146,4273
2025-05-20 03:03:21.436872,4274
2025-05-20 03:03:22.080225,4275
2025-05-20 03:03:22.719550,4276
2025-05-20 03:03:23.380041,4277
2025-05-20 03:03:24.026963,4278
2025-05-20 03:03:24.689998,4279
2025-05-20 03:03:25.332161,4280
2025-05-20 03:03:25.978491,4281
2025-05-20 03:03:26.635363,4282
2025-05-20 03:03:27.282774,4283
2025-05-20 03:03:27.934398,4284
2025-05-20 03:03:28.599052,4285
2025-05-20 03:03:29.239272,4286
2025-05-20 03:03:29.900345,4287
2025-05-20 03:03:30.555085,4288
2025-05-20 03:03:31.205110,4289
2025-05-20 03:03:31.856116,4290
2025-05-20 03:03:32.501407,4291
2025-05-20 03:03:33.148368,4292
2025-05-20 03:03:33.802593,4293
2025-05-20 03:03:34.449484,4294
2025-05-20 03:03:35.103212,4295
2025-05-20 03:03:35.760164,4296
2025-05-20 03:03:36.419223,4297
2025-05-20 03:03:37.069627,4298
2025-05-20 03:03:37.708445,4299
2025-05-20 03:03:38.360569,4300
2025-05-20 03:03:39.017026,4301
2025-05-20 03:03:39.660512,4302
2025-05-20 03:03:40.321113,4303
2025-05-20 03:03:40.967196,4304
2025-05-20 03:03:41.629100,4305
2025-05-20 03:03:42.274982,4306
2025-05-20 03:03:42.923756,4307
2025-05-20 03:03:43.571489,4308
2025-05-20 03:03:44.222348,4309
2025-05-20 03:03:44.874564,4310
2025-05-20 03:03:45.539160,4311
2025-05-20 03:03:46.177360,4312
2025-05-20 03:03:46.842078,4313
2025-05-20 03:03:47.476410,4314
2025-05-20 03:03:48.135344,4315
2025-05-20 03:03:48.779845,4316
2025-05-20 03:03:49.433360,4317
2025-05-20 03:03:50.083258,4318
2025-05-20 03:03:50.748031,4319
2025-05-20 03:03:51.391979,4320
2025-05-20 03:03:52.036194,4321
2025-05-20 03:03:52.690295,4322
2025-05-20 03:03:53.342255,4323
2025-05-20 03:03:53.988683,4324
2025-05-20 03:03:54.646171,4325
2025-05-20 03:03:55.289517,4326
2025-05-20 03:03:55.956201,4327
2025-05-20 03:03:56.608928,4328
2025-05-20 03:03:57.244285,4329
2025-05-20 03:03:57.897342,4330
2025-05-20 03:03:58.555325,4331
2025-05-20 03:03:59.198097,4332
2025-05-20 03:03:59.867599,4333
2025-05-20 03:04:00.508448,4334
2025-05-20 03:04:01.166711,4335
2025-05-20 03:04:01.811802,4336
2025-05-20 03:04:02.464389,4337
2025-05-20 03:04:03.112644,4338
2025-05-20 03:04:03.766318,4339
2025-05-20 03:04:04.411480,4340
2025-05-20 03:04:05.063777,4341
2025-05-20 03:04:05.711587,4342
2025-05-20 03:04:06.382655,4343
2025-05-20 03:04:07.016784,4344
2025-05-20 03:04:07.668308,4345
2025-05-20 03:04:08.317377,4346
2025-05-20 03:04:08.978229,4347
2025-05-20 03:04:09.635380,4348
2025-05-20 03:04:10.281123,4349
2025-05-20 03:04:10.927375,4350
2025-05-20 03:04:11.588234,4351
2025-05-20 03:04:12.227152,4352
2025-05-20 03:04:12.895112,4353
2025-05-20 03:04:13.537245,4354
2025-05-20 03:04:14.197198,4355
2025-05-20 03:04:14.836503,4356
2025-05-20 03:04:15.487249,4357
2025-05-20 03:04:16.138702,4358
2025-05-20 03:04:16.788624,4359
2025-05-20 03:04:17.446258,4360
2025-05-20 03:04:18.088294,4361
2025-05-20 03:04:18.739687,4362
2025-05-20 03:04:19.400694,4363
2025-05-20 03:04:20.040848,4364
2025-05-20 03:04:20.701433,4365
2025-05-20 03:04:21.352371,4366
2025-05-20 03:04:21.996237,4367
2025-05-20 03:04:22.655659,4368
2025-05-20 03:04:23.310282,4369
2025-05-20 03:04:23.959146,4370
2025-05-20 03:04:24.600467,4371
2025-05-20 03:04:25.252565,4372
2025-05-20 03:04:25.912742,4373
2025-05-20 03:04:26.556484,4374
2025-05-20 03:04:27.216543,4375
2025-05-20 03:04:27.861517,4376
2025-05-20 03:04:28.528275,4377
2025-05-20 03:04:29.175527,4378
2025-05-20 03:04:29.822405,4379
2025-05-20 03:04:30.462677,4380
2025-05-20 03:04:31.129872,4381
2025-05-20 03:04:31.780348,4382
2025-05-20 03:04:32.416727,4383
2025-05-20 03:04:33.068246,4384
2025-05-20 03:04:33.735407,4385
2025-05-20 03:04:34.385809,4386
2025-05-20 03:04:35.025141,4387
2025-05-20 03:04:35.674796,4388
2025-05-20 03:04:36.332767,4389
2025-05-20 03:04:36.987566,4390
2025-05-20 03:04:37.632488,4391
2025-05-20 03:04:38.290388,4392
2025-05-20 03:04:38.946288,4393
2025-05-20 03:04:39.585310,4394
2025-05-20 03:04:40.238449,4395
2025-05-20 03:04:40.894226,4396
2025-05-20 03:04:41.555250,4397
2025-05-20 03:04:42.199466,4398
2025-05-20 03:04:42.859191,4399
2025-05-20 03:04:43.507282,4400
2025-05-20 03:04:44.143349,4401
2025-05-20 03:04:44.800591,4402
2025-05-20 03:04:45.448966,4403
2025-05-20 03:04:46.098936,4404
2025-05-20 03:04:46.752941,4405
2025-05-20 03:04:47.405240,4406
2025-05-20 03:04:48.056619,4407
2025-05-20 03:04:48.702708,4408
2025-05-20 03:04:49.360784,4409
2025-05-20 03:04:50.016472,4410
2025-05-20 03:04:50.671879,4411
2025-05-20 03:04:51.319867,4412
2025-05-20 03:04:51.968423,4413
2025-05-20 03:04:52.628189,4414
2025-05-20 03:04:53.276904,4415
2025-05-20 03:04:53.934403,4416
2025-05-20 03:04:54.586293,4417
2025-05-20 03:04:55.223920,4418
2025-05-20 03:04:55.875833,4419
2025-05-20 03:04:56.534532,4420
2025-05-20 03:04:57.186733,4421
2025-05-20 03:04:57.833869,4422
2025-05-20 03:04:58.495471,4423
2025-05-20 03:04:59.146384,4424
2025-05-20 03:04:59.795544,4425
2025-05-20 03:05:00.436594,4426
2025-05-20 03:05:01.094609,4427
2025-05-20 03:05:01.755814,4428
2025-05-20 03:05:02.388841,4429
2025-05-20 03:05:03.049307,4430
2025-05-20 03:05:03.696790,4431
2025-05-20 03:05:04.351816,4432
2025-05-20 03:05:05.000488,4433
2025-05-20 03:05:05.651986,4434
2025-05-20 03:05:06.311567,4435
2025-05-20 03:05:06.967581,4436
2025-05-20 03:05:07.599773,4437
2025-05-20 03:05:08.258516,4438
2025-05-20 03:05:08.917757,4439
2025-05-20 03:05:09.555904,4440
2025-05-20 03:05:10.220406,4441
2025-05-20 03:05:10.869438,4442
2025-05-20 03:05:11.514712,4443
2025-05-20 03:05:12.158724,4444
2025-05-20 03:05:12.820593,4445
2025-05-20 03:05:13.477363,4446
2025-05-20 03:05:14.112879,4447
2025-05-20 03:05:14.764878,4448
2025-05-20 03:05:15.420679,4449
2025-05-20 03:05:16.071460,4450
2025-05-20 03:05:16.716901,4451
2025-05-20 03:05:17.377720,4452
2025-05-20 03:05:18.024517,4453
2025-05-20 03:05:18.671631,4454
2025-05-20 03:05:19.324881,4455
2025-05-20 03:05:19.981328,4456
2025-05-20 03:05:20.632605,4457
2025-05-20 03:05:21.284903,4458
2025-05-20 03:05:21.938719,4459
2025-05-20 03:05:22.582951,4460
2025-05-20 03:05:23.231807,4461
2025-05-20 03:05:23.891748,4462
2025-05-20 03:05:24.543732,4463
2025-05-20 03:05:25.187760,4464
2025-05-20 03:05:25.839624,4465
2025-05-20 03:05:26.496712,4466
2025-05-20 03:05:27.145938,4467
2025-05-20 03:05:27.790741,4468
2025-05-20 03:05:28.450970,4469
2025-05-20 03:05:29.099897,4470
2025-05-20 03:05:29.746516,4471
2025-05-20 03:05:30.395659,4472
2025-05-20 03:05:31.048623,4473
2025-05-20 03:05:31.703470,4474
2025-05-20 03:05:32.355916,4475
2025-05-20 03:05:33.004932,4476
2025-05-20 03:05:33.668550,4477
2025-05-20 03:05:34.303863,4478
2025-05-20 03:05:34.969007,4479
2025-05-20 03:05:35.605976,4480
2025-05-20 03:05:36.261768,4481
2025-05-20 03:05:36.915669,4482
2025-05-20 03:05:37.559846,4483
2025-05-20 03:05:38.214892,4484
2025-05-20 03:05:38.867826,4485
2025-05-20 03:05:39.527339,4486
2025-05-20 03:05:40.175644,4487
2025-05-20 03:05:40.821048,4488
2025-05-20 03:05:41.467791,4489
2025-05-20 03:05:42.130634,4490
2025-05-20 03:05:42.780867,4491
2025-05-20 03:05:43.428766,4492
2025-05-20 03:05:44.094913,4493
2025-05-20 03:05:44.731875,4494
2025-05-20 03:05:45.381978,4495
2025-05-20 03:05:46.037016,4496
2025-05-20 03:05:46.683130,4497
2025-05-20 03:05:47.333297,4498
2025-05-20 03:05:47.982823,4499
2025-05-20 03:05:48.633142,4500
2025-05-20 03:05:49.305597,4501
2025-05-20 03:05:49.938610,4502
2025-05-20 03:05:50.588904,4503
2025-05-20 03:05:51.255665,4504
2025-05-20 03:05:51.895924,4505
2025-05-20 03:05:52.543896,4506
2025-05-20 03:05:53.192907,4507
2025-05-20 03:05:53.862004,4508
2025-05-20 03:05:54.502884,4509
2025-05-20 03:05:55.157559,4510
2025-05-20 03:05:55.805857,4511
2025-05-20 03:05:56.451866,4512
2025-05-20 03:05:57.103042,4513
2025-05-20 03:05:57.759881,4514
2025-05-20 03:05:58.410029,4515
2025-05-20 03:05:59.055799,4516
2025-05-20 03:05:59.717645,4517
2025-05-20 03:06:00.365886,4518
2025-05-20 03:06:01.014902,4519
2025-05-20 03:06:01.670125,4520
2025-05-20 03:06:02.317696,4521
2025-05-20 03:06:02.964115,4522
2025-05-20 03:06:03.625979,4523
2025-05-20 03:06:04.279827,4524
2025-05-20 03:06:04.920451,4525
2025-05-20 03:06:05.577566,4526
2025-05-20 03:06:06.224940,4527
2025-05-20 03:06:06.871925,4528
2025-05-20 03:06:07.532450,4529
2025-05-20 03:06:08.176003,4530
2025-05-20 03:06:08.831027,4531
2025-05-20 03:06:09.488798,4532
2025-05-20 03:06:10.139032,4533
2025-05-20 03:06:10.786915,4534
2025-05-20 03:06:11.438718,4535
2025-05-20 03:06:12.096384,4536
2025-05-20 03:06:12.744300,4537
2025-05-20 03:06:13.390951,4538
2025-05-20 03:06:14.040270,4539
2025-05-20 03:06:14.699662,4540
2025-05-20 03:06:15.351706,4541
2025-05-20 03:06:15.991601,4542
2025-05-20 03:06:16.655712,4543
2025-05-20 03:06:17.297736,4544
2025-05-20 03:06:17.946987,4545
2025-05-20 03:06:18.618146,4546
2025-05-20 03:06:19.261658,4547
2025-05-20 03:06:19.898055,4548
2025-05-20 03:06:20.555662,4549
2025-05-20 03:06:21.222654,4550
2025-05-20 03:06:21.863439,4551
2025-05-20 03:06:22.507014,4552
2025-05-20 03:06:23.162049,4553
2025-05-20 03:06:23.821758,4554
2025-05-20 03:06:24.462947,4555
2025-05-20 03:06:25.113726,4556
2025-05-20 03:06:25.767675,4557
2025-05-20 03:06:26.427556,4558
2025-05-20 03:06:27.075843,4559
2025-05-20 03:06:27.730804,4560
2025-05-20 03:06:28.376738,4561
2025-05-20 03:06:29.023027,4562
2025-05-20 03:06:29.689749,4563
2025-05-20 03:06:30.336796,4564
2025-05-20 03:06:30.991840,4565
2025-05-20 03:06:31.624177,4566
2025-05-20 03:06:32.275166,4567
2025-05-20 03:06:32.929929,4568
2025-05-20 03:06:33.587000,4569
2025-05-20 03:06:34.247533,4570
2025-05-20 03:06:34.881669,4571
2025-05-20 03:06:35.546708,4572
2025-05-20 03:06:36.188636,4573
2025-05-20 03:06:36.837185,4574
2025-05-20 03:06:37.487862,4575
2025-05-20 03:06:38.147902,4576
2025-05-20 03:06:38.797959,4577
2025-05-20 03:06:39.455791,4578
2025-05-20 03:06:40.097018,4579
2025-05-20 03:06:40.753729,4580
2025-05-20 03:06:41.413832,4581
2025-05-20 03:06:42.047823,4582
2025-05-20 03:06:42.700194,4583
2025-05-20 03:06:43.347072,4584
2025-05-20 03:06:44.010780,4585
2025-05-20 03:06:44.658053,4586
2025-05-20 03:06:45.302198,4587
2025-05-20 03:06:45.960128,4588
2025-05-20 03:06:46.614922,4589
2025-05-20 03:06:47.255888,4590
2025-05-20 03:06:47.926960,4591
2025-05-20 03:06:48.558851,4592
2025-05-20 03:06:49.220622,4593
2025-05-20 03:06:49.867161,4594
2025-05-20 03:06:50.526968,4595
2025-05-20 03:06:51.181547,4596
2025-05-20 03:06:51.826112,4597
2025-05-20 03:06:52.468181,4598
2025-05-20 03:06:53.135297,4599
2025-05-20 03:06:53.793982,4600
2025-05-20 03:06:54.435067,4601
2025-05-20 03:06:55.085787,4602
2025-05-20 03:06:55.731515,4603
2025-05-20 03:06:56.392961,4604
2025-05-20 03:06:57.043106,4605
2025-05-20 03:06:57.691754,4606
2025-05-20 03:06:58.339138,4607
2025-05-20 03:06:59.002873,4608
2025-05-20 03:06:59.640182,4609
2025-05-20 03:07:00.308800,4610
2025-05-20 03:07:00.947055,4611
2025-05-20 03:07:01.603948,4612
2025-05-20 03:07:02.254175,4613
2025-05-20 03:07:02.899872,4614
2025-05-20 03:07:03.547346,4615
2025-05-20 03:07:04.202131,4616
2025-05-20 03:07:04.852350,4617
2025-05-20 03:07:05.510883,4618
2025-05-20 03:07:06.170964,4619
2025-05-20 03:07:06.817864,4620
2025-05-20 03:07:07.474969,4621
2025-05-20 03:07:08.110451,4622
2025-05-20 03:07:08.778716,4623
2025-05-20 03:07:09.429990,4624
2025-05-20 03:07:10.071603,4625
2025-05-20 03:07:10.723876,4626
2025-05-20 03:07:11.373844,4627
2025-05-20 03:07:12.018150,4628
2025-05-20 03:07:12.671504,4629
2025-05-20 03:07:13.319206,4630
2025-05-20 03:07:13.972371,4631
2025-05-20 03:07:14.627933,4632
2025-05-20 03:07:15.279373,4633
2025-05-20 03:07:15.940907,4634
2025-05-20 03:07:16.574239,4635
2025-05-20 03:07:17.234228,4636
2025-05-20 03:07:17.893938,4637
2025-05-20 03:07:18.543015,4638
2025-05-20 03:07:19.185981,4639
2025-05-20 03:07:19.838424,4640
2025-05-20 03:07:20.484364,4641
2025-05-20 03:07:21.144973,4642
2025-05-20 03:07:21.793198,4643
2025-05-20 03:07:22.442245,4644
2025-05-20 03:07:23.106035,4645
2025-05-20 03:07:23.740225,4646
2025-05-20 03:07:24.411224,4647
2025-05-20 03:07:25.039854,4648
2025-05-20 03:07:25.693343,4649
2025-05-20 03:07:26.347060,4650
2025-05-20 03:07:27.002451,4651
2025-05-20 03:07:27.661968,4652
2025-05-20 03:07:28.301923,4653
2025-05-20 03:07:28.952953,4654
2025-05-20 03:07:29.609158,4655
2025-05-20 03:07:30.252469,4656
2025-05-20 03:07:30.921926,4657
2025-05-20 03:07:31.559289,4658
2025-05-20 03:07:32.216974,4659
2025-05-20 03:07:32.868347,4660
2025-05-20 03:07:33.516426,4661
2025-05-20 03:07:34.165450,4662
2025-05-20 03:07:34.815777,4663
2025-05-20 03:07:35.468531,4664
2025-05-20 03:07:36.116440,4665
2025-05-20 03:07:36.767017,4666
2025-05-20 03:07:37.420516,4667
2025-05-20 03:07:38.073119,4668
2025-05-20 03:07:38.720426,4669
2025-05-20 03:07:39.390895,4670
2025-05-20 03:07:40.020806,4671
2025-05-20 03:07:40.691221,4672
2025-05-20 03:07:41.333404,4673
2025-05-20 03:07:41.979977,4674
2025-05-20 03:07:42.629093,4675
2025-05-20 03:07:43.288356,4676
2025-05-20 03:07:43.932409,4677
2025-05-20 03:07:44.584236,4678
2025-05-20 03:07:45.246076,4679
2025-05-20 03:07:45.895962,4680
2025-05-20 03:07:46.546004,4681
2025-05-20 03:07:47.199247,4682
2025-05-20 03:07:47.844345,4683
2025-05-20 03:07:48.510103,4684
2025-05-20 03:07:49.154022,4685
2025-05-20 03:07:49.804513,4686
2025-05-20 03:07:50.451662,4687
2025-05-20 03:07:51.104423,4688
2025-05-20 03:07:51.751321,4689
2025-05-20 03:07:52.403283,4690
2025-05-20 03:07:53.060549,4691
2025-05-20 03:07:53.719199,4692
2025-05-20 03:07:54.363542,4693
2025-05-20 03:07:55.004512,4694
2025-05-20 03:07:55.657420,4695
2025-05-20 03:07:56.308506,4696
2025-05-20 03:07:56.975005,4697
2025-05-20 03:07:57.612987,4698
2025-05-20 03:07:58.274154,4699
2025-05-20 03:07:58.925185,4700
2025-05-20 03:07:59.572905,4701
2025-05-20 03:08:00.220445,4702
2025-05-20 03:08:00.874314,4703
2025-05-20 03:08:01.515880,4704
2025-05-20 03:08:02.177371,4705
2025-05-20 03:08:02.830157,4706
2025-05-20 03:08:03.485878,4707
2025-05-20 03:08:04.134293,4708
2025-05-20 03:08:04.779874,4709
2025-05-20 03:08:05.427704,4710
2025-05-20 03:08:06.076233,4711
2025-05-20 03:08:06.735880,4712
2025-05-20 03:08:07.399203,4713
2025-05-20 03:08:08.036425,4714
2025-05-20 03:08:08.683470,4715
2025-05-20 03:08:09.343397,4716
2025-05-20 03:08:09.992243,4717
2025-05-20 03:08:10.642361,4718
2025-05-20 03:08:11.292326,4719
2025-05-20 03:08:11.948534,4720
2025-05-20 03:08:12.598678,4721
2025-05-20 03:08:13.247442,4722
2025-05-20 03:08:13.899336,4723
2025-05-20 03:08:14.546365,4724
2025-05-20 03:08:15.203492,4725
2025-05-20 03:08:15.851466,4726
2025-05-20 03:08:16.501409,4727
2025-05-20 03:08:17.160096,4728
2025-05-20 03:08:17.806462,4729
2025-05-20 03:08:18.459879,4730
2025-05-20 03:08:19.108800,4731
2025-05-20 03:08:19.767096,4732
2025-05-20 03:08:20.416168,4733
2025-05-20 03:08:21.059891,4734
2025-05-20 03:08:21.715920,4735
2025-05-20 03:08:22.381644,4736
2025-05-20 03:08:23.028282,4737
2025-05-20 03:08:23.675117,4738
2025-05-20 03:08:24.316408,4739
2025-05-20 03:08:24.971604,4740
2025-05-20 03:08:25.624674,4741
2025-05-20 03:08:26.272674,4742
2025-05-20 03:08:26.940089,4743
2025-05-20 03:08:27.570405,4744
2025-05-20 03:08:28.224519,4745
2025-05-20 03:08:28.879548,4746
2025-05-20 03:08:29.543015,4747
2025-05-20 03:08:30.195247,4748
2025-05-20 03:08:30.843238,4749
2025-05-20 03:08:31.478437,4750
2025-05-20 03:08:32.141633,4751
2025-05-20 03:08:32.800296,4752
2025-05-20 03:08:33.441616,4753
2025-05-20 03:08:34.088868,4754
2025-05-20 03:08:34.736654,4755
2025-05-20 03:08:35.400340,4756
2025-05-20 03:08:36.056262,4757
2025-05-20 03:08:36.699826,4758
2025-05-20 03:08:37.344918,4759
2025-05-20 03:08:38.001716,4760
2025-05-20 03:08:38.653058,4761
2025-05-20 03:08:39.304484,4762
2025-05-20 03:08:39.947204,4763
2025-05-20 03:08:40.599405,4764
2025-05-20 03:08:41.250781,4765
2025-05-20 03:08:41.907571,4766
2025-05-20 03:08:42.563342,4767
2025-05-20 03:08:43.222438,4768
2025-05-20 03:08:43.860500,4769
2025-05-20 03:08:44.507675,4770
2025-05-20 03:08:45.156953,4771
2025-05-20 03:08:45.819605,4772
2025-05-20 03:08:46.462864,4773
2025-05-20 03:08:47.121900,4774
2025-05-20 03:08:47.768321,4775
2025-05-20 03:08:48.419963,4776
2025-05-20 03:08:49.068509,4777
2025-05-20 03:08:49.725528,4778
2025-05-20 03:08:50.379557,4779
2025-05-20 03:08:51.035208,4780
2025-05-20 03:08:51.672658,4781
2025-05-20 03:08:52.335490,4782
2025-05-20 03:08:52.983901,4783
2025-05-20 03:08:53.632597,4784
2025-05-20 03:08:54.290351,4785
2025-05-20 03:08:54.937861,4786
2025-05-20 03:08:55.580023,4787
2025-05-20 03:08:56.233834,4788
2025-05-20 03:08:56.902722,4789
2025-05-20 03:08:57.550446,4790
2025-05-20 03:08:58.186296,4791
2025-05-20 03:08:58.843743,4792
2025-05-20 03:08:59.496389,4793
2025-05-20 03:09:00.145019,4794
2025-05-20 03:09:00.793008,4795
2025-05-20 03:09:01.449516,4796
2025-05-20 03:09:02.097089,4797
2025-05-20 03:09:02.759640,4798
2025-05-20 03:09:03.414699,4799
2025-05-20 03:09:04.055924,4800
2025-05-20 03:09:04.704844,4801
2025-05-20 03:09:05.371388,4802
2025-05-20 03:09:06.005921,4803
2025-05-20 03:09:06.663661,4804
2025-05-20 03:09:07.307698,4805
2025-05-20 03:09:07.966774,4806
2025-05-20 03:09:08.614737,4807
2025-05-20 03:09:09.273505,4808
2025-05-20 03:09:09.920660,4809
2025-05-20 03:09:10.579561,4810
2025-05-20 03:09:11.219773,4811
2025-05-20 03:09:11.876203,4812
2025-05-20 03:09:12.515883,4813
2025-05-20 03:09:13.171950,4814
2025-05-20 03:09:13.833862,4815
2025-05-20 03:09:14.483498,4816
2025-05-20 03:09:15.131732,4817
2025-05-20 03:09:15.783399,4818
2025-05-20 03:09:16.428999,4819
2025-05-20 03:09:17.077659,4820
2025-05-20 03:09:17.728897,4821
2025-05-20 03:09:18.391647,4822
2025-05-20 03:09:19.032580,4823
2025-05-20 03:09:19.684991,4824
2025-05-20 03:09:20.331705,4825
2025-05-20 03:09:20.982782,4826
2025-05-20 03:09:21.642282,4827
2025-05-20 03:09:22.286337,4828
2025-05-20 03:09:22.945028,4829
2025-05-20 03:09:23.589886,4830
2025-05-20 03:09:24.240991,4831
2025-05-20 03:09:24.892932,4832
2025-05-20 03:09:25.544804,4833
2025-05-20 03:09:26.199633,4834
2025-05-20 03:09:26.847571,4835
2025-05-20 03:09:27.514450,4836
2025-05-20 03:09:28.166296,4837
2025-05-20 03:09:28.808840,4838
2025-05-20 03:09:29.455661,4839
2025-05-20 03:09:30.112650,4840
2025-05-20 03:09:30.764380,4841
2025-05-20 03:09:31.418650,4842
2025-05-20 03:09:32.058184,4843
2025-05-20 03:09:32.710739,4844
2025-05-20 03:09:33.368903,4845
2025-05-20 03:09:34.014477,4846
2025-05-20 03:09:34.663006,4847
2025-05-20 03:09:35.313100,4848
2025-05-20 03:09:35.970900,4849
2025-05-20 03:09:36.618693,4850
2025-05-20 03:09:37.275963,4851
2025-05-20 03:09:37.920983,4852
2025-05-20 03:09:38.577140,4853
2025-05-20 03:09:39.232105,4854
2025-05-20 03:09:39.888071,4855
2025-05-20 03:09:40.525623,4856
2025-05-20 03:09:41.179058,4857
2025-05-20 03:09:41.835801,4858
2025-05-20 03:09:42.486859,4859
2025-05-20 03:09:43.130930,4860
2025-05-20 03:09:43.792887,4861
2025-05-20 03:09:44.443820,4862
2025-05-20 03:09:45.093132,4863
2025-05-20 03:09:45.756546,4864
2025-05-20 03:09:46.405239,4865
2025-05-20 03:09:47.044158,4866
2025-05-20 03:09:47.707400,4867
2025-05-20 03:09:48.343952,4868
2025-05-20 03:09:49.005476,4869
2025-05-20 03:09:49.647881,4870
2025-05-20 03:09:50.313204,4871
2025-05-20 03:09:50.953989,4872
2025-05-20 03:09:51.599962,4873
2025-05-20 03:09:52.269557,4874
2025-05-20 03:09:52.904588,4875
2025-05-20 03:09:53.562666,4876
2025-05-20 03:09:54.207108,4877
2025-05-20 03:09:54.858835,4878
2025-05-20 03:09:55.516044,4879
2025-05-20 03:09:56.176642,4880
2025-05-20 03:09:56.829655,4881
2025-05-20 03:09:57.479696,4882
2025-05-20 03:09:58.119918,4883
2025-05-20 03:09:58.781479,4884
2025-05-20 03:09:59.414862,4885
2025-05-20 03:10:00.070673,4886
2025-05-20 03:10:00.719835,4887
2025-05-20 03:10:01.373887,4888
2025-05-20 03:10:02.029984,4889
2025-05-20 03:10:02.691697,4890
2025-05-20 03:10:03.334648,4891
2025-05-20 03:10:03.981878,4892
2025-05-20 03:10:04.634974,4893
2025-05-20 03:10:05.283575,4894
2025-05-20 03:10:05.931764,4895
2025-05-20 03:10:06.594399,4896
2025-05-20 03:10:07.237974,4897
2025-05-20 03:10:07.891855,4898
2025-05-20 03:10:08.550775,4899
2025-05-20 03:10:09.201305,4900
2025-05-20 03:10:09.843304,4901
2025-05-20 03:10:10.487087,4902
2025-05-20 03:10:11.144714,4903
2025-05-20 03:10:11.790151,4904
2025-05-20 03:10:12.451644,4905
2025-05-20 03:10:13.095031,4906
2025-05-20 03:10:13.752824,4907
2025-05-20 03:10:14.404055,4908
2025-05-20 03:10:15.052651,4909
2025-05-20 03:10:15.707265,4910
2025-05-20 03:10:16.350232,4911
2025-05-20 03:10:17.012680,4912
2025-05-20 03:10:17.650936,4913
2025-05-20 03:10:18.303784,4914
2025-05-20 03:10:18.970660,4915
2025-05-20 03:10:19.605981,4916
2025-05-20 03:10:20.257935,4917
2025-05-20 03:10:20.915590,4918
2025-05-20 03:10:21.567905,4919
2025-05-20 03:10:22.211186,4920
2025-05-20 03:10:22.867184,4921
2025-05-20 03:10:23.514073,4922
2025-05-20 03:10:24.175152,4923
2025-05-20 03:10:24.817743,4924
2025-05-20 03:10:25.470401,4925
2025-05-20 03:10:26.138736,4926
2025-05-20 03:10:26.778964,4927
2025-05-20 03:10:27.428019,4928
2025-05-20 03:10:28.072522,4929
2025-05-20 03:10:28.726018,4930
2025-05-20 03:10:29.386843,4931
2025-05-20 03:10:30.031695,4932
2025-05-20 03:10:30.678998,4933
2025-05-20 03:10:31.339768,4934
2025-05-20 03:10:31.996024,4935
2025-05-20 03:10:32.642940,4936
2025-05-20 03:10:33.280929,4937
2025-05-20 03:10:33.938003,4938
2025-05-20 03:10:34.598809,4939
2025-05-20 03:10:35.243053,4940
2025-05-20 03:10:35.891065,4941
2025-05-20 03:10:36.538980,4942
2025-05-20 03:10:37.194228,4943
2025-05-20 03:10:37.843006,4944
2025-05-20 03:10:38.506228,4945
2025-05-20 03:10:39.153650,4946
2025-05-20 03:10:39.799229,4947
2025-05-20 03:10:40.456054,4948
2025-05-20 03:10:41.102024,4949
2025-05-20 03:10:41.749324,4950
2025-05-20 03:10:42.409966,4951
2025-05-20 03:10:43.058121,4952
2025-05-20 03:10:43.712260,4953
2025-05-20 03:10:44.377531,4954
2025-05-20 03:10:45.010445,4955
2025-05-20 03:10:45.663085,4956
2025-05-20 03:10:46.315037,4957
2025-05-20 03:10:46.986862,4958
2025-05-20 03:10:47.621766,4959
2025-05-20 03:10:48.281752,4960
2025-05-20 03:10:48.926256,4961
2025-05-20 03:10:49.577560,4962
2025-05-20 03:10:50.231167,4963
2025-05-20 03:10:50.879169,4964
2025-05-20 03:10:51.535632,4965
2025-05-20 03:10:52.192798,4966
2025-05-20 03:10:52.832118,4967
2025-05-20 03:10:53.487930,4968
2025-05-20 03:10:54.140273,4969
2025-05-20 03:10:54.799810,4970
2025-05-20 03:10:55.443795,4971
2025-05-20 03:10:56.092375,4972
2025-05-20 03:10:56.732991,4973
2025-05-20 03:10:57.393630,4974
2025-05-20 03:10:58.056870,4975
2025-05-20 03:10:58.695848,4976
2025-05-20 03:10:59.343083,4977
2025-05-20 03:10:59.994824,4978
2025-05-20 03:11:00.643557,4979
2025-05-20 03:11:01.302355,4980
2025-05-20 03:11:01.947320,4981
2025-05-20 03:11:02.606122,4982
2025-05-20 03:11:03.259140,4983
2025-05-20 03:11:03.918647,4984
2025-05-20 03:11:04.551424,4985
2025-05-20 03:11:05.205092,4986
2025-05-20 03:11:05.864115,4987
2025-05-20 03:11:06.516219,4988
2025-05-20 03:11:07.173646,4989
2025-05-20 03:11:07.816328,4990
2025-05-20 03:11:08.463262,4991
2025-05-20 03:11:09.112028,4992
2025-05-20 03:11:09.773005,4993
2025-05-20 03:11:10.424448,4994
2025-05-20 03:11:11.076812,4995
2025-05-20 03:11:11.719875,4996
2025-05-20 03:11:12.370347,4997
2025-05-20 03:11:13.027235,4998
2025-05-20 03:11:13.673922,4999
2025-05-20 03:11:14.334830,5000
2025-05-20 03:11:14.975449,5001
2025-05-20 03:11:15.643042,5002
2025-05-20 03:11:16.279097,5003
2025-05-20 03:11:16.940848,5004
2025-05-20 03:11:17.580231,5005
2025-05-20 03:11:18.231013,5006
2025-05-20 03:11:18.894403,5007
2025-05-20 03:11:19.550789,5008
2025-05-20 03:11:20.184943,5009
2025-05-20 03:11:20.844329,5010
2025-05-20 03:11:21.505936,5011
2025-05-20 03:11:22.143353,5012
2025-05-20 03:11:22.791196,5013
2025-05-20 03:11:23.443401,5014
2025-05-20 03:11:24.092857,5015
2025-05-20 03:11:24.762397,5016
2025-05-20 03:11:25.400223,5017
2025-05-20 03:11:26.048432,5018
2025-05-20 03:11:26.708050,5019
2025-05-20 03:11:27.352334,5020
2025-05-20 03:11:28.002464,5021
2025-05-20 03:11:28.659253,5022
2025-05-20 03:11:29.303871,5023
2025-05-20 03:11:29.956156,5024
2025-05-20 03:11:30.610109,5025
2025-05-20 03:11:31.259222,5026
2025-05-20 03:11:31.908306,5027
2025-05-20 03:11:32.568387,5028
2025-05-20 03:11:33.220858,5029
2025-05-20 03:11:33.867501,5030
2025-05-20 03:11:34.521253,5031
2025-05-20 03:11:35.163178,5032
2025-05-20 03:11:35.825953,5033
2025-05-20 03:11:36.468268,5034
2025-05-20 03:11:37.120436,5035
2025-05-20 03:11:37.770348,5036
2025-05-20 03:11:38.428339,5037
2025-05-20 03:11:39.081054,5038
2025-05-20 03:11:39.738972,5039
2025-05-20 03:11:40.386328,5040
2025-05-20 03:11:41.030960,5041
2025-05-20 03:11:41.684061,5042
2025-05-20 03:11:42.340965,5043
2025-05-20 03:11:43.001774,5044
2025-05-20 03:11:43.652088,5045
2025-05-20 03:11:44.298157,5046
2025-05-20 03:11:44.944393,5047
2025-05-20 03:11:45.607527,5048
2025-05-20 03:11:46.245293,5049
2025-05-20 03:11:46.893899,5050
2025-05-20 03:11:47.549428,5051
2025-05-20 03:11:48.200601,5052
2025-05-20 03:11:48.848289,5053
2025-05-20 03:11:49.509139,5054
2025-05-20 03:11:50.155758,5055
2025-05-20 03:11:50.804519,5056
2025-05-20 03:11:51.449351,5057
2025-05-20 03:11:52.105358,5058
2025-05-20 03:11:52.762991,5059
2025-05-20 03:11:53.410229,5060
2025-05-20 03:11:54.064044,5061
2025-05-20 03:11:54.717948,5062
2025-05-20 03:11:55.358605,5063
2025-05-20 03:11:56.018025,5064
2025-05-20 03:11:56.666217,5065
2025-05-20 03:11:57.314445,5066
2025-05-20 03:11:57.974229,5067
2025-05-20 03:11:58.624297,5068
2025-05-20 03:11:59.266157,5069
2025-05-20 03:11:59.920380,5070
2025-05-20 03:12:00.572495,5071
2025-05-20 03:12:01.230948,5072
2025-05-20 03:12:01.872247,5073
2025-05-20 03:12:02.527450,5074
2025-05-20 03:12:03.179048,5075
2025-05-20 03:12:03.827393,5076
2025-05-20 03:12:04.486416,5077
2025-05-20 03:12:05.143215,5078
2025-05-20 03:12:05.790060,5079
2025-05-20 03:12:06.433699,5080
2025-05-20 03:12:07.091578,5081
2025-05-20 03:12:07.739556,5082
2025-05-20 03:12:08.388112,5083
2025-05-20 03:12:09.047062,5084
2025-05-20 03:12:09.708097,5085
2025-05-20 03:12:10.340542,5086
2025-05-20 03:12:10.998349,5087
2025-05-20 03:12:11.648229,5088
2025-05-20 03:12:12.304536,5089
2025-05-20 03:12:12.963049,5090
2025-05-20 03:12:13.614172,5091
2025-05-20 03:12:14.256651,5092
2025-05-20 03:12:14.904178,5093
2025-05-20 03:12:15.567314,5094
2025-05-20 03:12:16.208468,5095
2025-05-20 03:12:16.854058,5096
2025-05-20 03:12:17.508347,5097
2025-05-20 03:12:18.176921,5098
2025-05-20 03:12:18.816446,5099
2025-05-20 03:12:19.470126,5100
2025-05-20 03:12:20.113094,5101
2025-05-20 03:12:20.772909,5102
2025-05-20 03:12:21.414658,5103
2025-05-20 03:12:22.072439,5104
2025-05-20 03:12:22.722291,5105
2025-05-20 03:12:23.371958,5106
2025-05-20 03:12:24.020619,5107
2025-05-20 03:12:24.677511,5108
2025-05-20 03:12:25.321221,5109
2025-05-20 03:12:25.981269,5110
2025-05-20 03:12:26.639373,5111
2025-05-20 03:12:27.283936,5112
2025-05-20 03:12:27.944939,5113
2025-05-20 03:12:28.580641,5114
2025-05-20 03:12:29.248875,5115
2025-05-20 03:12:29.899323,5116
2025-05-20 03:12:30.541599,5117
2025-05-20 03:12:31.182388,5118
2025-05-20 03:12:31.836392,5119
2025-05-20 03:12:32.491446,5120
2025-05-20 03:12:33.152425,5121
2025-05-20 03:12:33.797304,5122
2025-05-20 03:12:34.454199,5123
2025-05-20 03:12:35.091084,5124
2025-05-20 03:12:35.755269,5125
2025-05-20 03:12:36.403424,5126
2025-05-20 03:12:37.050749,5127
2025-05-20 03:12:37.696955,5128
2025-05-20 03:12:38.348555,5129
2025-05-20 03:12:39.013676,5130
2025-05-20 03:12:39.660397,5131
2025-05-20 03:12:40.313265,5132
2025-05-20 03:12:40.960744,5133
2025-05-20 03:12:41.607826,5134
2025-05-20 03:12:42.271221,5135
2025-05-20 03:12:42.910386,5136
2025-05-20 03:12:43.573994,5137
2025-05-20 03:12:44.230251,5138
2025-05-20 03:12:44.879312,5139
2025-05-20 03:12:45.523051,5140
2025-05-20 03:12:46.174618,5141
2025-05-20 03:12:46.822784,5142
2025-05-20 03:12:47.467790,5143
2025-05-20 03:12:48.128735,5144
2025-05-20 03:12:48.775654,5145
2025-05-20 03:12:49.423894,5146
2025-05-20 03:12:50.077654,5147
2025-05-20 03:12:50.736301,5148
2025-05-20 03:12:51.384830,5149
2025-05-20 03:12:52.035658,5150
2025-05-20 03:12:52.683861,5151
2025-05-20 03:12:53.338244,5152
2025-05-20 03:12:53.986363,5153
2025-05-20 03:12:54.632765,5154
2025-05-20 03:12:55.284057,5155
2025-05-20 03:12:55.945119,5156
2025-05-20 03:12:56.588374,5157
2025-05-20 03:12:57.242820,5158
2025-05-20 03:12:57.892441,5159
2025-05-20 03:12:58.551612,5160
2025-05-20 03:12:59.199808,5161
2025-05-20 03:12:59.862230,5162
2025-05-20 03:13:00.505667,5163
2025-05-20 03:13:01.147870,5164
2025-05-20 03:13:01.808801,5165
2025-05-20 03:13:02.460624,5166
2025-05-20 03:13:03.104904,5167
2025-05-20 03:13:03.752793,5168
2025-05-20 03:13:04.414808,5169
2025-05-20 03:13:05.057403,5170
2025-05-20 03:13:05.713599,5171
2025-05-20 03:13:06.364497,5172
2025-05-20 03:13:07.021739,5173
2025-05-20 03:13:07.665756,5174
2025-05-20 03:13:08.311506,5175
2025-05-20 03:13:08.968374,5176
2025-05-20 03:13:09.623904,5177
2025-05-20 03:13:10.267839,5178
2025-05-20 03:13:10.919452,5179
2025-05-20 03:13:11.577838,5180
2025-05-20 03:13:12.229476,5181
2025-05-20 03:13:12.872447,5182
2025-05-20 03:13:13.532885,5183
2025-05-20 03:13:14.175721,5184
2025-05-20 03:13:14.829267,5185
2025-05-20 03:13:15.488406,5186
2025-05-20 03:13:16.137827,5187
2025-05-20 03:13:16.784465,5188
2025-05-20 03:13:17.440268,5189
2025-05-20 03:13:18.087558,5190
2025-05-20 03:13:18.734638,5191
2025-05-20 03:13:19.388339,5192
2025-05-20 03:13:20.042906,5193
2025-05-20 03:13:20.699528,5194
2025-05-20 03:13:21.339822,5195
2025-05-20 03:13:21.992843,5196
2025-05-20 03:13:22.648397,5197
2025-05-20 03:13:23.295956,5198
2025-05-20 03:13:23.955524,5199
2025-05-20 03:13:24.595824,5200
2025-05-20 03:13:25.254731,5201
2025-05-20 03:13:25.903599,5202
2025-05-20 03:13:26.549841,5203
2025-05-20 03:13:27.207657,5204
2025-05-20 03:13:27.871551,5205
2025-05-20 03:13:28.519319,5206
2025-05-20 03:13:29.156964,5207
2025-05-20 03:13:29.818364,5208
2025-05-20 03:13:30.471646,5209
2025-05-20 03:13:31.114034,5210
2025-05-20 03:13:31.761781,5211
2025-05-20 03:13:32.413004,5212
2025-05-20 03:13:33.067373,5213
2025-05-20 03:13:33.719821,5214
2025-05-20 03:13:34.378502,5215
2025-05-20 03:13:35.026649,5216
2025-05-20 03:13:35.679885,5217
2025-05-20 03:13:36.331464,5218
2025-05-20 03:13:36.983447,5219
2025-05-20 03:13:37.643572,5220
2025-05-20 03:13:38.275603,5221
2025-05-20 03:13:38.932488,5222
2025-05-20 03:13:39.585946,5223
2025-05-20 03:13:40.234927,5224
2025-05-20 03:13:40.886767,5225
2025-05-20 03:13:41.551311,5226
2025-05-20 03:13:42.185873,5227
2025-05-20 03:13:42.835010,5228
2025-05-20 03:13:43.488542,5229
2025-05-20 03:13:44.143880,5230
2025-05-20 03:13:44.792998,5231
2025-05-20 03:13:45.440467,5232
2025-05-20 03:13:46.090956,5233
2025-05-20 03:13:46.755228,5234
2025-05-20 03:13:47.396867,5235
2025-05-20 03:13:48.061829,5236
2025-05-20 03:13:48.703769,5237
2025-05-20 03:13:49.357766,5238
2025-05-20 03:13:50.000525,5239
2025-05-20 03:13:50.662390,5240
2025-05-20 03:13:51.307887,5241
2025-05-20 03:13:51.961052,5242
2025-05-20 03:13:52.604063,5243
2025-05-20 03:13:53.261941,5244
2025-05-20 03:13:53.910865,5245
2025-05-20 03:13:54.567571,5246
2025-05-20 03:13:55.216203,5247
2025-05-20 03:13:55.868764,5248
2025-05-20 03:13:56.518208,5249
2025-05-20 03:13:57.170853,5250
2025-05-20 03:13:57.814264,5251
2025-05-20 03:13:58.479715,5252
2025-05-20 03:13:59.123554,5253
2025-05-20 03:13:59.773985,5254
2025-05-20 03:14:00.421029,5255
2025-05-20 03:14:01.082141,5256
2025-05-20 03:14:01.726797,5257
2025-05-20 03:14:02.381122,5258
2025-05-20 03:14:03.027807,5259
2025-05-20 03:14:03.675622,5260
2025-05-20 03:14:04.328113,5261
2025-05-20 03:14:04.977510,5262
2025-05-20 03:14:05.630025,5263
2025-05-20 03:14:06.301576,5264
2025-05-20 03:14:06.935764,5265
2025-05-20 03:14:07.585908,5266
2025-05-20 03:14:08.239697,5267
2025-05-20 03:14:08.907829,5268
2025-05-20 03:14:09.544836,5269
2025-05-20 03:14:10.193894,5270
2025-05-20 03:14:10.849840,5271
2025-05-20 03:14:11.497166,5272
2025-05-20 03:14:12.153663,5273
2025-05-20 03:14:12.795905,5274
2025-05-20 03:14:13.451013,5275
2025-05-20 03:14:14.108809,5276
2025-05-20 03:14:14.756118,5277
2025-05-20 03:14:15.405088,5278
2025-05-20 03:14:16.053653,5279
2025-05-20 03:14:16.707865,5280
2025-05-20 03:14:17.360171,5281
2025-05-20 03:14:18.006987,5282
2025-05-20 03:14:18.662988,5283
2025-05-20 03:14:19.309223,5284
2025-05-20 03:14:19.959207,5285
2025-05-20 03:14:20.616087,5286
2025-05-20 03:14:21.279630,5287
2025-05-20 03:14:21.914109,5288
2025-05-20 03:14:22.564902,5289
2025-05-20 03:14:23.226812,5290
2025-05-20 03:14:23.881580,5291
2025-05-20 03:14:24.521864,5292
2025-05-20 03:14:25.169575,5293
2025-05-20 03:14:25.830870,5294
2025-05-20 03:14:26.472075,5295
2025-05-20 03:14:27.139758,5296
2025-05-20 03:14:27.775084,5297
2025-05-20 03:14:28.426132,5298
2025-05-20 03:14:29.096685,5299
2025-05-20 03:14:29.731915,5300
2025-05-20 03:14:30.394747,5301
2025-05-20 03:14:31.034140,5302
2025-05-20 03:14:31.687085,5303
2025-05-20 03:14:32.343441,5304
2025-05-20 03:14:32.986871,5305
2025-05-20 03:14:33.635032,5306
2025-05-20 03:14:34.291868,5307
2025-05-20 03:14:34.950774,5308
2025-05-20 03:14:35.591899,5309
2025-05-20 03:14:36.240968,5310
2025-05-20 03:14:36.910801,5311
2025-05-20 03:14:37.558844,5312
2025-05-20 03:14:38.215815,5313
2025-05-20 03:14:38.854646,5314
2025-05-20 03:14:39.506043,5315
2025-05-20 03:14:40.161496,5316
2025-05-20 03:14:40.823847,5317
2025-05-20 03:14:41.457996,5318
2025-05-20 03:14:42.128108,5319
2025-05-20 03:14:42.772529,5320
2025-05-20 03:14:43.418499,5321
2025-05-20 03:14:44.068481,5322
2025-05-20 03:14:44.726947,5323
2025-05-20 03:14:45.374273,5324
2025-05-20 03:14:46.022052,5325
2025-05-20 03:14:46.668278,5326
2025-05-20 03:14:47.329544,5327
2025-05-20 03:14:47.985689,5328
2025-05-20 03:14:48.622779,5329
2025-05-20 03:14:49.279963,5330
2025-05-20 03:14:49.927197,5331
2025-05-20 03:14:50.591763,5332
2025-05-20 03:14:51.233142,5333
2025-05-20 03:14:51.887765,5334
2025-05-20 03:14:52.540777,5335
2025-05-20 03:14:53.199822,5336
2025-05-20 03:14:53.846718,5337
2025-05-20 03:14:54.492268,5338
2025-05-20 03:14:55.138907,5339
2025-05-20 03:14:55.791011,5340
2025-05-20 03:14:56.438401,5341
2025-05-20 03:14:57.099004,5342
2025-05-20 03:14:57.739139,5343
2025-05-20 03:14:58.390082,5344
2025-05-20 03:14:59.051133,5345
2025-05-20 03:14:59.710887,5346
2025-05-20 03:15:00.345370,5347
2025-05-20 03:15:01.004324,5348
2025-05-20 03:15:01.662776,5349
2025-05-20 03:15:02.305691,5350
2025-05-20 03:15:02.962675,5351
2025-05-20 03:15:03.599721,5352
2025-05-20 03:15:04.267855,5353
2025-05-20 03:15:04.905890,5354
2025-05-20 03:15:05.571814,5355
2025-05-20 03:15:06.206999,5356
2025-05-20 03:15:06.872628,5357
2025-05-20 03:15:07.508146,5358
2025-05-20 03:15:08.160454,5359
2025-05-20 03:15:08.824696,5360
2025-05-20 03:15:09.462976,5361
2025-05-20 03:15:10.126956,5362
2025-05-20 03:15:10.784799,5363
2025-05-20 03:15:11.416146,5364
2025-05-20 03:15:12.074154,5365
2025-05-20 03:15:12.722870,5366
2025-05-20 03:15:13.372031,5367
2025-05-20 03:15:14.031349,5368
2025-05-20 03:15:14.690961,5369
2025-05-20 03:15:15.332978,5370
2025-05-20 03:15:15.976113,5371
2025-05-20 03:15:16.644579,5372
2025-05-20 03:15:17.298889,5373
2025-05-20 03:15:17.935078,5374
2025-05-20 03:15:18.587073,5375
2025-05-20 03:15:19.251380,5376
2025-05-20 03:15:19.898993,5377
2025-05-20 03:15:20.539925,5378
2025-05-20 03:15:21.186053,5379
2025-05-20 03:15:21.839997,5380
2025-05-20 03:15:22.496409,5381
2025-05-20 03:15:23.142101,5382
2025-05-20 03:15:23.802926,5383
2025-05-20 03:15:24.451392,5384
2025-05-20 03:15:25.100605,5385
2025-05-20 03:15:25.758007,5386
2025-05-20 03:15:26.408750,5387
2025-05-20 03:15:27.054454,5388
2025-05-20 03:15:27.714973,5389
2025-05-20 03:15:28.351711,5390
2025-05-20 03:15:29.020720,5391
2025-05-20 03:15:29.670914,5392
2025-05-20 03:15:30.304443,5393
2025-05-20 03:15:30.957939,5394
2025-05-20 03:15:31.615923,5395
2025-05-20 03:15:32.269938,5396
2025-05-20 03:15:32.918905,5397
2025-05-20 03:15:33.572782,5398
2025-05-20 03:15:34.225789,5399
2025-05-20 03:15:34.861312,5400
2025-05-20 03:15:35.512133,5401
2025-05-20 03:15:36.172446,5402
2025-05-20 03:15:36.816314,5403
2025-05-20 03:15:37.471991,5404
2025-05-20 03:15:38.129790,5405
2025-05-20 03:15:38.771849,5406
2025-05-20 03:15:39.420365,5407
2025-05-20 03:15:40.069611,5408
2025-05-20 03:15:40.728381,5409
2025-05-20 03:15:41.375425,5410
2025-05-20 03:15:42.032380,5411
2025-05-20 03:15:42.676363,5412
2025-05-20 03:15:43.330319,5413
2025-05-20 03:15:43.988465,5414
2025-05-20 03:15:44.651346,5415
2025-05-20 03:15:45.290248,5416
2025-05-20 03:15:45.939138,5417
2025-05-20 03:15:46.587369,5418
2025-05-20 03:15:47.240795,5419
2025-05-20 03:15:47.898774,5420
2025-05-20 03:15:48.546197,5421
2025-05-20 03:15:49.191836,5422
2025-05-20 03:15:49.842990,5423
2025-05-20 03:15:50.493363,5424
2025-05-20 03:15:51.160980,5425
2025-05-20 03:15:51.796597,5426
2025-05-20 03:15:52.448376,5427
2025-05-20 03:15:53.117076,5428
2025-05-20 03:15:53.756019,5429
2025-05-20 03:15:54.409188,5430
2025-05-20 03:15:55.056156,5431
2025-05-20 03:15:55.705031,5432
2025-05-20 03:15:56.360406,5433
2025-05-20 03:15:57.016892,5434
2025-05-20 03:15:57.667198,5435
2025-05-20 03:15:58.317153,5436
2025-05-20 03:15:58.960502,5437
2025-05-20 03:15:59.611557,5438
2025-05-20 03:16:00.261157,5439
2025-05-20 03:16:00.910311,5440
2025-05-20 03:16:01.571365,5441
2025-05-20 03:16:02.218587,5442
2025-05-20 03:16:02.867982,5443
2025-05-20 03:16:03.516066,5444
2025-05-20 03:16:04.187233,5445
2025-05-20 03:16:04.820327,5446
2025-05-20 03:16:05.476549,5447
2025-05-20 03:16:06.123337,5448
2025-05-20 03:16:06.777765,5449
2025-05-20 03:16:07.424340,5450
2025-05-20 03:16:08.089738,5451
2025-05-20 03:16:08.733396,5452
2025-05-20 03:16:09.384418,5453
2025-05-20 03:16:10.035305,5454
2025-05-20 03:16:10.679572,5455
2025-05-20 03:16:11.339377,5456
2025-05-20 03:16:11.982542,5457
2025-05-20 03:16:12.646034,5458
2025-05-20 03:16:13.290690,5459
2025-05-20 03:16:13.945123,5460
2025-05-20 03:16:14.590843,5461
2025-05-20 03:16:15.251973,5462
2025-05-20 03:16:15.909064,5463
2025-05-20 03:16:16.543943,5464
2025-05-20 03:16:17.204325,5465
2025-05-20 03:16:17.843497,5466
2025-05-20 03:16:18.499621,5467
2025-05-20 03:16:19.156453,5468
2025-05-20 03:16:19.809951,5469
2025-05-20 03:16:20.463201,5470
2025-05-20 03:16:21.103576,5471
2025-05-20 03:16:21.758402,5472
2025-05-20 03:16:22.411458,5473
2025-05-20 03:16:23.059588,5474
2025-05-20 03:16:23.711527,5475
2025-05-20 03:16:24.375181,5476
2025-05-20 03:16:25.014100,5477
2025-05-20 03:16:25.675405,5478
2025-05-20 03:16:26.319660,5479
2025-05-20 03:16:26.980444,5480
2025-05-20 03:16:27.624359,5481
2025-05-20 03:16:28.275540,5482
2025-05-20 03:16:28.921189,5483
2025-05-20 03:16:29.575777,5484
2025-05-20 03:16:30.224651,5485
2025-05-20 03:16:30.880098,5486
2025-05-20 03:16:31.524382,5487
2025-05-20 03:16:32.183160,5488
2025-05-20 03:16:32.833164,5489
2025-05-20 03:16:33.480048,5490
2025-05-20 03:16:34.147477,5491
2025-05-20 03:16:34.789739,5492
2025-05-20 03:16:35.438781,5493
2025-05-20 03:16:36.092567,5494
2025-05-20 03:16:36.735478,5495
2025-05-20 03:16:37.394369,5496
2025-05-20 03:16:38.040349,5497
2025-05-20 03:16:38.687358,5498
2025-05-20 03:16:39.348097,5499
2025-05-20 03:16:40.007121,5500
2025-05-20 03:16:40.639937,5501
2025-05-20 03:16:41.298017,5502
2025-05-20 03:16:41.951226,5503
2025-05-20 03:16:42.608131,5504
2025-05-20 03:16:43.256522,5505
2025-05-20 03:16:43.904439,5506
2025-05-20 03:16:44.561155,5507
2025-05-20 03:16:45.200665,5508
2025-05-20 03:16:45.851582,5509
2025-05-20 03:16:46.506329,5510
2025-05-20 03:16:47.173609,5511
2025-05-20 03:16:47.808491,5512
2025-05-20 03:16:48.467256,5513
2025-05-20 03:16:49.128179,5514
2025-05-20 03:16:49.760752,5515
2025-05-20 03:16:50.415449,5516
2025-05-20 03:16:51.071693,5517
2025-05-20 03:16:51.715502,5518
2025-05-20 03:16:52.368202,5519
2025-05-20 03:16:53.025727,5520
2025-05-20 03:16:53.668437,5521
2025-05-20 03:16:54.320385,5522
2025-05-20 03:16:54.971563,5523
2025-05-20 03:16:55.620150,5524
2025-05-20 03:16:56.286223,5525
2025-05-20 03:16:56.931502,5526
2025-05-20 03:16:57.584659,5527
2025-05-20 03:16:58.232303,5528
2025-05-20 03:16:58.879474,5529
2025-05-20 03:16:59.535655,5530
2025-05-20 03:17:00.179709,5531
2025-05-20 03:17:00.850357,5532
2025-05-20 03:17:01.500092,5533
2025-05-20 03:17:02.131896,5534
2025-05-20 03:17:02.787874,5535
2025-05-20 03:17:03.451374,5536
2025-05-20 03:17:04.095599,5537
2025-05-20 03:17:04.757236,5538
2025-05-20 03:17:05.406409,5539
2025-05-20 03:17:06.044497,5540
2025-05-20 03:17:06.690834,5541
2025-05-20 03:17:07.342920,5542
2025-05-20 03:17:08.012263,5543
2025-05-20 03:17:08.650501,5544
2025-05-20 03:17:09.311173,5545
2025-05-20 03:17:09.952814,5546
2025-05-20 03:17:10.597615,5547
2025-05-20 03:17:11.250831,5548
2025-05-20 03:17:11.916312,5549
2025-05-20 03:17:12.550797,5550
2025-05-20 03:17:13.201625,5551
2025-05-20 03:17:13.863854,5552
2025-05-20 03:17:14.511722,5553
2025-05-20 03:17:15.155542,5554
2025-05-20 03:17:15.811674,5555
2025-05-20 03:17:16.463535,5556
2025-05-20 03:17:17.111784,5557
2025-05-20 03:17:17.759809,5558
2025-05-20 03:17:18.412479,5559
2025-05-20 03:17:19.079425,5560
2025-05-20 03:17:19.715681,5561
2025-05-20 03:17:20.384406,5562
2025-05-20 03:17:21.024439,5563
2025-05-20 03:17:21.667965,5564
2025-05-20 03:17:22.339408,5565
2025-05-20 03:17:22.975792,5566
2025-05-20 03:17:23.624557,5567
2025-05-20 03:17:24.279415,5568
2025-05-20 03:17:24.928358,5569
2025-05-20 03:17:25.579262,5570
2025-05-20 03:17:26.230484,5571
2025-05-20 03:17:26.879726,5572
2025-05-20 03:17:27.547316,5573
2025-05-20 03:17:28.195450,5574
2025-05-20 03:17:28.835626,5575
2025-05-20 03:17:29.492668,5576
2025-05-20 03:17:30.134043,5577
2025-05-20 03:17:30.789942,5578
2025-05-20 03:17:31.452362,5579
2025-05-20 03:17:32.087372,5580
2025-05-20 03:17:32.751390,5581
2025-05-20 03:17:33.396397,5582
2025-05-20 03:17:34.043676,5583
2025-05-20 03:17:34.695607,5584
2025-05-20 03:17:35.358528,5585
2025-05-20 03:17:35.994855,5586
2025-05-20 03:17:36.656079,5587
2025-05-20 03:17:37.301525,5588
2025-05-20 03:17:37.951807,5589
2025-05-20 03:17:38.615448,5590
2025-05-20 03:17:39.267617,5591
2025-05-20 03:17:39.907650,5592
2025-05-20 03:17:40.565581,5593
2025-05-20 03:17:41.215747,5594
2025-05-20 03:17:41.873762,5595
2025-05-20 03:17:42.524290,5596
2025-05-20 03:17:43.177446,5597
2025-05-20 03:17:43.811829,5598
2025-05-20 03:17:44.470083,5599
2025-05-20 03:17:45.119977,5600
2025-05-20 03:17:45.777652,5601
2025-05-20 03:17:46.430358,5602
2025-05-20 03:17:47.073884,5603
2025-05-20 03:17:47.720687,5604
2025-05-20 03:17:48.380586,5605
2025-05-20 03:17:49.031702,5606
2025-05-20 03:17:49.679989,5607
2025-05-20 03:17:50.330602,5608
2025-05-20 03:17:50.980625,5609
2025-05-20 03:17:51.631955,5610
2025-05-20 03:17:52.289563,5611
2025-05-20 03:17:52.928733,5612
2025-05-20 03:17:53.591336,5613
2025-05-20 03:17:54.240737,5614
2025-05-20 03:17:54.888753,5615
2025-05-20 03:17:55.533884,5616
2025-05-20 03:17:56.183861,5617
2025-05-20 03:17:56.839294,5618
2025-05-20 03:17:57.486839,5619
2025-05-20 03:17:58.156540,5620
2025-05-20 03:17:58.795918,5621
2025-05-20 03:17:59.447648,5622
2025-05-20 03:18:00.090648,5623
2025-05-20 03:18:00.754030,5624
2025-05-20 03:18:01.401646,5625
2025-05-20 03:18:02.049057,5626
2025-05-20 03:18:02.715357,5627
2025-05-20 03:18:03.347769,5628
2025-05-20 03:18:04.002367,5629
2025-05-20 03:18:04.659869,5630
2025-05-20 03:18:05.311551,5631
2025-05-20 03:18:05.953967,5632
2025-05-20 03:18:06.612510,5633
2025-05-20 03:18:07.275586,5634
2025-05-20 03:18:07.922331,5635
2025-05-20 03:18:08.577239,5636
2025-05-20 03:18:09.211570,5637
2025-05-20 03:18:09.871888,5638
2025-05-20 03:18:10.513799,5639
2025-05-20 03:18:11.170489,5640
2025-05-20 03:18:11.823388,5641
2025-05-20 03:18:12.483075,5642
2025-05-20 03:18:13.123913,5643
2025-05-20 03:18:13.771953,5644
2025-05-20 03:18:14.438508,5645
2025-05-20 03:18:15.075653,5646
2025-05-20 03:18:15.738624,5647
2025-05-20 03:18:16.392544,5648
2025-05-20 03:18:17.027196,5649
2025-05-20 03:18:17.696413,5650
2025-05-20 03:18:18.346785,5651
2025-05-20 03:18:18.994424,5652
2025-05-20 03:18:19.632958,5653
2025-05-20 03:18:20.292671,5654
2025-05-20 03:18:20.942319,5655
2025-05-20 03:18:21.583799,5656
2025-05-20 03:18:22.237999,5657
2025-05-20 03:18:22.901421,5658
2025-05-20 03:18:23.537114,5659
2025-05-20 03:18:24.194027,5660
2025-05-20 03:18:24.843870,5661
2025-05-20 03:18:25.497171,5662
2025-05-20 03:18:26.146123,5663
2025-05-20 03:18:26.793075,5664
2025-05-20 03:18:27.452030,5665
2025-05-20 03:18:28.094355,5666
2025-05-20 03:18:28.763037,5667
2025-05-20 03:18:29.406632,5668
2025-05-20 03:18:30.057298,5669
2025-05-20 03:18:30.710730,5670
2025-05-20 03:18:31.350902,5671
2025-05-20 03:18:32.016750,5672
2025-05-20 03:18:32.652762,5673
2025-05-20 03:18:33.308887,5674
2025-05-20 03:18:33.959689,5675
2025-05-20 03:18:34.611917,5676
2025-05-20 03:18:35.263999,5677
2025-05-20 03:18:35.910943,5678
2025-05-20 03:18:36.565893,5679
2025-05-20 03:18:37.228740,5680
2025-05-20 03:18:37.863191,5681
2025-05-20 03:18:38.517943,5682
2025-05-20 03:18:39.165913,5683
2025-05-20 03:18:39.816101,5684
2025-05-20 03:18:40.471090,5685
2025-05-20 03:18:41.138901,5686
2025-05-20 03:18:41.780700,5687
2025-05-20 03:18:42.437505,5688
2025-05-20 03:18:43.074032,5689
2025-05-20 03:18:43.743701,5690
2025-05-20 03:18:44.376254,5691
2025-05-20 03:18:45.044105,5692
2025-05-20 03:18:45.693506,5693
2025-05-20 03:18:46.339766,5694
2025-05-20 03:18:46.987021,5695
2025-05-20 03:18:47.645472,5696
2025-05-20 03:18:48.291898,5697
2025-05-20 03:18:48.935284,5698
2025-05-20 03:18:49.603843,5699
2025-05-20 03:18:50.243948,5700
2025-05-20 03:18:50.901555,5701
2025-05-20 03:18:51.547528,5702
2025-05-20 03:18:52.198858,5703
2025-05-20 03:18:52.841620,5704
2025-05-20 03:18:53.500954,5705
2025-05-20 03:18:54.156850,5706
2025-05-20 03:18:54.801901,5707
2025-05-20 03:18:55.454947,5708
2025-05-20 03:18:56.100108,5709
2025-05-20 03:18:56.760730,5710
2025-05-20 03:18:57.417550,5711
2025-05-20 03:18:58.055165,5712
2025-05-20 03:18:58.703202,5713
2025-05-20 03:18:59.352273,5714
2025-05-20 03:19:00.013046,5715
2025-05-20 03:19:00.666006,5716
2025-05-20 03:19:01.324829,5717
2025-05-20 03:19:01.960230,5718
2025-05-20 03:19:02.608325,5719
2025-05-20 03:19:03.273864,5720
2025-05-20 03:19:03.926926,5721
2025-05-20 03:19:04.568296,5722
2025-05-20 03:19:05.211263,5723
2025-05-20 03:19:05.879804,5724
2025-05-20 03:19:06.530868,5725
2025-05-20 03:19:07.173013,5726
2025-05-20 03:19:07.831770,5727
2025-05-20 03:19:08.473138,5728
2025-05-20 03:19:09.123101,5729
2025-05-20 03:19:09.776037,5730
2025-05-20 03:19:10.431058,5731
2025-05-20 03:19:11.081868,5732
2025-05-20 03:19:11.726915,5733
2025-05-20 03:19:12.382091,5734
2025-05-20 03:19:13.039851,5735
2025-05-20 03:19:13.680213,5736
2025-05-20 03:19:14.331381,5737
2025-05-20 03:19:14.993818,5738
2025-05-20 03:19:15.650835,5739
2025-05-20 03:19:16.284051,5740
2025-05-20 03:19:16.952930,5741
2025-05-20 03:19:17.602985,5742
2025-05-20 03:19:18.248924,5743
2025-05-20 03:19:18.896060,5744
2025-05-20 03:19:19.555300,5745
2025-05-20 03:19:20.193783,5746
2025-05-20 03:19:20.846981,5747
2025-05-20 03:19:21.495388,5748
2025-05-20 03:19:22.162804,5749
2025-05-20 03:19:22.806619,5750
2025-05-20 03:19:23.462671,5751
2025-05-20 03:19:24.100371,5752
2025-05-20 03:19:24.747111,5753
2025-05-20 03:19:25.399819,5754
2025-05-20 03:19:26.058074,5755
2025-05-20 03:19:26.721650,5756
2025-05-20 03:19:27.352260,5757
2025-05-20 03:19:28.013021,5758
2025-05-20 03:19:28.654974,5759
2025-05-20 03:19:29.308414,5760
2025-05-20 03:19:29.970802,5761
2025-05-20 03:19:30.615817,5762
2025-05-20 03:19:31.260401,5763
2025-05-20 03:19:31.917841,5764
2025-05-20 03:19:32.561168,5765
2025-05-20 03:19:33.211965,5766
2025-05-20 03:19:33.879030,5767
2025-05-20 03:19:34.514189,5768
2025-05-20 03:19:35.166730,5769
2025-05-20 03:19:35.823275,5770
2025-05-20 03:19:36.467267,5771
2025-05-20 03:19:37.119346,5772
2025-05-20 03:19:37.771206,5773
2025-05-20 03:19:38.422383,5774
2025-05-20 03:19:39.082085,5775
2025-05-20 03:19:39.723214,5776
2025-05-20 03:19:40.384950,5777
2025-05-20 03:19:41.028331,5778
2025-05-20 03:19:41.679379,5779
2025-05-20 03:19:42.338721,5780
2025-05-20 03:19:42.988190,5781
2025-05-20 03:19:43.642996,5782
2025-05-20 03:19:44.287970,5783
2025-05-20 03:19:44.942870,5784
2025-05-20 03:19:45.586030,5785
2025-05-20 03:19:46.241890,5786
2025-05-20 03:19:46.888336,5787
2025-05-20 03:19:47.538087,5788
2025-05-20 03:19:48.187127,5789
2025-05-20 03:19:48.848402,5790
2025-05-20 03:19:49.496806,5791
2025-05-20 03:19:50.143960,5792
2025-05-20 03:19:50.792386,5793
2025-05-20 03:19:51.448486,5794
2025-05-20 03:19:52.096874,5795
2025-05-20 03:19:52.763090,5796
2025-05-20 03:19:53.401137,5797
2025-05-20 03:19:54.052536,5798
2025-05-20 03:19:54.704352,5799
2025-05-20 03:19:55.371102,5800
2025-05-20 03:19:56.003381,5801
2025-05-20 03:19:56.656163,5802
2025-05-20 03:19:57.310109,5803
2025-05-20 03:19:57.971451,5804
2025-05-20 03:19:58.616557,5805
2025-05-20 03:19:59.270655,5806
2025-05-20 03:19:59.918264,5807
2025-05-20 03:20:00.559919,5808
2025-05-20 03:20:01.220588,5809
2025-05-20 03:20:01.875032,5810
2025-05-20 03:20:02.520949,5811
2025-05-20 03:20:03.166344,5812
2025-05-20 03:20:03.818258,5813
2025-05-20 03:20:04.485025,5814
2025-05-20 03:20:05.123010,5815
2025-05-20 03:20:05.775331,5816
2025-05-20 03:20:06.424077,5817
2025-05-20 03:20:07.079911,5818
2025-05-20 03:20:07.738888,5819
2025-05-20 03:20:08.381173,5820
2025-05-20 03:20:09.037977,5821
2025-05-20 03:20:09.676384,5822
2025-05-20 03:20:10.330446,5823
2025-05-20 03:20:10.989838,5824
2025-05-20 03:20:11.632470,5825
2025-05-20 03:20:12.280262,5826
2025-05-20 03:20:12.939854,5827
2025-05-20 03:20:13.593910,5828
2025-05-20 03:20:14.239569,5829
2025-05-20 03:20:14.888504,5830
2025-05-20 03:20:15.539544,5831
2025-05-20 03:20:16.200200,5832
2025-05-20 03:20:16.844713,5833
2025-05-20 03:20:17.492403,5834
2025-05-20 03:20:18.146737,5835
2025-05-20 03:20:18.793208,5836
2025-05-20 03:20:19.443920,5837
2025-05-20 03:20:20.096847,5838
2025-05-20 03:20:20.752436,5839
2025-05-20 03:20:21.405680,5840
2025-05-20 03:20:22.058123,5841
2025-05-20 03:20:22.707577,5842
2025-05-20 03:20:23.362452,5843
2025-05-20 03:20:24.000331,5844
2025-05-20 03:20:24.658472,5845
2025-05-20 03:20:25.320055,5846
2025-05-20 03:20:25.956466,5847
2025-05-20 03:20:26.605563,5848
2025-05-20 03:20:27.258375,5849
2025-05-20 03:20:27.918343,5850
2025-05-20 03:20:28.567683,5851
2025-05-20 03:20:29.215324,5852
2025-05-20 03:20:29.874196,5853
2025-05-20 03:20:30.516145,5854
2025-05-20 03:20:31.183687,5855
2025-05-20 03:20:31.812370,5856
2025-05-20 03:20:32.484468,5857
2025-05-20 03:20:33.138063,5858
2025-05-20 03:20:33.782623,5859
2025-05-20 03:20:34.422273,5860
2025-05-20 03:20:35.077398,5861
2025-05-20 03:20:35.732127,5862
2025-05-20 03:20:36.377475,5863
2025-05-20 03:20:37.023835,5864
2025-05-20 03:20:37.675558,5865
2025-05-20 03:20:38.336654,5866
2025-05-20 03:20:38.986255,5867
2025-05-20 03:20:39.636371,5868
2025-05-20 03:20:40.300141,5869
2025-05-20 03:20:40.932527,5870
2025-05-20 03:20:41.592480,5871
2025-05-20 03:20:42.240196,5872
2025-05-20 03:20:42.887626,5873
2025-05-20 03:20:43.543441,5874
2025-05-20 03:20:44.187354,5875
2025-05-20 03:20:44.848427,5876
2025-05-20 03:20:45.492637,5877
2025-05-20 03:20:46.144496,5878
2025-05-20 03:20:46.792343,5879
2025-05-20 03:20:47.447146,5880
2025-05-20 03:20:48.104427,5881
2025-05-20 03:20:48.748313,5882
2025-05-20 03:20:49.397499,5883
2025-05-20 03:20:50.053562,5884
2025-05-20 03:20:50.707826,5885
2025-05-20 03:20:51.355447,5886
2025-05-20 03:20:52.008322,5887
2025-05-20 03:20:52.667206,5888
2025-05-20 03:20:53.308392,5889
2025-05-20 03:20:53.971259,5890
2025-05-20 03:20:54.618264,5891
2025-05-20 03:20:55.261158,5892
2025-05-20 03:20:55.931267,5893
2025-05-20 03:20:56.564394,5894
2025-05-20 03:20:57.215571,5895
2025-05-20 03:20:57.864771,5896
2025-05-20 03:20:58.515752,5897
2025-05-20 03:20:59.168367,5898
2025-05-20 03:20:59.834215,5899
2025-05-20 03:21:00.476189,5900
2025-05-20 03:21:01.131424,5901
2025-05-20 03:21:01.778527,5902
2025-05-20 03:21:02.441607,5903
2025-05-20 03:21:03.078408,5904
2025-05-20 03:21:03.732821,5905
2025-05-20 03:21:04.379952,5906
2025-05-20 03:21:05.028406,5907
2025-05-20 03:21:05.693619,5908
2025-05-20 03:21:06.339327,5909
2025-05-20 03:21:06.987572,5910
2025-05-20 03:21:07.636813,5911
2025-05-20 03:21:08.292728,5912
2025-05-20 03:21:08.944443,5913
2025-05-20 03:21:09.605624,5914
2025-05-20 03:21:10.244243,5915
2025-05-20 03:21:10.892321,5916
2025-05-20 03:21:11.540378,5917
2025-05-20 03:21:12.200328,5918
2025-05-20 03:21:12.844520,5919
2025-05-20 03:21:13.503101,5920
2025-05-20 03:21:14.146772,5921
2025-05-20 03:21:14.805408,5922
2025-05-20 03:21:15.448733,5923
2025-05-20 03:21:16.109268,5924
2025-05-20 03:21:16.756484,5925
2025-05-20 03:21:17.419265,5926
2025-05-20 03:21:18.056720,5927
2025-05-20 03:21:18.714293,5928
2025-05-20 03:21:19.360466,5929
2025-05-20 03:21:20.008506,5930
2025-05-20 03:21:20.663876,5931
2025-05-20 03:21:21.320480,5932
2025-05-20 03:21:21.963355,5933
2025-05-20 03:21:22.612529,5934
2025-05-20 03:21:23.260728,5935
2025-05-20 03:21:23.916488,5936
2025-05-20 03:21:24.568580,5937
2025-05-20 03:21:25.219797,5938
2025-05-20 03:21:25.872507,5939
2025-05-20 03:21:26.520717,5940
2025-05-20 03:21:27.172581,5941
2025-05-20 03:21:27.819632,5942
2025-05-20 03:21:28.470031,5943
2025-05-20 03:21:29.127757,5944
2025-05-20 03:21:29.774671,5945
2025-05-20 03:21:30.424795,5946
2025-05-20 03:21:31.080248,5947
2025-05-20 03:21:31.735484,5948
2025-05-20 03:21:32.392465,5949
2025-05-20 03:21:33.037609,5950
2025-05-20 03:21:33.684740,5951
2025-05-20 03:21:34.340293,5952
2025-05-20 03:21:34.980730,5953
2025-05-20 03:21:35.647460,5954
2025-05-20 03:21:36.292797,5955
2025-05-20 03:21:36.939393,5956
2025-05-20 03:21:37.595696,5957
2025-05-20 03:21:38.235939,5958
2025-05-20 03:21:38.897728,5959
2025-05-20 03:21:39.548656,5960
2025-05-20 03:21:40.194393,5961
2025-05-20 03:21:40.853171,5962
2025-05-20 03:21:41.493383,5963
2025-05-20 03:21:42.143677,5964
2025-05-20 03:21:42.799711,5965
2025-05-20 03:21:43.465442,5966
2025-05-20 03:21:44.105768,5967
2025-05-20 03:21:44.749812,5968
2025-05-20 03:21:45.403659,5969
2025-05-20 03:21:46.060459,5970
2025-05-20 03:21:46.705777,5971
2025-05-20 03:21:47.356750,5972
2025-05-20 03:21:48.013479,5973
2025-05-20 03:21:48.652340,5974
2025-05-20 03:21:49.323563,5975
2025-05-20 03:21:49.961056,5976
2025-05-20 03:21:50.611460,5977
2025-05-20 03:21:51.258760,5978
2025-05-20 03:21:51.927542,5979
2025-05-20 03:21:52.568944,5980
2025-05-20 03:21:53.226532,5981
2025-05-20 03:21:53.876322,5982
2025-05-20 03:21:54.525048,5983
2025-05-20 03:21:55.166487,5984
2025-05-20 03:21:55.825946,5985
2025-05-20 03:21:56.472885,5986
2025-05-20 03:21:57.129947,5987
2025-05-20 03:21:57.773944,5988
2025-05-20 03:21:58.438037,5989
2025-05-20 03:21:59.075615,5990
2025-05-20 03:21:59.739604,5991
2025-05-20 03:22:00.377458,5992
2025-05-20 03:22:01.029818,5993
2025-05-20 03:22:01.680011,5994
2025-05-20 03:22:02.329917,5995
2025-05-20 03:22:02.998606,5996
2025-05-20 03:22:03.650240,5997
2025-05-20 03:22:04.283841,5998
2025-05-20 03:22:04.937733,5999
2025-05-20 03:22:05.583861,6000
2025-05-20 03:22:06.241891,6001
2025-05-20 03:22:06.893529,6002
2025-05-20 03:22:07.554004,6003
2025-05-20 03:22:08.203786,6004
2025-05-20 03:22:08.853659,6005
2025-05-20 03:22:09.500481,6006
2025-05-20 03:22:10.142525,6007
2025-05-20 03:22:10.800827,6008
2025-05-20 03:22:11.444448,6009
2025-05-20 03:22:12.101613,6010
2025-05-20 03:22:12.759838,6011
2025-05-20 03:22:13.408738,6012
2025-05-20 03:22:14.059545,6013
2025-05-20 03:22:14.700829,6014
2025-05-20 03:22:15.362623,6015
2025-05-20 03:22:16.011256,6016
2025-05-20 03:22:16.664032,6017
2025-05-20 03:22:17.310733,6018
2025-05-20 03:22:17.963727,6019
2025-05-20 03:22:18.626624,6020
2025-05-20 03:22:19.260053,6021
2025-05-20 03:22:19.916855,6022
2025-05-20 03:22:20.577640,6023
2025-05-20 03:22:21.224669,6024
2025-05-20 03:22:21.867485,6025
2025-05-20 03:22:22.533583,6026
2025-05-20 03:22:23.175724,6027
2025-05-20 03:22:23.826673,6028
2025-05-20 03:22:24.482673,6029
2025-05-20 03:22:25.116579,6030
2025-05-20 03:22:25.779828,6031
2025-05-20 03:22:26.429971,6032
2025-05-20 03:22:27.077044,6033
2025-05-20 03:22:27.727097,6034
2025-05-20 03:22:28.375834,6035
2025-05-20 03:22:29.030024,6036
2025-05-20 03:22:29.693558,6037
2025-05-20 03:22:30.347647,6038
2025-05-20 03:22:30.984962,6039
2025-05-20 03:22:31.644589,6040
2025-05-20 03:22:32.291742,6041
2025-05-20 03:22:32.949486,6042
2025-05-20 03:22:33.602470,6043
2025-05-20 03:22:34.243025,6044
2025-05-20 03:22:34.901612,6045
2025-05-20 03:22:35.543885,6046
2025-05-20 03:22:36.195092,6047
2025-05-20 03:22:36.840597,6048
2025-05-20 03:22:37.508782,6049
2025-05-20 03:22:38.152145,6050
2025-05-20 03:22:38.803724,6051
2025-05-20 03:22:39.451029,6052
2025-05-20 03:22:40.095896,6053
2025-05-20 03:22:40.751452,6054
2025-05-20 03:22:41.406973,6055
2025-05-20 03:22:42.060823,6056
2025-05-20 03:22:42.701688,6057
2025-05-20 03:22:43.359703,6058
2025-05-20 03:22:44.014743,6059
2025-05-20 03:22:44.671765,6060
2025-05-20 03:22:45.319739,6061
2025-05-20 03:22:45.959236,6062
2025-05-20 03:22:46.625460,6063
2025-05-20 03:22:47.266719,6064
2025-05-20 03:22:47.915172,6065
2025-05-20 03:22:48.563008,6066
2025-05-20 03:22:49.222283,6067
2025-05-20 03:22:49.866845,6068
2025-05-20 03:22:50.523649,6069
2025-05-20 03:22:51.178917,6070
2025-05-20 03:22:51.819082,6071
2025-05-20 03:22:52.476108,6072
2025-05-20 03:22:53.121799,6073
2025-05-20 03:22:53.771072,6074
2025-05-20 03:22:54.435848,6075
2025-05-20 03:22:55.081445,6076
2025-05-20 03:22:55.736715,6077
2025-05-20 03:22:56.383126,6078
2025-05-20 03:22:57.035843,6079
2025-05-20 03:22:57.682974,6080
2025-05-20 03:22:58.340918,6081
2025-05-20 03:22:58.994541,6082
2025-05-20 03:22:59.630024,6083
2025-05-20 03:23:00.302747,6084
2025-05-20 03:23:00.934268,6085
2025-05-20 03:23:01.605723,6086
2025-05-20 03:23:02.252535,6087
2025-05-20 03:23:02.893940,6088
2025-05-20 03:23:03.550471,6089
2025-05-20 03:23:04.199729,6090
2025-05-20 03:23:04.847281,6091
2025-05-20 03:23:05.492295,6092
2025-05-20 03:23:06.151022,6093
2025-05-20 03:23:06.802967,6094
2025-05-20 03:23:07.466211,6095
2025-05-20 03:23:08.098308,6096
2025-05-20 03:23:08.748212,6097
2025-05-20 03:23:09.399807,6098
2025-05-20 03:23:10.070432,6099
2025-05-20 03:23:10.708355,6100
2025-05-20 03:23:11.360080,6101
2025-05-20 03:23:12.007159,6102
2025-05-20 03:23:12.664407,6103
2025-05-20 03:23:13.326916,6104
2025-05-20 03:23:13.974282,6105
2025-05-20 03:23:14.611306,6106
2025-05-20 03:23:15.260183,6107
2025-05-20 03:23:15.911820,6108
2025-05-20 03:23:16.575834,6109
2025-05-20 03:23:17.213632,6110
2025-05-20 03:23:17.870393,6111
2025-05-20 03:23:18.527814,6112
2025-05-20 03:23:19.186505,6113
2025-05-20 03:23:19.834903,6114
2025-05-20 03:23:20.485097,6115
2025-05-20 03:23:21.120462,6116
2025-05-20 03:23:21.772383,6117
2025-05-20 03:23:22.437876,6118
2025-05-20 03:23:23.080764,6119
2025-05-20 03:23:23.739197,6120
2025-05-20 03:23:24.397918,6121
2025-05-20 03:23:25.038188,6122
2025-05-20 03:23:25.681039,6123
2025-05-20 03:23:26.350715,6124
2025-05-20 03:23:26.991875,6125
2025-05-20 03:23:27.649780,6126
2025-05-20 03:23:28.286029,6127
2025-05-20 03:23:28.938896,6128
2025-05-20 03:23:29.590123,6129
2025-05-20 03:23:30.241730,6130
2025-05-20 03:23:30.907299,6131
2025-05-20 03:23:31.542175,6132
2025-05-20 03:23:32.196397,6133
2025-05-20 03:23:32.849145,6134
2025-05-20 03:23:33.497013,6135
2025-05-20 03:23:34.152168,6136
2025-05-20 03:23:34.803102,6137
2025-05-20 03:23:35.447460,6138
2025-05-20 03:23:36.108347,6139
2025-05-20 03:23:36.756425,6140
2025-05-20 03:23:37.412494,6141
2025-05-20 03:23:38.052503,6142
2025-05-20 03:23:38.721027,6143
2025-05-20 03:23:39.356355,6144
2025-05-20 03:23:40.012336,6145
2025-05-20 03:23:40.673728,6146
2025-05-20 03:23:41.308391,6147
2025-05-20 03:23:41.968469,6148
2025-05-20 03:23:42.616363,6149
2025-05-20 03:23:43.282869,6150
2025-05-20 03:23:43.919215,6151
2025-05-20 03:23:44.574748,6152
2025-05-20 03:23:45.221677,6153
2025-05-20 03:23:45.868408,6154
2025-05-20 03:23:46.536853,6155
2025-05-20 03:23:47.171261,6156
2025-05-20 03:23:47.830345,6157
2025-05-20 03:23:48.490001,6158
2025-05-20 03:23:49.131790,6159
2025-05-20 03:23:49.776315,6160
2025-05-20 03:23:50.424513,6161
2025-05-20 03:23:51.085354,6162
2025-05-20 03:23:51.736437,6163
2025-05-20 03:23:52.384428,6164
2025-05-20 03:23:53.032689,6165
2025-05-20 03:23:53.693167,6166
2025-05-20 03:23:54.345027,6167
2025-05-20 03:23:54.992847,6168
2025-05-20 03:23:55.644038,6169
2025-05-20 03:23:56.295087,6170
2025-05-20 03:23:56.941149,6171
2025-05-20 03:23:57.594170,6172
2025-05-20 03:23:58.240381,6173
2025-05-20 03:23:58.890224,6174
2025-05-20 03:23:59.554048,6175
2025-05-20 03:24:00.199111,6176
2025-05-20 03:24:00.852968,6177
2025-05-20 03:24:01.498998,6178
2025-05-20 03:24:02.156217,6179
2025-05-20 03:24:02.813964,6180
2025-05-20 03:24:03.450894,6181
2025-05-20 03:24:04.099324,6182
2025-05-20 03:24:04.760207,6183
2025-05-20 03:24:05.405293,6184
2025-05-20 03:24:06.054247,6185
2025-05-20 03:24:06.711403,6186
2025-05-20 03:24:07.356208,6187
2025-05-20 03:24:08.006213,6188
2025-05-20 03:24:08.660391,6189
2025-05-20 03:24:09.312286,6190
2025-05-20 03:24:09.962246,6191
2025-05-20 03:24:10.614542,6192
2025-05-20 03:24:11.274093,6193
2025-05-20 03:24:11.930077,6194
2025-05-20 03:24:12.568397,6195
2025-05-20 03:24:13.215522,6196
2025-05-20 03:24:13.882935,6197
2025-05-20 03:24:14.519256,6198
2025-05-20 03:24:15.169314,6199
2025-05-20 03:24:15.823285,6200
2025-05-20 03:24:16.480508,6201
2025-05-20 03:24:17.140012,6202
2025-05-20 03:24:17.776051,6203
2025-05-20 03:24:18.431354,6204
2025-05-20 03:24:19.081958,6205
2025-05-20 03:24:19.739215,6206
2025-05-20 03:24:20.383479,6207
2025-05-20 03:24:21.033995,6208
2025-05-20 03:24:21.690438,6209
2025-05-20 03:24:22.342206,6210
2025-05-20 03:24:22.988381,6211
2025-05-20 03:24:23.639583,6212
2025-05-20 03:24:24.297990,6213
2025-05-20 03:24:24.947202,6214
2025-05-20 03:24:25.601951,6215
2025-05-20 03:24:26.254151,6216
2025-05-20 03:24:26.892928,6217
2025-05-20 03:24:27.559145,6218
2025-05-20 03:24:28.195914,6219
2025-05-20 03:24:28.847830,6220
2025-05-20 03:24:29.504869,6221
2025-05-20 03:24:30.151262,6222
2025-05-20 03:24:30.796338,6223
2025-05-20 03:24:31.452068,6224
2025-05-20 03:24:32.108969,6225
2025-05-20 03:24:32.754654,6226
2025-05-20 03:24:33.402464,6227
2025-05-20 03:24:34.071626,6228
2025-05-20 03:24:34.705076,6229
2025-05-20 03:24:35.360929,6230
2025-05-20 03:24:36.017012,6231
2025-05-20 03:24:36.665438,6232
2025-05-20 03:24:37.312353,6233
2025-05-20 03:24:37.982086,6234
2025-05-20 03:24:38.629094,6235
2025-05-20 03:24:39.263915,6236
2025-05-20 03:24:39.916192,6237
2025-05-20 03:24:40.576350,6238
2025-05-20 03:24:41.218425,6239
2025-05-20 03:24:41.883704,6240
2025-05-20 03:24:42.528736,6241
2025-05-20 03:24:43.180116,6242
2025-05-20 03:24:43.831269,6243
2025-05-20 03:24:44.472523,6244
2025-05-20 03:24:45.128862,6245
2025-05-20 03:24:45.778896,6246
2025-05-20 03:24:46.443070,6247
2025-05-20 03:24:47.083560,6248
2025-05-20 03:24:47.730724,6249
2025-05-20 03:24:48.382747,6250
2025-05-20 03:24:49.036354,6251
2025-05-20 03:24:49.685419,6252
2025-05-20 03:24:50.334676,6253
2025-05-20 03:24:50.991465,6254
2025-05-20 03:24:51.640441,6255
2025-05-20 03:24:52.296345,6256
2025-05-20 03:24:52.939478,6257
2025-05-20 03:24:53.592675,6258
2025-05-20 03:24:54.251302,6259
2025-05-20 03:24:54.892412,6260
2025-05-20 03:24:55.548515,6261
2025-05-20 03:24:56.204683,6262
2025-05-20 03:24:56.845635,6263
2025-05-20 03:24:57.511077,6264
2025-05-20 03:24:58.159407,6265
2025-05-20 03:24:58.808455,6266
2025-05-20 03:24:59.463303,6267
2025-05-20 03:25:00.104796,6268
2025-05-20 03:25:00.769772,6269
2025-05-20 03:25:01.404592,6270
2025-05-20 03:25:02.064997,6271
2025-05-20 03:25:02.712554,6272
2025-05-20 03:25:03.360497,6273
2025-05-20 03:25:04.008530,6274
2025-05-20 03:25:04.667873,6275
2025-05-20 03:25:05.320372,6276
2025-05-20 03:25:05.959929,6277
2025-05-20 03:25:06.611646,6278
2025-05-20 03:25:07.268333,6279
2025-05-20 03:25:07.919478,6280
2025-05-20 03:25:08.579415,6281
2025-05-20 03:25:09.222530,6282
2025-05-20 03:25:09.876456,6283
2025-05-20 03:25:10.519782,6284
2025-05-20 03:25:11.170814,6285
2025-05-20 03:25:11.830719,6286
2025-05-20 03:25:12.479589,6287
2025-05-20 03:25:13.132677,6288
2025-05-20 03:25:13.784554,6289
2025-05-20 03:25:14.435319,6290
2025-05-20 03:25:15.077321,6291
2025-05-20 03:25:15.736709,6292
2025-05-20 03:25:16.395408,6293
2025-05-20 03:25:17.040380,6294
2025-05-20 03:25:17.687989,6295
2025-05-20 03:25:18.334699,6296
2025-05-20 03:25:18.982634,6297
2025-05-20 03:25:19.641284,6298
2025-05-20 03:25:20.285353,6299
2025-05-20 03:25:20.938755,6300
2025-05-20 03:25:21.588761,6301
2025-05-20 03:25:22.254427,6302
2025-05-20 03:25:22.890723,6303
2025-05-20 03:25:23.556504,6304
2025-05-20 03:25:24.191845,6305
2025-05-20 03:25:24.858470,6306
2025-05-20 03:25:25.504679,6307
2025-05-20 03:25:26.156120,6308
2025-05-20 03:25:26.815631,6309
2025-05-20 03:25:27.455958,6310
2025-05-20 03:25:28.118473,6311
2025-05-20 03:25:28.756378,6312
2025-05-20 03:25:29.418480,6313
2025-05-20 03:25:30.051738,6314
2025-05-20 03:25:30.708486,6315
2025-05-20 03:25:31.371628,6316
2025-05-20 03:25:32.009413,6317
2025-05-20 03:25:32.669905,6318
2025-05-20 03:25:33.315668,6319
2025-05-20 03:25:33.977769,6320
2025-05-20 03:25:34.619723,6321
2025-05-20 03:25:35.270471,6322
2025-05-20 03:25:35.918364,6323
2025-05-20 03:25:36.583602,6324
2025-05-20 03:25:37.225457,6325
2025-05-20 03:25:37.883316,6326
2025-05-20 03:25:38.531498,6327
2025-05-20 03:25:39.176845,6328
2025-05-20 03:25:39.829407,6329
2025-05-20 03:25:40.472623,6330
2025-05-20 03:25:41.127559,6331
2025-05-20 03:25:41.785222,6332
2025-05-20 03:25:42.435487,6333
2025-05-20 03:25:43.076830,6334
2025-05-20 03:25:43.726857,6335
2025-05-20 03:25:44.385537,6336
2025-05-20 03:25:45.032743,6337
2025-05-20 03:25:45.688069,6338
2025-05-20 03:25:46.351338,6339
2025-05-20 03:25:46.983787,6340
2025-05-20 03:25:47.636421,6341
2025-05-20 03:25:48.294484,6342
2025-05-20 03:25:48.952585,6343
2025-05-20 03:25:49.596377,6344
2025-05-20 03:25:50.239782,6345
2025-05-20 03:25:50.907644,6346
2025-05-20 03:25:51.543819,6347
2025-05-20 03:25:52.199801,6348
2025-05-20 03:25:52.859686,6349
2025-05-20 03:25:53.514420,6350
2025-05-20 03:25:54.152914,6351
2025-05-20 03:25:54.806619,6352
2025-05-20 03:25:55.447921,6353
2025-05-20 03:25:56.107015,6354
2025-05-20 03:25:56.767475,6355
2025-05-20 03:25:57.409069,6356
2025-05-20 03:25:58.051898,6357
2025-05-20 03:25:58.704046,6358
2025-05-20 03:25:59.372555,6359
2025-05-20 03:26:00.005901,6360
2025-05-20 03:26:00.662745,6361
2025-05-20 03:26:01.326063,6362
2025-05-20 03:26:01.960074,6363
2025-05-20 03:26:02.619851,6364
2025-05-20 03:26:03.260901,6365
2025-05-20 03:26:03.919874,6366
2025-05-20 03:26:04.575647,6367
2025-05-20 03:26:05.222455,6368
2025-05-20 03:26:05.868903,6369
2025-05-20 03:26:06.522932,6370
2025-05-20 03:26:07.188541,6371
2025-05-20 03:26:07.825950,6372
2025-05-20 03:26:08.475839,6373
2025-05-20 03:26:09.123368,6374
2025-05-20 03:26:09.779781,6375
2025-05-20 03:26:10.431858,6376
2025-05-20 03:26:11.080797,6377
2025-05-20 03:26:11.726774,6378
2025-05-20 03:26:12.382781,6379
2025-05-20 03:26:13.038832,6380
2025-05-20 03:26:13.686012,6381
2025-05-20 03:26:14.341688,6382
2025-05-20 03:26:14.991629,6383
2025-05-20 03:26:15.641920,6384
2025-05-20 03:26:16.284168,6385
2025-05-20 03:26:16.938664,6386
2025-05-20 03:26:17.594937,6387
2025-05-20 03:26:18.239718,6388
2025-05-20 03:26:18.892832,6389
2025-05-20 03:26:19.560354,6390
2025-05-20 03:26:20.194336,6391
2025-05-20 03:26:20.844172,6392
2025-05-20 03:26:21.492765,6393
2025-05-20 03:26:22.154178,6394
2025-05-20 03:26:22.803898,6395
2025-05-20 03:26:23.447894,6396
2025-05-20 03:26:24.108199,6397
2025-05-20 03:26:24.757121,6398
2025-05-20 03:26:25.410655,6399
2025-05-20 03:26:26.057964,6400
2025-05-20 03:26:26.715680,6401
2025-05-20 03:26:27.360626,6402
2025-05-20 03:26:28.007016,6403
2025-05-20 03:26:28.663894,6404
2025-05-20 03:26:29.319706,6405
2025-05-20 03:26:29.965761,6406
2025-05-20 03:26:30.610090,6407
2025-05-20 03:26:31.267129,6408
2025-05-20 03:26:31.916821,6409
2025-05-20 03:26:32.561111,6410
2025-05-20 03:26:33.215195,6411
2025-05-20 03:26:33.874083,6412
2025-05-20 03:26:34.522899,6413
2025-05-20 03:26:35.166875,6414
2025-05-20 03:26:35.819772,6415
2025-05-20 03:26:36.483857,6416
2025-05-20 03:26:37.138497,6417
2025-05-20 03:26:37.773084,6418
2025-05-20 03:26:38.429816,6419
2025-05-20 03:26:39.080712,6420
2025-05-20 03:26:39.738075,6421
2025-05-20 03:26:40.375651,6422
2025-05-20 03:26:41.036236,6423
2025-05-20 03:26:41.681990,6424
2025-05-20 03:26:42.339950,6425
2025-05-20 03:26:42.999805,6426
2025-05-20 03:26:43.640130,6427
2025-05-20 03:26:44.282765,6428
2025-05-20 03:26:44.934926,6429
2025-05-20 03:26:45.590923,6430
2025-05-20 03:26:46.243153,6431
2025-05-20 03:26:46.889076,6432
2025-05-20 03:26:47.543134,6433
2025-05-20 03:26:48.202870,6434
2025-05-20 03:26:48.846034,6435
2025-05-20 03:26:49.507800,6436
2025-05-20 03:26:50.155342,6437
2025-05-20 03:26:50.803172,6438
2025-05-20 03:26:51.448132,6439
2025-05-20 03:26:52.116927,6440
2025-05-20 03:26:52.768789,6441
2025-05-20 03:26:53.399785,6442
2025-05-20 03:26:54.057343,6443
2025-05-20 03:26:54.702917,6444
2025-05-20 03:26:55.354164,6445
2025-05-20 03:26:56.014857,6446
2025-05-20 03:26:56.664190,6447
2025-05-20 03:26:57.316997,6448
2025-05-20 03:26:57.966206,6449
2025-05-20 03:26:58.617257,6450
2025-05-20 03:26:59.280777,6451
2025-05-20 03:26:59.915875,6452
2025-05-20 03:27:00.566988,6453
2025-05-20 03:27:01.218775,6454
2025-05-20 03:27:01.868381,6455
2025-05-20 03:27:02.534871,6456
2025-05-20 03:27:03.171193,6457
2025-05-20 03:27:03.828894,6458
2025-05-20 03:27:04.475224,6459
2025-05-20 03:27:05.134958,6460
2025-05-20 03:27:05.776419,6461
2025-05-20 03:27:06.434795,6462
2025-05-20 03:27:07.088735,6463
2025-05-20 03:27:07.728375,6464
2025-05-20 03:27:08.390988,6465
2025-05-20 03:27:09.030085,6466
2025-05-20 03:27:09.680177,6467
2025-05-20 03:27:10.348982,6468
2025-05-20 03:27:10.993869,6469
2025-05-20 03:27:11.646802,6470
2025-05-20 03:27:12.299120,6471
2025-05-20 03:27:12.946932,6472
2025-05-20 03:27:13.594877,6473
2025-05-20 03:27:14.257921,6474
2025-05-20 03:27:14.900785,6475
2025-05-20 03:27:15.547880,6476
2025-05-20 03:27:16.210966,6477
2025-05-20 03:27:16.846144,6478
2025-05-20 03:27:17.502982,6479
2025-05-20 03:27:18.159084,6480
2025-05-20 03:27:18.805835,6481
2025-05-20 03:27:19.465773,6482
2025-05-20 03:27:20.105029,6483
2025-05-20 03:27:20.760303,6484
2025-05-20 03:27:21.416943,6485
2025-05-20 03:27:22.055096,6486
2025-05-20 03:27:22.706041,6487
2025-05-20 03:27:23.374871,6488
2025-05-20 03:27:24.014095,6489
2025-05-20 03:27:24.663761,6490
2025-05-20 03:27:25.311239,6491
2025-05-20 03:27:25.969848,6492
2025-05-20 03:27:26.619034,6493
2025-05-20 03:27:27.268213,6494
2025-05-20 03:27:27.916268,6495
2025-05-20 03:27:28.574981,6496
2025-05-20 03:27:29.225541,6497
2025-05-20 03:27:29.879754,6498
2025-05-20 03:27:30.529979,6499
2025-05-20 03:27:31.179164,6500
2025-05-20 03:27:31.819989,6501
2025-05-20 03:27:32.474117,6502
2025-05-20 03:27:33.141085,6503
2025-05-20 03:27:33.789013,6504
2025-05-20 03:27:34.427433,6505
2025-05-20 03:27:35.080042,6506
2025-05-20 03:27:35.740918,6507
2025-05-20 03:27:36.398037,6508
2025-05-20 03:27:37.041019,6509
2025-05-20 03:27:37.688497,6510
2025-05-20 03:27:38.334834,6511
2025-05-20 03:27:38.992362,6512
2025-05-20 03:27:39.650001,6513
2025-05-20 03:27:40.293343,6514
2025-05-20 03:27:40.955808,6515
2025-05-20 03:27:41.591261,6516
2025-05-20 03:27:42.257854,6517
2025-05-20 03:27:42.891458,6518
2025-05-20 03:27:43.555953,6519
2025-05-20 03:27:44.211072,6520
2025-05-20 03:27:44.844252,6521
2025-05-20 03:27:45.508966,6522
2025-05-20 03:27:46.156047,6523
2025-05-20 03:27:46.802160,6524
2025-05-20 03:27:47.456371,6525
2025-05-20 03:27:48.103290,6526
2025-05-20 03:27:48.765882,6527
2025-05-20 03:27:49.418378,6528
2025-05-20 03:27:50.060376,6529
2025-05-20 03:27:50.704261,6530
2025-05-20 03:27:51.375671,6531
2025-05-20 03:27:52.016921,6532
2025-05-20 03:27:52.672941,6533
2025-05-20 03:27:53.310263,6534
2025-05-20 03:27:53.980949,6535
2025-05-20 03:27:54.620897,6536
2025-05-20 03:27:55.261414,6537
2025-05-20 03:27:55.927024,6538
2025-05-20 03:27:56.574114,6539
2025-05-20 03:27:57.218524,6540
2025-05-20 03:27:57.868249,6541
2025-05-20 03:27:58.520370,6542
2025-05-20 03:27:59.177975,6543
2025-05-20 03:27:59.836077,6544
2025-05-20 03:28:00.471332,6545
2025-05-20 03:28:01.122067,6546
2025-05-20 03:28:01.786386,6547
2025-05-20 03:28:02.430259,6548
2025-05-20 03:28:03.081919,6549
2025-05-20 03:28:03.733412,6550
2025-05-20 03:28:04.383708,6551
2025-05-20 03:28:05.032453,6552
2025-05-20 03:28:05.680217,6553
2025-05-20 03:28:06.331289,6554
2025-05-20 03:28:06.999622,6555
2025-05-20 03:28:07.635264,6556
2025-05-20 03:28:08.286350,6557
2025-05-20 03:28:08.935619,6558
2025-05-20 03:28:09.590487,6559
2025-05-20 03:28:10.245150,6560
2025-05-20 03:28:10.901943,6561
2025-05-20 03:28:11.548482,6562
2025-05-20 03:28:12.198073,6563
2025-05-20 03:28:12.848461,6564
2025-05-20 03:28:13.504075,6565
2025-05-20 03:28:14.150141,6566
2025-05-20 03:28:14.804449,6567
2025-05-20 03:28:15.448074,6568
2025-05-20 03:28:16.099582,6569
2025-05-20 03:28:16.759309,6570
2025-05-20 03:28:17.407647,6571
2025-05-20 03:28:18.056824,6572
2025-05-20 03:28:18.708411,6573
2025-05-20 03:28:19.357264,6574
2025-05-20 03:28:20.011032,6575
2025-05-20 03:28:20.658219,6576
2025-05-20 03:28:21.308527,6577
2025-05-20 03:28:21.966338,6578
2025-05-20 03:28:22.612384,6579
2025-05-20 03:28:23.271103,6580
2025-05-20 03:28:23.919828,6581
2025-05-20 03:28:24.572547,6582
2025-05-20 03:28:25.221770,6583
2025-05-20 03:28:25.875500,6584
2025-05-20 03:28:26.530964,6585
2025-05-20 03:28:27.167306,6586
2025-05-20 03:28:27.837066,6587
2025-05-20 03:28:28.470059,6588
2025-05-20 03:28:29.132895,6589
2025-05-20 03:28:29.779353,6590
2025-05-20 03:28:30.423787,6591
2025-05-20 03:28:31.076211,6592
2025-05-20 03:28:31.729372,6593
2025-05-20 03:28:32.378378,6594
2025-05-20 03:28:33.048162,6595
2025-05-20 03:28:33.688888,6596
2025-05-20 03:28:34.338206,6597
2025-05-20 03:28:34.985233,6598
2025-05-20 03:28:35.649063,6599
2025-05-20 03:28:36.291504,6600
2025-05-20 03:28:36.942388,6601
2025-05-20 03:28:37.592497,6602
2025-05-20 03:28:38.236591,6603
2025-05-20 03:28:38.892408,6604
2025-05-20 03:28:39.548499,6605
2025-05-20 03:28:40.195666,6606
2025-05-20 03:28:40.848496,6607
2025-05-20 03:28:41.508992,6608
2025-05-20 03:28:42.163660,6609
2025-05-20 03:28:42.805112,6610
2025-05-20 03:28:43.447815,6611
2025-05-20 03:28:44.109349,6612
2025-05-20 03:28:44.747449,6613
2025-05-20 03:28:45.400474,6614
2025-05-20 03:28:46.069917,6615
2025-05-20 03:28:46.708582,6616
2025-05-20 03:28:47.351948,6617
2025-05-20 03:28:48.004792,6618
2025-05-20 03:28:48.664222,6619
2025-05-20 03:28:49.310722,6620
2025-05-20 03:28:49.970224,6621
2025-05-20 03:28:50.621684,6622
2025-05-20 03:28:51.278803,6623
2025-05-20 03:28:51.911670,6624
2025-05-20 03:28:52.568477,6625
2025-05-20 03:28:53.234264,6626
2025-05-20 03:28:53.868421,6627
2025-05-20 03:28:54.516597,6628
2025-05-20 03:28:55.175777,6629
2025-05-20 03:28:55.820287,6630
2025-05-20 03:28:56.476394,6631
2025-05-20 03:28:57.132464,6632
2025-05-20 03:28:57.781511,6633
2025-05-20 03:28:58.441029,6634
2025-05-20 03:28:59.084784,6635
2025-05-20 03:28:59.731883,6636
2025-05-20 03:29:00.378721,6637
2025-05-20 03:29:01.038487,6638
2025-05-20 03:29:01.680483,6639
2025-05-20 03:29:02.336514,6640
2025-05-20 03:29:02.982746,6641
2025-05-20 03:29:03.642521,6642
2025-05-20 03:29:04.300336,6643
2025-05-20 03:29:04.955469,6644
2025-05-20 03:29:05.588201,6645
2025-05-20 03:29:06.257639,6646
2025-05-20 03:29:06.890477,6647
2025-05-20 03:29:07.543808,6648
2025-05-20 03:29:08.193631,6649
2025-05-20 03:29:08.851851,6650
2025-05-20 03:29:09.510291,6651
2025-05-20 03:29:10.159876,6652
2025-05-20 03:29:10.803840,6653
2025-05-20 03:29:11.451616,6654
2025-05-20 03:29:12.106584,6655
2025-05-20 03:29:12.759826,6656
2025-05-20 03:29:13.408551,6657
2025-05-20 03:29:14.055667,6658
2025-05-20 03:29:14.708409,6659
2025-05-20 03:29:15.365895,6660
2025-05-20 03:29:16.024332,6661
2025-05-20 03:29:16.667589,6662
2025-05-20 03:29:17.312393,6663
2025-05-20 03:29:17.968333,6664
2025-05-20 03:29:18.615964,6665
2025-05-20 03:29:19.278930,6666
2025-05-20 03:29:19.934417,6667
2025-05-20 03:29:20.573941,6668
2025-05-20 03:29:21.224501,6669
2025-05-20 03:29:21.867223,6670
2025-05-20 03:29:22.539318,6671
2025-05-20 03:29:23.187273,6672
2025-05-20 03:29:23.822722,6673
2025-05-20 03:29:24.480814,6674
2025-05-20 03:29:25.137579,6675
2025-05-20 03:29:25.780638,6676
2025-05-20 03:29:26.431952,6677
2025-05-20 03:29:27.079362,6678
2025-05-20 03:29:27.739596,6679
2025-05-20 03:29:28.386725,6680
2025-05-20 03:29:29.035017,6681
2025-05-20 03:29:29.689841,6682
2025-05-20 03:29:30.347480,6683
2025-05-20 03:29:30.994364,6684
2025-05-20 03:29:31.649912,6685
2025-05-20 03:29:32.288596,6686
2025-05-20 03:29:32.934543,6687
2025-05-20 03:29:33.601795,6688
2025-05-20 03:29:34.248546,6689
2025-05-20 03:29:34.893833,6690
2025-05-20 03:29:35.549981,6691
2025-05-20 03:29:36.197994,6692
2025-05-20 03:29:36.854641,6693
2025-05-20 03:29:37.501066,6694
2025-05-20 03:29:38.146843,6695
2025-05-20 03:29:38.814494,6696
2025-05-20 03:29:39.456930,6697
2025-05-20 03:29:40.105879,6698
2025-05-20 03:29:40.763587,6699
2025-05-20 03:29:41.410605,6700
2025-05-20 03:29:42.051768,6701
2025-05-20 03:29:42.707932,6702
2025-05-20 03:29:43.356026,6703
2025-05-20 03:29:44.019504,6704
2025-05-20 03:29:44.673453,6705
2025-05-20 03:29:45.314887,6706
2025-05-20 03:29:45.964654,6707
2025-05-20 03:29:46.610737,6708
2025-05-20 03:29:47.264933,6709
2025-05-20 03:29:47.911206,6710
2025-05-20 03:29:48.565108,6711
2025-05-20 03:29:49.214350,6712
2025-05-20 03:29:49.867904,6713
2025-05-20 03:29:50.534469,6714
2025-05-20 03:29:51.169750,6715
2025-05-20 03:29:51.829499,6716
2025-05-20 03:29:52.474961,6717
2025-05-20 03:29:53.130798,6718
2025-05-20 03:29:53.785396,6719
2025-05-20 03:29:54.443521,6720
2025-05-20 03:29:55.078516,6721
2025-05-20 03:29:55.731515,6722
2025-05-20 03:29:56.378761,6723
2025-05-20 03:29:57.026888,6724
2025-05-20 03:29:57.684999,6725
2025-05-20 03:29:58.329917,6726
2025-05-20 03:29:58.987904,6727
2025-05-20 03:29:59.652398,6728
2025-05-20 03:30:00.287090,6729
2025-05-20 03:30:00.943685,6730
2025-05-20 03:30:01.590056,6731
2025-05-20 03:30:02.237817,6732
2025-05-20 03:30:02.887662,6733
2025-05-20 03:30:03.545994,6734
2025-05-20 03:30:04.199698,6735
2025-05-20 03:30:04.844162,6736
2025-05-20 03:30:05.501678,6737
2025-05-20 03:30:06.147140,6738
2025-05-20 03:30:06.814611,6739
2025-05-20 03:30:07.451949,6740
2025-05-20 03:30:08.103750,6741
2025-05-20 03:30:08.749108,6742
2025-05-20 03:30:09.399872,6743
2025-05-20 03:30:10.058336,6744
2025-05-20 03:30:10.707828,6745
2025-05-20 03:30:11.358504,6746
2025-05-20 03:30:12.012609,6747
2025-05-20 03:30:12.660957,6748
2025-05-20 03:30:13.306910,6749
2025-05-20 03:30:13.967845,6750
2025-05-20 03:30:14.607939,6751
2025-05-20 03:30:15.259054,6752
2025-05-20 03:30:15.917638,6753
2025-05-20 03:30:16.578028,6754
2025-05-20 03:30:17.215887,6755
2025-05-20 03:30:17.876627,6756
2025-05-20 03:30:18.514913,6757
2025-05-20 03:30:19.172566,6758
2025-05-20 03:30:19.836645,6759
2025-05-20 03:30:20.482756,6760
2025-05-20 03:30:21.118769,6761
2025-05-20 03:30:21.773932,6762
2025-05-20 03:30:22.428687,6763
2025-05-20 03:30:23.074677,6764
2025-05-20 03:30:23.734617,6765
2025-05-20 03:30:24.391790,6766
2025-05-20 03:30:25.024886,6767
2025-05-20 03:30:25.693646,6768
2025-05-20 03:30:26.330785,6769
2025-05-20 03:30:26.988801,6770
2025-05-20 03:30:27.631594,6771
2025-05-20 03:30:28.288198,6772
2025-05-20 03:30:28.935774,6773
2025-05-20 03:30:29.592105,6774
2025-05-20 03:30:30.235510,6775
2025-05-20 03:30:30.891652,6776
2025-05-20 03:30:31.536047,6777
2025-05-20 03:30:32.190885,6778
2025-05-20 03:30:32.845933,6779
2025-05-20 03:30:33.505410,6780
2025-05-20 03:30:34.148617,6781
2025-05-20 03:30:34.803629,6782
2025-05-20 03:30:35.457678,6783
2025-05-20 03:30:36.104832,6784
2025-05-20 03:30:36.764734,6785
2025-05-20 03:30:37.406478,6786
2025-05-20 03:30:38.054101,6787
2025-05-20 03:30:38.703678,6788
2025-05-20 03:30:39.359831,6789
2025-05-20 03:30:40.003088,6790
2025-05-20 03:30:40.659814,6791
2025-05-20 03:30:41.314618,6792
2025-05-20 03:30:41.963049,6793
2025-05-20 03:30:42.610772,6794
2025-05-20 03:30:43.273513,6795
2025-05-20 03:30:43.922758,6796
2025-05-20 03:30:44.561967,6797
2025-05-20 03:30:45.207863,6798
2025-05-20 03:30:45.863328,6799
2025-05-20 03:30:46.527691,6800
2025-05-20 03:30:47.166212,6801
2025-05-20 03:30:47.816196,6802
2025-05-20 03:30:48.473938,6803
2025-05-20 03:30:49.119317,6804
2025-05-20 03:30:49.773760,6805
2025-05-20 03:30:50.430820,6806
2025-05-20 03:30:51.070827,6807
2025-05-20 03:30:51.721792,6808
2025-05-20 03:30:52.379883,6809
2025-05-20 03:30:53.023620,6810
2025-05-20 03:30:53.684164,6811
2025-05-20 03:30:54.342849,6812
2025-05-20 03:30:54.983051,6813
2025-05-20 03:30:55.639023,6814
2025-05-20 03:30:56.289410,6815
2025-05-20 03:30:56.934401,6816
2025-05-20 03:30:57.583013,6817
2025-05-20 03:30:58.235005,6818
2025-05-20 03:30:58.903873,6819
2025-05-20 03:30:59.535865,6820
2025-05-20 03:31:00.186826,6821
2025-05-20 03:31:00.854925,6822
2025-05-20 03:31:01.499821,6823
2025-05-20 03:31:02.149790,6824
2025-05-20 03:31:02.795740,6825
2025-05-20 03:31:03.454774,6826
2025-05-20 03:31:04.099152,6827
2025-05-20 03:31:04.754843,6828
2025-05-20 03:31:05.400247,6829
2025-05-20 03:31:06.047059,6830
2025-05-20 03:31:06.699737,6831
2025-05-20 03:31:07.352298,6832
2025-05-20 03:31:08.009208,6833
2025-05-20 03:31:08.670640,6834
2025-05-20 03:31:09.301813,6835
2025-05-20 03:31:09.963261,6836
2025-05-20 03:31:10.607288,6837
2025-05-20 03:31:11.269599,6838
2025-05-20 03:31:11.903854,6839
2025-05-20 03:31:12.566016,6840
2025-05-20 03:31:13.210032,6841
2025-05-20 03:31:13.870815,6842
2025-05-20 03:31:14.511418,6843
2025-05-20 03:31:15.163563,6844
2025-05-20 03:31:15.812377,6845
2025-05-20 03:31:16.469911,6846
2025-05-20 03:31:17.116366,6847
2025-05-20 03:31:17.783643,6848
2025-05-20 03:31:18.424289,6849
2025-05-20 03:31:19.072005,6850
2025-05-20 03:31:19.738889,6851
2025-05-20 03:31:20.373215,6852
2025-05-20 03:31:21.030227,6853
2025-05-20 03:31:21.683094,6854
2025-05-20 03:31:22.327096,6855
2025-05-20 03:31:22.988968,6856
2025-05-20 03:31:23.629157,6857
2025-05-20 03:31:24.286081,6858
2025-05-20 03:31:24.930977,6859
2025-05-20 03:31:25.583059,6860
2025-05-20 03:31:26.240979,6861
2025-05-20 03:31:26.890119,6862
2025-05-20 03:31:27.540229,6863
2025-05-20 03:31:28.197894,6864
2025-05-20 03:31:28.842339,6865
2025-05-20 03:31:29.496763,6866
2025-05-20 03:31:30.154733,6867
2025-05-20 03:31:30.795118,6868
2025-05-20 03:31:31.453608,6869
2025-05-20 03:31:32.096477,6870
2025-05-20 03:31:32.742383,6871
2025-05-20 03:31:33.404114,6872
2025-05-20 03:31:34.051385,6873
2025-05-20 03:31:34.711038,6874
2025-05-20 03:31:35.349011,6875
2025-05-20 03:31:36.004416,6876
2025-05-20 03:31:36.655882,6877
2025-05-20 03:31:37.314432,6878
2025-05-20 03:31:37.956238,6879
2025-05-20 03:31:38.605959,6880
2025-05-20 03:31:39.263444,6881
2025-05-20 03:31:39.904362,6882
2025-05-20 03:31:40.555329,6883
2025-05-20 03:31:41.214157,6884
2025-05-20 03:31:41.863490,6885
2025-05-20 03:31:42.512327,6886
2025-05-20 03:31:43.166122,6887
2025-05-20 03:31:43.816187,6888
2025-05-20 03:31:44.467068,6889
2025-05-20 03:31:45.134062,6890
2025-05-20 03:31:45.768301,6891
2025-05-20 03:31:46.421139,6892
2025-05-20 03:31:47.069476,6893
2025-05-20 03:31:47.726967,6894
2025-05-20 03:31:48.372263,6895
2025-05-20 03:31:49.028449,6896
2025-05-20 03:31:49.680316,6897
2025-05-20 03:31:50.332354,6898
2025-05-20 03:31:50.980400,6899
2025-05-20 03:31:51.628316,6900
2025-05-20 03:31:52.287996,6901
2025-05-20 03:31:52.928587,6902
2025-05-20 03:31:53.585323,6903
2025-05-20 03:31:54.239535,6904
2025-05-20 03:31:54.886244,6905
2025-05-20 03:31:55.549739,6906
2025-05-20 03:31:56.187205,6907
2025-05-20 03:31:56.838448,6908
2025-05-20 03:31:57.490420,6909
2025-05-20 03:31:58.143260,6910
2025-05-20 03:31:58.795251,6911
2025-05-20 03:31:59.439220,6912
2025-05-20 03:32:00.100119,6913
2025-05-20 03:32:00.752277,6914
2025-05-20 03:32:01.406118,6915
2025-05-20 03:32:02.053804,6916
2025-05-20 03:32:02.702101,6917
2025-05-20 03:32:03.356034,6918
2025-05-20 03:32:04.017042,6919
2025-05-20 03:32:04.652555,6920
2025-05-20 03:32:05.304958,6921
2025-05-20 03:32:05.952534,6922
2025-05-20 03:32:06.611353,6923
2025-05-20 03:32:07.269067,6924
2025-05-20 03:32:07.916062,6925
2025-05-20 03:32:08.555447,6926
2025-05-20 03:32:09.208365,6927
2025-05-20 03:32:09.867279,6928
2025-05-20 03:32:10.527144,6929
2025-05-20 03:32:11.175884,6930
2025-05-20 03:32:11.826104,6931
2025-05-20 03:32:12.472096,6932
2025-05-20 03:32:13.120507,6933
2025-05-20 03:32:13.767441,6934
2025-05-20 03:32:14.416551,6935
2025-05-20 03:32:15.076833,6936
2025-05-20 03:32:15.722026,6937
2025-05-20 03:32:16.375378,6938
2025-05-20 03:32:17.028398,6939
2025-05-20 03:32:17.674371,6940
2025-05-20 03:32:18.325410,6941
2025-05-20 03:32:18.984248,6942
2025-05-20 03:32:19.635094,6943
2025-05-20 03:32:20.274862,6944
2025-05-20 03:32:20.947141,6945
2025-05-20 03:32:21.592536,6946
2025-05-20 03:32:22.236263,6947
2025-05-20 03:32:22.884622,6948
2025-05-20 03:32:23.536279,6949
2025-05-20 03:32:24.188583,6950
2025-05-20 03:32:24.844357,6951
2025-05-20 03:32:25.492489,6952
2025-05-20 03:32:26.141554,6953
2025-05-20 03:32:26.788201,6954
2025-05-20 03:32:27.439702,6955
2025-05-20 03:32:28.106021,6956
2025-05-20 03:32:28.756280,6957
2025-05-20 03:32:29.398218,6958
2025-05-20 03:32:30.053485,6959
2025-05-20 03:32:30.695069,6960
2025-05-20 03:32:31.351624,6961
2025-05-20 03:32:32.007036,6962
2025-05-20 03:32:32.654301,6963
2025-05-20 03:32:33.307394,6964
2025-05-20 03:32:33.963102,6965
2025-05-20 03:32:34.602103,6966
2025-05-20 03:32:35.250983,6967
2025-05-20 03:32:35.912206,6968
2025-05-20 03:32:36.558424,6969
2025-05-20 03:32:37.215374,6970
2025-05-20 03:32:37.856476,6971
2025-05-20 03:32:38.516554,6972
2025-05-20 03:32:39.165318,6973
2025-05-20 03:32:39.824199,6974
2025-05-20 03:32:40.464427,6975
2025-05-20 03:32:41.114741,6976
2025-05-20 03:32:41.775254,6977
2025-05-20 03:32:42.416278,6978
2025-05-20 03:32:43.075355,6979
2025-05-20 03:32:43.731242,6980
2025-05-20 03:32:44.371477,6981
2025-05-20 03:32:45.029002,6982
2025-05-20 03:32:45.672300,6983
2025-05-20 03:32:46.332389,6984
2025-05-20 03:32:46.982467,6985
2025-05-20 03:32:47.636899,6986
2025-05-20 03:32:48.280434,6987
2025-05-20 03:32:48.940204,6988
2025-05-20 03:32:49.577742,6989
2025-05-20 03:32:50.228344,6990
2025-05-20 03:32:50.893970,6991
2025-05-20 03:32:51.541814,6992
2025-05-20 03:32:52.189488,6993
2025-05-20 03:32:52.840387,6994
2025-05-20 03:32:53.487927,6995
2025-05-20 03:32:54.141635,6996
2025-05-20 03:32:54.788536,6997
2025-05-20 03:32:55.439342,6998
2025-05-20 03:32:56.091860,6999
2025-05-20 03:32:56.759051,7000
2025-05-20 03:32:57.411042,7001
2025-05-20 03:32:58.051520,7002
2025-05-20 03:32:58.699752,7003
2025-05-20 03:32:59.363340,7004
2025-05-20 03:33:00.002474,7005
2025-05-20 03:33:00.651523,7006
2025-05-20 03:33:01.303569,7007
2025-05-20 03:33:01.964580,7008
2025-05-20 03:33:02.598751,7009
2025-05-20 03:33:03.251781,7010
2025-05-20 03:33:03.922245,7011
2025-05-20 03:33:04.559842,7012
2025-05-20 03:33:05.206726,7013
2025-05-20 03:33:05.864276,7014
2025-05-20 03:33:06.508759,7015
2025-05-20 03:33:07.156371,7016
2025-05-20 03:33:07.827297,7017
2025-05-20 03:33:08.462475,7018
2025-05-20 03:33:09.111920,7019
2025-05-20 03:33:09.771729,7020
2025-05-20 03:33:10.418207,7021
2025-05-20 03:33:11.069264,7022
2025-05-20 03:33:11.715783,7023
2025-05-20 03:33:12.382130,7024
2025-05-20 03:33:13.030338,7025
2025-05-20 03:33:13.687525,7026
2025-05-20 03:33:14.319580,7027
2025-05-20 03:33:14.982272,7028
2025-05-20 03:33:15.624607,7029
2025-05-20 03:33:16.282299,7030
2025-05-20 03:33:16.929800,7031
2025-05-20 03:33:17.575904,7032
2025-05-20 03:33:18.228311,7033
2025-05-20 03:33:18.893747,7034
2025-05-20 03:33:19.528452,7035
2025-05-20 03:33:20.186326,7036
2025-05-20 03:33:20.839831,7037
2025-05-20 03:33:21.499397,7038
2025-05-20 03:33:22.135806,7039
2025-05-20 03:33:22.792778,7040
2025-05-20 03:33:23.442455,7041
2025-05-20 03:33:24.092187,7042
2025-05-20 03:33:24.736059,7043
2025-05-20 03:33:25.390598,7044
2025-05-20 03:33:26.040713,7045
2025-05-20 03:33:26.700504,7046
2025-05-20 03:33:27.350324,7047
2025-05-20 03:33:27.996394,7048
2025-05-20 03:33:28.647559,7049
2025-05-20 03:33:29.296581,7050
2025-05-20 03:33:29.945905,7051
2025-05-20 03:33:30.611475,7052
2025-05-20 03:33:31.265324,7053
2025-05-20 03:33:31.899597,7054
2025-05-20 03:33:32.559682,7055
2025-05-20 03:33:33.208373,7056
2025-05-20 03:33:33.856806,7057
2025-05-20 03:33:34.507539,7058
2025-05-20 03:33:35.159415,7059
2025-05-20 03:33:35.807847,7060
2025-05-20 03:33:36.462387,7061
2025-05-20 03:33:37.110953,7062
2025-05-20 03:33:37.764448,7063
2025-05-20 03:33:38.412378,7064
2025-05-20 03:33:39.072327,7065
2025-05-20 03:33:39.723526,7066
2025-05-20 03:33:40.375019,7067
2025-05-20 03:33:41.035438,7068
2025-05-20 03:33:41.676049,7069
2025-05-20 03:33:42.318970,7070
2025-05-20 03:33:42.978642,7071
2025-05-20 03:33:43.620539,7072
2025-05-20 03:33:44.271673,7073
2025-05-20 03:33:44.921673,7074
2025-05-20 03:33:45.578749,7075
2025-05-20 03:33:46.228407,7076
2025-05-20 03:33:46.887508,7077
2025-05-20 03:33:47.545850,7078
2025-05-20 03:33:48.182493,7079
2025-05-20 03:33:48.832911,7080
2025-05-20 03:33:49.479924,7081
2025-05-20 03:33:50.141673,7082
2025-05-20 03:33:50.785020,7083
2025-05-20 03:33:51.439785,7084
2025-05-20 03:33:52.089057,7085
2025-05-20 03:33:52.738878,7086
2025-05-20 03:33:53.395778,7087
2025-05-20 03:33:54.057772,7088
2025-05-20 03:33:54.700395,7089
2025-05-20 03:33:55.337538,7090
2025-05-20 03:33:55.992551,7091
2025-05-20 03:33:56.659614,7092
2025-05-20 03:33:57.303014,7093
2025-05-20 03:33:57.945400,7094
2025-05-20 03:33:58.605146,7095
2025-05-20 03:33:59.255089,7096
2025-05-20 03:33:59.913611,7097
2025-05-20 03:34:00.553981,7098
2025-05-20 03:34:01.199959,7099
2025-05-20 03:34:01.859790,7100
2025-05-20 03:34:02.507942,7101
2025-05-20 03:34:03.156962,7102
2025-05-20 03:34:03.811937,7103
2025-05-20 03:34:04.472347,7104
2025-05-20 03:34:05.110972,7105
2025-05-20 03:34:05.761955,7106
2025-05-20 03:34:06.408905,7107
2025-05-20 03:34:07.059848,7108
2025-05-20 03:34:07.727666,7109
2025-05-20 03:34:08.381588,7110
2025-05-20 03:34:09.019921,7111
2025-05-20 03:34:09.674686,7112
2025-05-20 03:34:10.313597,7113
2025-05-20 03:34:10.977567,7114
2025-05-20 03:34:11.627531,7115
2025-05-20 03:34:12.278761,7116
2025-05-20 03:34:12.928734,7117
2025-05-20 03:34:13.582637,7118
2025-05-20 03:34:14.229441,7119
2025-05-20 03:34:14.883635,7120
2025-05-20 03:34:15.538817,7121
2025-05-20 03:34:16.195628,7122
2025-05-20 03:34:16.847774,7123
2025-05-20 03:34:17.498705,7124
2025-05-20 03:34:18.145640,7125
2025-05-20 03:34:18.789906,7126
2025-05-20 03:34:19.434055,7127
2025-05-20 03:34:20.082816,7128
2025-05-20 03:34:20.737802,7129
2025-05-20 03:34:21.400623,7130
2025-05-20 03:34:22.045992,7131
2025-05-20 03:34:22.689801,7132
2025-05-20 03:34:23.341883,7133
2025-05-20 03:34:23.998060,7134
2025-05-20 03:34:24.654358,7135
2025-05-20 03:34:25.293058,7136
2025-05-20 03:34:25.952709,7137
2025-05-20 03:34:26.600802,7138
2025-05-20 03:34:27.257409,7139
2025-05-20 03:34:27.913863,7140
2025-05-20 03:34:28.547408,7141
2025-05-20 03:34:29.198960,7142
2025-05-20 03:34:29.861394,7143
2025-05-20 03:34:30.511645,7144
2025-05-20 03:34:31.161768,7145
2025-05-20 03:34:31.817599,7146
2025-05-20 03:34:32.474074,7147
2025-05-20 03:34:33.109949,7148
2025-05-20 03:34:33.769842,7149
2025-05-20 03:34:34.416212,7150
2025-05-20 03:34:35.062600,7151
2025-05-20 03:34:35.725101,7152
2025-05-20 03:34:36.363922,7153
2025-05-20 03:34:37.030760,7154
2025-05-20 03:34:37.673657,7155
2025-05-20 03:34:38.333522,7156
2025-05-20 03:34:38.975003,7157
2025-05-20 03:34:39.626598,7158
2025-05-20 03:34:40.267125,7159
2025-05-20 03:34:40.919989,7160
2025-05-20 03:34:41.586792,7161
2025-05-20 03:34:42.221566,7162
2025-05-20 03:34:42.881704,7163
2025-05-20 03:34:43.527971,7164
2025-05-20 03:34:44.190702,7165
2025-05-20 03:34:44.830174,7166
2025-05-20 03:34:45.479800,7167
2025-05-20 03:34:46.127331,7168
2025-05-20 03:34:46.788878,7169
2025-05-20 03:34:47.442796,7170
2025-05-20 03:34:48.083232,7171
2025-05-20 03:34:48.733642,7172
2025-05-20 03:34:49.387051,7173
2025-05-20 03:34:50.038966,7174
2025-05-20 03:34:50.693912,7175
2025-05-20 03:34:51.349588,7176
2025-05-20 03:34:51.996955,7177
2025-05-20 03:34:52.654721,7178
2025-05-20 03:34:53.302729,7179
2025-05-20 03:34:53.957465,7180
2025-05-20 03:34:54.602670,7181
2025-05-20 03:34:55.243534,7182
2025-05-20 03:34:55.898738,7183
2025-05-20 03:34:56.546964,7184
2025-05-20 03:34:57.213766,7185
2025-05-20 03:34:57.848096,7186
2025-05-20 03:34:58.499024,7187
2025-05-20 03:34:59.160887,7188
2025-05-20 03:34:59.811276,7189
2025-05-20 03:35:00.452988,7190
2025-05-20 03:35:01.106745,7191
2025-05-20 03:35:01.774871,7192
2025-05-20 03:35:02.424840,7193
2025-05-20 03:35:03.071803,7194
2025-05-20 03:35:03.714108,7195
2025-05-20 03:35:04.363333,7196
2025-05-20 03:35:05.011312,7197
2025-05-20 03:35:05.674803,7198
2025-05-20 03:35:06.326512,7199
2025-05-20 03:35:06.964277,7200
2025-05-20 03:35:07.635344,7201
2025-05-20 03:35:08.266025,7202
2025-05-20 03:35:08.922048,7203
2025-05-20 03:35:09.571891,7204
2025-05-20 03:35:10.222331,7205
2025-05-20 03:35:10.883922,7206
2025-05-20 03:35:11.521710,7207
2025-05-20 03:35:12.179948,7208
2025-05-20 03:35:12.828897,7209
2025-05-20 03:35:13.476323,7210
2025-05-20 03:35:14.146891,7211
2025-05-20 03:35:14.784260,7212
2025-05-20 03:35:15.427830,7213
2025-05-20 03:35:16.098619,7214
2025-05-20 03:35:16.735029,7215
2025-05-20 03:35:17.401875,7216
2025-05-20 03:35:18.042747,7217
2025-05-20 03:35:18.684167,7218
2025-05-20 03:35:19.354968,7219
2025-05-20 03:35:19.986203,7220
2025-05-20 03:35:20.638047,7221
2025-05-20 03:35:21.288443,7222
2025-05-20 03:35:21.943985,7223
2025-05-20 03:35:22.593264,7224
2025-05-20 03:35:23.242803,7225
2025-05-20 03:35:23.909609,7226
2025-05-20 03:35:24.552166,7227
2025-05-20 03:35:25.203809,7228
2025-05-20 03:35:25.848374,7229
2025-05-20 03:35:26.498265,7230
2025-05-20 03:35:27.164826,7231
2025-05-20 03:35:27.812614,7232
2025-05-20 03:35:28.460401,7233
2025-05-20 03:35:29.101358,7234
2025-05-20 03:35:29.767013,7235
2025-05-20 03:35:30.402344,7236
2025-05-20 03:35:31.054385,7237
2025-05-20 03:35:31.724997,7238
2025-05-20 03:35:32.377687,7239
2025-05-20 03:35:33.013383,7240
2025-05-20 03:35:33.673987,7241
2025-05-20 03:35:34.328720,7242
2025-05-20 03:35:34.967153,7243
2025-05-20 03:35:35.632942,7244
2025-05-20 03:35:36.271081,7245
2025-05-20 03:35:36.918305,7246
2025-05-20 03:35:37.575000,7247
2025-05-20 03:35:38.221249,7248
2025-05-20 03:35:38.878380,7249
2025-05-20 03:35:39.533903,7250
2025-05-20 03:35:40.175466,7251
2025-05-20 03:35:40.841648,7252
2025-05-20 03:35:41.476476,7253
2025-05-20 03:35:42.130752,7254
2025-05-20 03:35:42.775353,7255
2025-05-20 03:35:43.435049,7256
2025-05-20 03:35:44.088144,7257
2025-05-20 03:35:44.745937,7258
2025-05-20 03:35:45.400517,7259
2025-05-20 03:35:46.041585,7260
2025-05-20 03:35:46.698848,7261
2025-05-20 03:35:47.335925,7262
2025-05-20 03:35:47.994436,7263
2025-05-20 03:35:48.644475,7264
2025-05-20 03:35:49.292421,7265
2025-05-20 03:35:49.946088,7266
2025-05-20 03:35:50.596736,7267
2025-05-20 03:35:51.251156,7268
2025-05-20 03:35:51.896403,7269
2025-05-20 03:35:52.544338,7270
2025-05-20 03:35:53.211778,7271
2025-05-20 03:35:53.846005,7272
2025-05-20 03:35:54.507015,7273
2025-05-20 03:35:55.165999,7274
2025-05-20 03:35:55.802061,7275
2025-05-20 03:35:56.452488,7276
2025-05-20 03:35:57.107241,7277
2025-05-20 03:35:57.760304,7278
2025-05-20 03:35:58.412313,7279
2025-05-20 03:35:59.068828,7280
2025-05-20 03:35:59.715106,7281
2025-05-20 03:36:00.363361,7282
2025-05-20 03:36:01.016926,7283
2025-05-20 03:36:01.678821,7284
2025-05-20 03:36:02.316324,7285
2025-05-20 03:36:02.967380,7286
2025-05-20 03:36:03.612637,7287
2025-05-20 03:36:04.271498,7288
2025-05-20 03:36:04.922093,7289
2025-05-20 03:36:05.575279,7290
2025-05-20 03:36:06.216382,7291
2025-05-20 03:36:06.867554,7292
2025-05-20 03:36:07.522639,7293
2025-05-20 03:36:08.172557,7294
2025-05-20 03:36:08.831230,7295
2025-05-20 03:36:09.480333,7296
2025-05-20 03:36:10.133436,7297
2025-05-20 03:36:10.795061,7298
2025-05-20 03:36:11.430349,7299
2025-05-20 03:36:12.079651,7300
2025-05-20 03:36:12.732361,7301
2025-05-20 03:36:13.382212,7302
2025-05-20 03:36:14.040221,7303
2025-05-20 03:36:14.692071,7304
2025-05-20 03:36:15.331874,7305
2025-05-20 03:36:15.991056,7306
2025-05-20 03:36:16.643839,7307
2025-05-20 03:36:17.292435,7308
2025-05-20 03:36:17.944436,7309
2025-05-20 03:36:18.604445,7310
2025-05-20 03:36:19.253595,7311
2025-05-20 03:36:19.907685,7312
2025-05-20 03:36:20.548934,7313
2025-05-20 03:36:21.208763,7314
2025-05-20 03:36:21.854442,7315
2025-05-20 03:36:22.505265,7316
2025-05-20 03:36:23.148534,7317
2025-05-20 03:36:23.813853,7318
2025-05-20 03:36:24.456711,7319
2025-05-20 03:36:25.106086,7320
2025-05-20 03:36:25.771122,7321
2025-05-20 03:36:26.408487,7322
2025-05-20 03:36:27.063809,7323
2025-05-20 03:36:27.723326,7324
2025-05-20 03:36:28.362658,7325
2025-05-20 03:36:29.017367,7326
2025-05-20 03:36:29.677129,7327
2025-05-20 03:36:30.306906,7328
2025-05-20 03:36:30.975234,7329
2025-05-20 03:36:31.614419,7330
2025-05-20 03:36:32.274222,7331
2025-05-20 03:36:32.930201,7332
2025-05-20 03:36:33.564323,7333
2025-05-20 03:36:34.215628,7334
2025-05-20 03:36:34.876478,7335
2025-05-20 03:36:35.529151,7336
2025-05-20 03:36:36.172556,7337
2025-05-20 03:36:36.821627,7338
2025-05-20 03:36:37.479881,7339
2025-05-20 03:36:38.139324,7340
2025-05-20 03:36:38.780372,7341
2025-05-20 03:36:39.432623,7342
2025-05-20 03:36:40.077966,7343
2025-05-20 03:36:40.731732,7344
2025-05-20 03:36:41.388381,7345
2025-05-20 03:36:42.043361,7346
2025-05-20 03:36:42.680345,7347
2025-05-20 03:36:43.340523,7348
2025-05-20 03:36:43.992505,7349
2025-05-20 03:36:44.652219,7350
2025-05-20 03:36:45.283048,7351
2025-05-20 03:36:45.952384,7352
2025-05-20 03:36:46.599375,7353
2025-05-20 03:36:47.237378,7354
2025-05-20 03:36:47.892493,7355
2025-05-20 03:36:48.544222,7356
2025-05-20 03:36:49.206026,7357
2025-05-20 03:36:49.851205,7358
2025-05-20 03:36:50.505624,7359
2025-05-20 03:36:51.146696,7360
2025-05-20 03:36:51.804054,7361
2025-05-20 03:36:52.455314,7362
2025-05-20 03:36:53.103331,7363
2025-05-20 03:36:53.751974,7364
2025-05-20 03:36:54.404307,7365
2025-05-20 03:36:55.053071,7366
2025-05-20 03:36:55.704423,7367
2025-05-20 03:36:56.363459,7368
2025-05-20 03:36:57.008404,7369
2025-05-20 03:36:57.656479,7370
2025-05-20 03:36:58.315780,7371
2025-05-20 03:36:58.975347,7372
2025-05-20 03:36:59.615696,7373
2025-05-20 03:37:00.261972,7374
2025-05-20 03:37:00.920617,7375
2025-05-20 03:37:01.564936,7376
2025-05-20 03:37:02.220751,7377
2025-05-20 03:37:02.863919,7378
2025-05-20 03:37:03.515447,7379
2025-05-20 03:37:04.187471,7380
2025-05-20 03:37:04.838364,7381
2025-05-20 03:37:05.487882,7382
2025-05-20 03:37:06.119567,7383
2025-05-20 03:37:06.787271,7384
2025-05-20 03:37:07.432444,7385
2025-05-20 03:37:08.083238,7386
2025-05-20 03:37:08.724582,7387
2025-05-20 03:37:09.376052,7388
2025-05-20 03:37:10.037528,7389
2025-05-20 03:37:10.691359,7390
2025-05-20 03:37:11.334638,7391
2025-05-20 03:37:11.980618,7392
2025-05-20 03:37:12.632741,7393
2025-05-20 03:37:13.292701,7394
2025-05-20 03:37:13.932830,7395
2025-05-20 03:37:14.592613,7396
2025-05-20 03:37:15.240936,7397
2025-05-20 03:37:15.888663,7398
2025-05-20 03:37:16.540916,7399
2025-05-20 03:37:17.202385,7400
2025-05-20 03:37:17.847773,7401
2025-05-20 03:37:18.495875,7402
2025-05-20 03:37:19.144955,7403
2025-05-20 03:37:19.799933,7404
2025-05-20 03:37:20.454854,7405
2025-05-20 03:37:21.103977,7406
2025-05-20 03:37:21.756872,7407
2025-05-20 03:37:22.399790,7408
2025-05-20 03:37:23.053884,7409
2025-05-20 03:37:23.700030,7410
2025-05-20 03:37:24.355976,7411
2025-05-20 03:37:25.021419,7412
2025-05-20 03:37:25.662852,7413
2025-05-20 03:37:26.323583,7414
2025-05-20 03:37:26.955596,7415
2025-05-20 03:37:27.607772,7416
2025-05-20 03:37:28.273912,7417
2025-05-20 03:37:28.922402,7418
2025-05-20 03:37:29.559687,7419
2025-05-20 03:37:30.221689,7420
2025-05-20 03:37:30.871523,7421
2025-05-20 03:37:31.529369,7422
2025-05-20 03:37:32.171458,7423
2025-05-20 03:37:32.815909,7424
2025-05-20 03:37:33.471924,7425
2025-05-20 03:37:34.134315,7426
2025-05-20 03:37:34.771798,7427
2025-05-20 03:37:35.423608,7428
2025-05-20 03:37:36.082989,7429
2025-05-20 03:37:36.727612,7430
2025-05-20 03:37:37.372712,7431
2025-05-20 03:37:38.043181,7432
2025-05-20 03:37:38.684832,7433
2025-05-20 03:37:39.336906,7434
2025-05-20 03:37:39.979831,7435
2025-05-20 03:37:40.645448,7436
2025-05-20 03:37:41.284840,7437
2025-05-20 03:37:41.936373,7438
2025-05-20 03:37:42.587851,7439
2025-05-20 03:37:43.245484,7440
2025-05-20 03:37:43.894490,7441
2025-05-20 03:37:44.540917,7442
2025-05-20 03:37:45.201797,7443
2025-05-20 03:37:45.840421,7444
2025-05-20 03:37:46.505596,7445
2025-05-20 03:37:47.143124,7446
2025-05-20 03:37:47.808435,7447
2025-05-20 03:37:48.456468,7448
2025-05-20 03:37:49.099206,7449
2025-05-20 03:37:49.744047,7450
2025-05-20 03:37:50.403868,7451
2025-05-20 03:37:51.061653,7452
2025-05-20 03:37:51.702887,7453
2025-05-20 03:37:52.359236,7454
2025-05-20 03:37:53.007015,7455
2025-05-20 03:37:53.666386,7456
2025-05-20 03:37:54.304949,7457
2025-05-20 03:37:54.971451,7458
2025-05-20 03:37:55.606060,7459
2025-05-20 03:37:56.270224,7460
2025-05-20 03:37:56.914742,7461
2025-05-20 03:37:57.561965,7462
2025-05-20 03:37:58.219574,7463
2025-05-20 03:37:58.870971,7464
2025-05-20 03:37:59.511845,7465
2025-05-20 03:38:00.162288,7466
2025-05-20 03:38:00.829521,7467
2025-05-20 03:38:01.475036,7468
2025-05-20 03:38:02.121979,7469
2025-05-20 03:38:02.771746,7470
2025-05-20 03:38:03.420566,7471
2025-05-20 03:38:04.077818,7472
2025-05-20 03:38:04.721047,7473
2025-05-20 03:38:05.374397,7474
2025-05-20 03:38:06.033665,7475
2025-05-20 03:38:06.694589,7476
2025-05-20 03:38:07.343365,7477
2025-05-20 03:38:07.978999,7478
2025-05-20 03:38:08.648695,7479
2025-05-20 03:38:09.284731,7480
2025-05-20 03:38:09.937856,7481
2025-05-20 03:38:10.591263,7482
2025-05-20 03:38:11.242038,7483
2025-05-20 03:38:11.891929,7484
2025-05-20 03:38:12.544753,7485
2025-05-20 03:38:13.195754,7486
2025-05-20 03:38:13.844558,7487
2025-05-20 03:38:14.498706,7488
2025-05-20 03:38:15.142966,7489
2025-05-20 03:38:15.800792,7490
2025-05-20 03:38:16.455066,7491
2025-05-20 03:38:17.092623,7492
2025-05-20 03:38:17.762525,7493
2025-05-20 03:38:18.403531,7494
2025-05-20 03:38:19.045907,7495
2025-05-20 03:38:19.696819,7496
2025-05-20 03:38:20.349946,7497
2025-05-20 03:38:20.998874,7498
2025-05-20 03:38:21.666320,7499
2025-05-20 03:38:22.320806,7500
2025-05-20 03:38:22.962323,7501
2025-05-20 03:38:23.604170,7502
2025-05-20 03:38:24.269632,7503
2025-05-20 03:38:24.915826,7504
2025-05-20 03:38:25.566072,7505
2025-05-20 03:38:26.217879,7506
2025-05-20 03:38:26.874753,7507
2025-05-20 03:38:27.511867,7508
2025-05-20 03:38:28.179718,7509
2025-05-20 03:38:28.822546,7510
2025-05-20 03:38:29.473667,7511
2025-05-20 03:38:30.123748,7512
2025-05-20 03:38:30.765917,7513
2025-05-20 03:38:31.425068,7514
2025-05-20 03:38:32.076325,7515
2025-05-20 03:38:32.733667,7516
2025-05-20 03:38:33.373928,7517
2025-05-20 03:38:34.023154,7518
2025-05-20 03:38:34.678169,7519
2025-05-20 03:38:35.321316,7520
2025-05-20 03:38:35.976763,7521
2025-05-20 03:38:36.627689,7522
2025-05-20 03:38:37.279042,7523
2025-05-20 03:38:37.944559,7524
2025-05-20 03:38:38.589433,7525
2025-05-20 03:38:39.238097,7526
2025-05-20 03:38:39.885821,7527
2025-05-20 03:38:40.539783,7528
2025-05-20 03:38:41.193610,7529
2025-05-20 03:38:41.843088,7530
2025-05-20 03:38:42.506698,7531
2025-05-20 03:38:43.143895,7532
2025-05-20 03:38:43.790915,7533
2025-05-20 03:38:44.441982,7534
2025-05-20 03:38:45.096087,7535
2025-05-20 03:38:45.743011,7536
2025-05-20 03:38:46.403167,7537
2025-05-20 03:38:47.049870,7538
2025-05-20 03:38:47.713678,7539
2025-05-20 03:38:48.351027,7540
2025-05-20 03:38:49.006965,7541
2025-05-20 03:38:49.664603,7542
2025-05-20 03:38:50.301359,7543
2025-05-20 03:38:50.969703,7544
2025-05-20 03:38:51.617753,7545
2025-05-20 03:38:52.254153,7546
2025-05-20 03:38:52.922868,7547
2025-05-20 03:38:53.562749,7548
2025-05-20 03:38:54.209800,7549
2025-05-20 03:38:54.858125,7550
2025-05-20 03:38:55.521731,7551
2025-05-20 03:38:56.180792,7552
2025-05-20 03:38:56.824674,7553
2025-05-20 03:38:57.469902,7554
2025-05-20 03:38:58.116328,7555
2025-05-20 03:38:58.770790,7556
2025-05-20 03:38:59.435814,7557
2025-05-20 03:39:00.080929,7558
2025-05-20 03:39:00.723280,7559
2025-05-20 03:39:01.383834,7560
2025-05-20 03:39:02.029755,7561
2025-05-20 03:39:02.686210,7562
2025-05-20 03:39:03.334182,7563
2025-05-20 03:39:03.990903,7564
2025-05-20 03:39:04.636216,7565
2025-05-20 03:39:05.277763,7566
2025-05-20 03:39:05.935314,7567
2025-05-20 03:39:06.594874,7568
2025-05-20 03:39:07.231926,7569
2025-05-20 03:39:07.901493,7570
2025-05-20 03:39:08.540245,7571
2025-05-20 03:39:09.188339,7572
2025-05-20 03:39:09.833892,7573
2025-05-20 03:39:10.486032,7574
2025-05-20 03:39:11.139324,7575
2025-05-20 03:39:11.796253,7576
2025-05-20 03:39:12.446323,7577
2025-05-20 03:39:13.097870,7578
2025-05-20 03:39:13.746053,7579
2025-05-20 03:39:14.412875,7580
2025-05-20 03:39:15.049180,7581
2025-05-20 03:39:15.706893,7582
2025-05-20 03:39:16.352528,7583
2025-05-20 03:39:17.000054,7584
2025-05-20 03:39:17.651027,7585
2025-05-20 03:39:18.299051,7586
2025-05-20 03:39:18.954712,7587
2025-05-20 03:39:19.614960,7588
2025-05-20 03:39:20.254335,7589
2025-05-20 03:39:20.907910,7590
2025-05-20 03:39:21.566441,7591
2025-05-20 03:39:22.221036,7592
2025-05-20 03:39:22.870898,7593
2025-05-20 03:39:23.510050,7594
2025-05-20 03:39:24.168432,7595
2025-05-20 03:39:24.819743,7596
2025-05-20 03:39:25.472445,7597
2025-05-20 03:39:26.117159,7598
2025-05-20 03:39:26.766262,7599
2025-05-20 03:39:27.435904,7600
2025-05-20 03:39:28.083653,7601
2025-05-20 03:39:28.737745,7602
2025-05-20 03:39:29.386708,7603
2025-05-20 03:39:30.023272,7604
2025-05-20 03:39:30.679181,7605
2025-05-20 03:39:31.321893,7606
2025-05-20 03:39:31.979347,7607
2025-05-20 03:39:32.627465,7608
2025-05-20 03:39:33.285107,7609
2025-05-20 03:39:33.941889,7610
2025-05-20 03:39:34.587900,7611
2025-05-20 03:39:35.235045,7612
2025-05-20 03:39:35.888372,7613
2025-05-20 03:39:36.540722,7614
2025-05-20 03:39:37.186223,7615
2025-05-20 03:39:37.843137,7616
2025-05-20 03:39:38.501848,7617
2025-05-20 03:39:39.137555,7618
2025-05-20 03:39:39.788278,7619
2025-05-20 03:39:40.442817,7620
2025-05-20 03:39:41.099263,7621
2025-05-20 03:39:41.749590,7622
2025-05-20 03:39:42.405035,7623
2025-05-20 03:39:43.052383,7624
2025-05-20 03:39:43.703314,7625
2025-05-20 03:39:44.350416,7626
2025-05-20 03:39:45.005064,7627
2025-05-20 03:39:45.649284,7628
2025-05-20 03:39:46.303443,7629
2025-05-20 03:39:46.956592,7630
2025-05-20 03:39:47.602429,7631
2025-05-20 03:39:48.253142,7632
2025-05-20 03:39:48.911804,7633
2025-05-20 03:39:49.556425,7634
2025-05-20 03:39:50.212499,7635
2025-05-20 03:39:50.858279,7636
2025-05-20 03:39:51.512155,7637
2025-05-20 03:39:52.166975,7638
2025-05-20 03:39:52.826986,7639
2025-05-20 03:39:53.473057,7640
2025-05-20 03:39:54.120624,7641
2025-05-20 03:39:54.770293,7642
2025-05-20 03:39:55.421348,7643
2025-05-20 03:39:56.066966,7644
2025-05-20 03:39:56.730928,7645
2025-05-20 03:39:57.377688,7646
2025-05-20 03:39:58.035859,7647
2025-05-20 03:39:58.688672,7648
2025-05-20 03:39:59.326414,7649
2025-05-20 03:39:59.981832,7650
2025-05-20 03:40:00.624578,7651
2025-05-20 03:40:01.281248,7652
2025-05-20 03:40:01.931526,7653
2025-05-20 03:40:02.581957,7654
2025-05-20 03:40:03.234977,7655
2025-05-20 03:40:03.896418,7656
2025-05-20 03:40:04.545743,7657
2025-05-20 03:40:05.183556,7658
2025-05-20 03:40:05.836305,7659
2025-05-20 03:40:06.494541,7660
2025-05-20 03:40:07.138490,7661
2025-05-20 03:40:07.805471,7662
2025-05-20 03:40:08.444965,7663
2025-05-20 03:40:09.091248,7664
2025-05-20 03:40:09.750883,7665
2025-05-20 03:40:10.391967,7666
2025-05-20 03:40:11.043806,7667
2025-05-20 03:40:11.691916,7668
2025-05-20 03:40:12.354886,7669
2025-05-20 03:40:13.005273,7670
2025-05-20 03:40:13.652344,7671
2025-05-20 03:40:14.307301,7672
2025-05-20 03:40:14.956075,7673
2025-05-20 03:40:15.608794,7674
2025-05-20 03:40:16.260184,7675
2025-05-20 03:40:16.919114,7676
2025-05-20 03:40:17.552401,7677
2025-05-20 03:40:18.210484,7678
2025-05-20 03:40:18.868118,7679
2025-05-20 03:40:19.511533,7680
2025-05-20 03:40:20.173473,7681
2025-05-20 03:40:20.815836,7682
2025-05-20 03:40:21.470394,7683
2025-05-20 03:40:22.115593,7684
2025-05-20 03:40:22.772179,7685
2025-05-20 03:40:23.424366,7686
2025-05-20 03:40:24.074107,7687
2025-05-20 03:40:24.725175,7688
2025-05-20 03:40:25.367576,7689
2025-05-20 03:40:26.037571,7690
2025-05-20 03:40:26.692084,7691
2025-05-20 03:40:27.331488,7692
2025-05-20 03:40:27.987018,7693
2025-05-20 03:40:28.628459,7694
2025-05-20 03:40:29.282757,7695
2025-05-20 03:40:29.932488,7696
2025-05-20 03:40:30.579542,7697
2025-05-20 03:40:31.239049,7698
2025-05-20 03:40:31.888409,7699
2025-05-20 03:40:32.544054,7700
2025-05-20 03:40:33.201618,7701
2025-05-20 03:40:33.841752,7702
2025-05-20 03:40:34.494330,7703
2025-05-20 03:40:35.135958,7704
2025-05-20 03:40:35.795974,7705
2025-05-20 03:40:36.441827,7706
2025-05-20 03:40:37.096258,7707
2025-05-20 03:40:37.755420,7708
2025-05-20 03:40:38.392403,7709
2025-05-20 03:40:39.047448,7710
2025-05-20 03:40:39.698436,7711
2025-05-20 03:40:40.351932,7712
2025-05-20 03:40:41.010691,7713
2025-05-20 03:40:41.647737,7714
2025-05-20 03:40:42.296853,7715
2025-05-20 03:40:42.958422,7716
2025-05-20 03:40:43.609324,7717
2025-05-20 03:40:44.267407,7718
2025-05-20 03:40:44.907586,7719
2025-05-20 03:40:45.554747,7720
2025-05-20 03:40:46.222217,7721
2025-05-20 03:40:46.864489,7722
2025-05-20 03:40:47.508822,7723
2025-05-20 03:40:48.163836,7724
2025-05-20 03:40:48.822195,7725
2025-05-20 03:40:49.459330,7726
2025-05-20 03:40:50.118691,7727
2025-05-20 03:40:50.760819,7728
2025-05-20 03:40:51.420578,7729
2025-05-20 03:40:52.072980,7730
2025-05-20 03:40:52.723480,7731
2025-05-20 03:40:53.383054,7732
2025-05-20 03:40:54.020758,7733
2025-05-20 03:40:54.672393,7734
2025-05-20 03:40:55.336522,7735
2025-05-20 03:40:55.971387,7736
2025-05-20 03:40:56.627574,7737
2025-05-20 03:40:57.272404,7738
2025-05-20 03:40:57.923344,7739
2025-05-20 03:40:58.577441,7740
2025-05-20 03:40:59.226518,7741
2025-05-20 03:40:59.879547,7742
2025-05-20 03:41:00.529343,7743
2025-05-20 03:41:01.177616,7744
2025-05-20 03:41:01.843315,7745
2025-05-20 03:41:02.484376,7746
2025-05-20 03:41:03.133582,7747
2025-05-20 03:41:03.792604,7748
2025-05-20 03:41:04.440298,7749
2025-05-20 03:41:05.095953,7750
2025-05-20 03:41:05.739959,7751
2025-05-20 03:41:06.399530,7752
2025-05-20 03:41:07.056492,7753
2025-05-20 03:41:07.691412,7754
2025-05-20 03:41:08.340481,7755
2025-05-20 03:41:09.002125,7756
2025-05-20 03:41:09.651828,7757
2025-05-20 03:41:10.299619,7758
2025-05-20 03:41:10.952836,7759
2025-05-20 03:41:11.613460,7760
2025-05-20 03:41:12.248008,7761
2025-05-20 03:41:12.910014,7762
2025-05-20 03:41:13.559547,7763
2025-05-20 03:41:14.210242,7764
2025-05-20 03:41:14.857287,7765
2025-05-20 03:41:15.519376,7766
2025-05-20 03:41:16.156291,7767
2025-05-20 03:41:16.804723,7768
2025-05-20 03:41:17.463584,7769
2025-05-20 03:41:18.126404,7770
2025-05-20 03:41:18.778140,7771
2025-05-20 03:41:19.411561,7772
2025-05-20 03:41:20.068671,7773
2025-05-20 03:41:20.730408,7774
2025-05-20 03:41:21.375066,7775
2025-05-20 03:41:22.012563,7776
2025-05-20 03:41:22.684409,7777
2025-05-20 03:41:23.319499,7778
2025-05-20 03:41:23.970378,7779
2025-05-20 03:41:24.624898,7780
2025-05-20 03:41:25.276715,7781
2025-05-20 03:41:25.923884,7782
2025-05-20 03:41:26.576359,7783
2025-05-20 03:41:27.227600,7784
2025-05-20 03:41:27.880555,7785
2025-05-20 03:41:28.537252,7786
2025-05-20 03:41:29.188446,7787
2025-05-20 03:41:29.832460,7788
2025-05-20 03:41:30.477611,7789
2025-05-20 03:41:31.137765,7790
2025-05-20 03:41:31.788941,7791
2025-05-20 03:41:32.432589,7792
2025-05-20 03:41:33.090308,7793
2025-05-20 03:41:33.732373,7794
2025-05-20 03:41:34.387662,7795
2025-05-20 03:41:35.049518,7796
2025-05-20 03:41:35.687864,7797
2025-05-20 03:41:36.348532,7798
2025-05-20 03:41:36.993712,7799
2025-05-20 03:41:37.643632,7800
2025-05-20 03:41:38.297590,7801
2025-05-20 03:41:38.951061,7802
2025-05-20 03:41:39.601837,7803
2025-05-20 03:41:40.253592,7804
2025-05-20 03:41:40.905108,7805
2025-05-20 03:41:41.553003,7806
2025-05-20 03:41:42.206506,7807
2025-05-20 03:41:42.849046,7808
2025-05-20 03:41:43.514407,7809
2025-05-20 03:41:44.165156,7810
2025-05-20 03:41:44.800504,7811
2025-05-20 03:41:45.457436,7812
2025-05-20 03:41:46.112634,7813
2025-05-20 03:41:46.773563,7814
2025-05-20 03:41:47.414726,7815
2025-05-20 03:41:48.059864,7816
2025-05-20 03:41:48.709972,7817
2025-05-20 03:41:49.361975,7818
2025-05-20 03:41:50.020011,7819
2025-05-20 03:41:50.665376,7820
2025-05-20 03:41:51.329420,7821
2025-05-20 03:41:51.964077,7822
2025-05-20 03:41:52.622755,7823
2025-05-20 03:41:53.265955,7824
2025-05-20 03:41:53.921605,7825
2025-05-20 03:41:54.573497,7826
2025-05-20 03:41:55.221872,7827
2025-05-20 03:41:55.876108,7828
2025-05-20 03:41:56.523757,7829
2025-05-20 03:41:57.170856,7830
2025-05-20 03:41:57.840521,7831
2025-05-20 03:41:58.483099,7832
2025-05-20 03:41:59.132818,7833
2025-05-20 03:41:59.777457,7834
2025-05-20 03:42:00.429858,7835
2025-05-20 03:42:01.093483,7836
2025-05-20 03:42:01.729948,7837
2025-05-20 03:42:02.384878,7838
2025-05-20 03:42:03.030271,7839
2025-05-20 03:42:03.686921,7840
2025-05-20 03:42:04.346437,7841
2025-05-20 03:42:04.983805,7842
2025-05-20 03:42:05.647382,7843
2025-05-20 03:42:06.295602,7844
2025-05-20 03:42:06.944117,7845
2025-05-20 03:42:07.590003,7846
2025-05-20 03:42:08.249831,7847
2025-05-20 03:42:08.905554,7848
2025-05-20 03:42:09.547687,7849
2025-05-20 03:42:10.198051,7850
2025-05-20 03:42:10.858715,7851
2025-05-20 03:42:11.507785,7852
2025-05-20 03:42:12.154496,7853
2025-05-20 03:42:12.797090,7854
2025-05-20 03:42:13.452522,7855
2025-05-20 03:42:14.104936,7856
2025-05-20 03:42:14.754821,7857
2025-05-20 03:42:15.398673,7858
2025-05-20 03:42:16.058340,7859
2025-05-20 03:42:16.705127,7860
2025-05-20 03:42:17.353871,7861
2025-05-20 03:42:18.013805,7862
2025-05-20 03:42:18.662997,7863
2025-05-20 03:42:19.315640,7864
2025-05-20 03:42:19.968683,7865
2025-05-20 03:42:20.609821,7866
2025-05-20 03:42:21.269838,7867
2025-05-20 03:42:21.930509,7868
2025-05-20 03:42:22.565913,7869
2025-05-20 03:42:23.223505,7870
2025-05-20 03:42:23.878495,7871
2025-05-20 03:42:24.516831,7872
2025-05-20 03:42:25.176857,7873
2025-05-20 03:42:25.822954,7874
2025-05-20 03:42:26.477501,7875
2025-05-20 03:42:27.121076,7876
2025-05-20 03:42:27.780830,7877
2025-05-20 03:42:28.423258,7878
2025-05-20 03:42:29.076363,7879
2025-05-20 03:42:29.738725,7880
2025-05-20 03:42:30.376827,7881
2025-05-20 03:42:31.038672,7882
2025-05-20 03:42:31.689386,7883
2025-05-20 03:42:32.331940,7884
2025-05-20 03:42:32.979193,7885
2025-05-20 03:42:33.631009,7886
2025-05-20 03:42:34.283089,7887
2025-05-20 03:42:34.936892,7888
2025-05-20 03:42:35.590934,7889
2025-05-20 03:42:36.247589,7890
2025-05-20 03:42:36.905513,7891
2025-05-20 03:42:37.549631,7892
2025-05-20 03:42:38.195126,7893
2025-05-20 03:42:38.854723,7894
2025-05-20 03:42:39.502835,7895
2025-05-20 03:42:40.146197,7896
2025-05-20 03:42:40.802786,7897
2025-05-20 03:42:41.456753,7898
2025-05-20 03:42:42.097653,7899
2025-05-20 03:42:42.745820,7900
2025-05-20 03:42:43.403926,7901
2025-05-20 03:42:44.055368,7902
2025-05-20 03:42:44.717714,7903
2025-05-20 03:42:45.352077,7904
2025-05-20 03:42:46.002608,7905
2025-05-20 03:42:46.664726,7906
2025-05-20 03:42:47.317707,7907
2025-05-20 03:42:47.959916,7908
2025-05-20 03:42:48.613077,7909
2025-05-20 03:42:49.262965,7910
2025-05-20 03:42:49.922657,7911
2025-05-20 03:42:50.557904,7912
2025-05-20 03:42:51.219799,7913
2025-05-20 03:42:51.876865,7914
2025-05-20 03:42:52.516025,7915
2025-05-20 03:42:53.176800,7916
2025-05-20 03:42:53.826878,7917
2025-05-20 03:42:54.472255,7918
2025-05-20 03:42:55.124339,7919
2025-05-20 03:42:55.784755,7920
2025-05-20 03:42:56.431771,7921
2025-05-20 03:42:57.079805,7922
2025-05-20 03:42:57.741778,7923
2025-05-20 03:42:58.390702,7924
2025-05-20 03:42:59.027063,7925
2025-05-20 03:42:59.683727,7926
2025-05-20 03:43:00.332719,7927
2025-05-20 03:43:00.979678,7928
2025-05-20 03:43:01.630929,7929
2025-05-20 03:43:02.289074,7930
2025-05-20 03:43:02.937984,7931
2025-05-20 03:43:03.588311,7932
2025-05-20 03:43:04.251220,7933
2025-05-20 03:43:04.887003,7934
2025-05-20 03:43:05.539233,7935
2025-05-20 03:43:06.185518,7936
2025-05-20 03:43:06.842025,7937
2025-05-20 03:43:07.489794,7938
2025-05-20 03:43:08.138158,7939
2025-05-20 03:43:08.808527,7940
2025-05-20 03:43:09.443183,7941
2025-05-20 03:43:10.101780,7942
2025-05-20 03:43:10.761842,7943
2025-05-20 03:43:11.403303,7944
2025-05-20 03:43:12.050498,7945
2025-05-20 03:43:12.708713,7946
2025-05-20 03:43:13.358871,7947
2025-05-20 03:43:14.003314,7948
2025-05-20 03:43:14.654241,7949
2025-05-20 03:43:15.301136,7950
2025-05-20 03:43:15.958057,7951
2025-05-20 03:43:16.610009,7952
2025-05-20 03:43:17.266824,7953
2025-05-20 03:43:17.911829,7954
2025-05-20 03:43:18.561885,7955
2025-05-20 03:43:19.222674,7956
2025-05-20 03:43:19.860237,7957
2025-05-20 03:43:20.511279,7958
2025-05-20 03:43:21.173507,7959
2025-05-20 03:43:21.821036,7960
2025-05-20 03:43:22.476839,7961
2025-05-20 03:43:23.115168,7962
2025-05-20 03:43:23.774045,7963
2025-05-20 03:43:24.421766,7964
2025-05-20 03:43:25.084533,7965
2025-05-20 03:43:25.723082,7966
2025-05-20 03:43:26.372519,7967
2025-05-20 03:43:27.027019,7968
2025-05-20 03:43:27.674191,7969
2025-05-20 03:43:28.327211,7970
2025-05-20 03:43:28.972240,7971
2025-05-20 03:43:29.641740,7972
2025-05-20 03:43:30.275090,7973
2025-05-20 03:43:30.938793,7974
2025-05-20 03:43:31.580238,7975
2025-05-20 03:43:32.245572,7976
2025-05-20 03:43:32.880984,7977
2025-05-20 03:43:33.545937,7978
2025-05-20 03:43:34.181792,7979
2025-05-20 03:43:34.839327,7980
2025-05-20 03:43:35.492101,7981
2025-05-20 03:43:36.154939,7982
2025-05-20 03:43:36.795865,7983
2025-05-20 03:43:37.440228,7984
2025-05-20 03:43:38.087687,7985
2025-05-20 03:43:38.738341,7986
2025-05-20 03:43:39.409833,7987
2025-05-20 03:43:40.047057,7988
2025-05-20 03:43:40.701860,7989
2025-05-20 03:43:41.362906,7990
2025-05-20 03:43:41.994250,7991
2025-05-20 03:43:42.655445,7992
2025-05-20 03:43:43.305094,7993
2025-05-20 03:43:43.958729,7994
2025-05-20 03:43:44.602323,7995
2025-05-20 03:43:45.249274,7996
2025-05-20 03:43:45.901132,7997
2025-05-20 03:43:46.560299,7998
2025-05-20 03:43:47.202213,7999
2025-05-20 03:43:47.853553,8000
2025-05-20 03:43:48.515839,8001
2025-05-20 03:43:49.164610,8002
2025-05-20 03:43:49.812459,8003
2025-05-20 03:43:50.475566,8004
2025-05-20 03:43:51.110530,8005
2025-05-20 03:43:51.779036,8006
2025-05-20 03:43:52.419828,8007
2025-05-20 03:43:53.071889,8008
2025-05-20 03:43:53.720297,8009
2025-05-20 03:43:54.371503,8010
2025-05-20 03:43:55.020261,8011
2025-05-20 03:43:55.681931,8012
2025-05-20 03:43:56.321091,8013
2025-05-20 03:43:56.967834,8014
2025-05-20 03:43:57.628339,8015
2025-05-20 03:43:58.275136,8016
2025-05-20 03:43:58.930116,8017
2025-05-20 03:43:59.579167,8018
2025-05-20 03:44:00.234144,8019
2025-05-20 03:44:00.877857,8020
2025-05-20 03:44:01.543010,8021
2025-05-20 03:44:02.186167,8022
2025-05-20 03:44:02.835187,8023
2025-05-20 03:44:03.485978,8024
2025-05-20 03:44:04.151456,8025
2025-05-20 03:44:04.788514,8026
2025-05-20 03:44:05.441900,8027
2025-05-20 03:44:06.088210,8028
2025-05-20 03:44:06.741544,8029
2025-05-20 03:44:07.388298,8030
2025-05-20 03:44:08.046697,8031
2025-05-20 03:44:08.692534,8032
2025-05-20 03:44:09.351393,8033
2025-05-20 03:44:09.998145,8034
2025-05-20 03:44:10.663050,8035
2025-05-20 03:44:11.294613,8036
2025-05-20 03:44:11.965799,8037
2025-05-20 03:44:12.600599,8038
2025-05-20 03:44:13.258265,8039
2025-05-20 03:44:13.905526,8040
2025-05-20 03:44:14.550650,8041
2025-05-20 03:44:15.208551,8042
2025-05-20 03:44:15.859430,8043
2025-05-20 03:44:16.504051,8044
2025-05-20 03:44:17.162785,8045
2025-05-20 03:44:17.819182,8046
2025-05-20 03:44:18.463857,8047
2025-05-20 03:44:19.114440,8048
2025-05-20 03:44:19.763296,8049
2025-05-20 03:44:20.413272,8050
2025-05-20 03:44:21.082252,8051
2025-05-20 03:44:21.714219,8052
2025-05-20 03:44:22.364517,8053
2025-05-20 03:44:23.023626,8054
2025-05-20 03:44:23.677117,8055
2025-05-20 03:44:24.320223,8056
2025-05-20 03:44:24.972503,8057
2025-05-20 03:44:25.622367,8058
2025-05-20 03:44:26.271333,8059
2025-05-20 03:44:26.931088,8060
2025-05-20 03:44:27.580315,8061
2025-05-20 03:44:28.237785,8062
2025-05-20 03:44:28.884410,8063
2025-05-20 03:44:29.539197,8064
2025-05-20 03:44:30.185566,8065
2025-05-20 03:44:30.846063,8066
2025-05-20 03:44:31.479627,8067
2025-05-20 03:44:32.139476,8068
2025-05-20 03:44:32.797025,8069
2025-05-20 03:44:33.449928,8070
2025-05-20 03:44:34.084832,8071
2025-05-20 03:44:34.740540,8072
2025-05-20 03:44:35.389816,8073
2025-05-20 03:44:36.047059,8074
2025-05-20 03:44:36.696028,8075
2025-05-20 03:44:37.348443,8076
2025-05-20 03:44:37.998515,8077
2025-05-20 03:44:38.657031,8078
2025-05-20 03:44:39.296408,8079
2025-05-20 03:44:39.952714,8080
2025-05-20 03:44:40.595939,8081
2025-05-20 03:44:41.252309,8082
2025-05-20 03:44:41.900318,8083
2025-05-20 03:44:42.556431,8084
2025-05-20 03:44:43.200616,8085
2025-05-20 03:44:43.859411,8086
2025-05-20 03:44:44.504539,8087
2025-05-20 03:44:45.162346,8088
2025-05-20 03:44:45.802388,8089
2025-05-20 03:44:46.463559,8090
2025-05-20 03:44:47.115610,8091
2025-05-20 03:44:47.767300,8092
2025-05-20 03:44:48.414408,8093
2025-05-20 03:44:49.059245,8094
2025-05-20 03:44:49.727254,8095
2025-05-20 03:44:50.364121,8096
2025-05-20 03:44:51.019498,8097
2025-05-20 03:44:51.675472,8098
2025-05-20 03:44:52.312770,8099
2025-05-20 03:44:52.972244,8100
2025-05-20 03:44:53.616292,8101
2025-05-20 03:44:54.272405,8102
2025-05-20 03:44:54.934591,8103
2025-05-20 03:44:55.571728,8104
2025-05-20 03:44:56.220162,8105
2025-05-20 03:44:56.887313,8106
2025-05-20 03:44:57.522820,8107
2025-05-20 03:44:58.180469,8108
2025-05-20 03:44:58.831838,8109
2025-05-20 03:44:59.484587,8110
2025-05-20 03:45:00.138376,8111
2025-05-20 03:45:00.788007,8112
2025-05-20 03:45:01.435756,8113
2025-05-20 03:45:02.089225,8114
2025-05-20 03:45:02.746254,8115
2025-05-20 03:45:03.390504,8116
2025-05-20 03:45:04.035667,8117
2025-05-20 03:45:04.702138,8118
2025-05-20 03:45:05.332924,8119
2025-05-20 03:45:06.003460,8120
2025-05-20 03:45:06.637917,8121
2025-05-20 03:45:07.291869,8122
2025-05-20 03:45:07.947979,8123
2025-05-20 03:45:08.590665,8124
2025-05-20 03:45:09.243842,8125
2025-05-20 03:45:09.903512,8126
2025-05-20 03:45:10.554332,8127
2025-05-20 03:45:11.202841,8128
2025-05-20 03:45:11.856526,8129
2025-05-20 03:45:12.502809,8130
2025-05-20 03:45:13.148048,8131
2025-05-20 03:45:13.799840,8132
2025-05-20 03:45:14.461052,8133
2025-05-20 03:45:15.114330,8134
2025-05-20 03:45:15.772976,8135
2025-05-20 03:45:16.407654,8136
2025-05-20 03:45:17.064524,8137
2025-05-20 03:45:17.708785,8138
2025-05-20 03:45:18.362839,8139
2025-05-20 03:45:19.021517,8140
2025-05-20 03:45:19.672231,8141
2025-05-20 03:45:20.319098,8142
2025-05-20 03:45:20.972791,8143
2025-05-20 03:45:21.619425,8144
2025-05-20 03:45:22.273526,8145
2025-05-20 03:45:22.933755,8146
2025-05-20 03:45:23.569912,8147
2025-05-20 03:45:24.232245,8148
2025-05-20 03:45:24.873791,8149
2025-05-20 03:45:25.528237,8150
2025-05-20 03:45:26.179656,8151
2025-05-20 03:45:26.832323,8152
2025-05-20 03:45:27.484402,8153
2025-05-20 03:45:28.127145,8154
2025-05-20 03:45:28.776792,8155
2025-05-20 03:45:29.432409,8156
2025-05-20 03:45:30.080961,8157
2025-05-20 03:45:30.731768,8158
2025-05-20 03:45:31.383593,8159
2025-05-20 03:45:32.035976,8160
2025-05-20 03:45:32.692433,8161
2025-05-20 03:45:33.339781,8162
2025-05-20 03:45:33.988430,8163
2025-05-20 03:45:34.635404,8164
2025-05-20 03:45:35.305008,8165
2025-05-20 03:45:35.941404,8166
2025-05-20 03:45:36.598620,8167
2025-05-20 03:45:37.239967,8168
2025-05-20 03:45:37.895721,8169
2025-05-20 03:45:38.542921,8170
2025-05-20 03:45:39.208501,8171
2025-05-20 03:45:39.846640,8172
2025-05-20 03:45:40.510183,8173
2025-05-20 03:45:41.164393,8174
2025-05-20 03:45:41.801196,8175
2025-05-20 03:45:42.453960,8176
2025-05-20 03:45:43.118540,8177
2025-05-20 03:45:43.751062,8178
2025-05-20 03:45:44.421207,8179
2025-05-20 03:45:45.055894,8180
2025-05-20 03:45:45.710788,8181
2025-05-20 03:45:46.355610,8182
2025-05-20 03:45:47.014402,8183
2025-05-20 03:45:47.672344,8184
2025-05-20 03:45:48.319245,8185
2025-05-20 03:45:48.968967,8186
2025-05-20 03:45:49.612365,8187
2025-05-20 03:45:50.268504,8188
2025-05-20 03:45:50.920768,8189
2025-05-20 03:45:51.576196,8190
2025-05-20 03:45:52.224442,8191
2025-05-20 03:45:52.868652,8192
2025-05-20 03:45:53.527732,8193
2025-05-20 03:45:54.177692,8194
2025-05-20 03:45:54.825911,8195
2025-05-20 03:45:55.472009,8196
2025-05-20 03:45:56.130729,8197
2025-05-20 03:45:56.772824,8198
2025-05-20 03:45:57.430650,8199
2025-05-20 03:45:58.083775,8200
2025-05-20 03:45:58.735903,8201
2025-05-20 03:45:59.384454,8202
2025-05-20 03:46:00.035926,8203
2025-05-20 03:46:00.681825,8204
2025-05-20 03:46:01.338973,8205
2025-05-20 03:46:01.992541,8206
2025-05-20 03:46:02.635456,8207
2025-05-20 03:46:03.293381,8208
2025-05-20 03:46:03.935876,8209
2025-05-20 03:46:04.595581,8210
2025-05-20 03:46:05.248502,8211
2025-05-20 03:46:05.904645,8212
2025-05-20 03:46:06.545000,8213
2025-05-20 03:46:07.199789,8214
2025-05-20 03:46:07.845899,8215
2025-05-20 03:46:08.498778,8216
2025-05-20 03:46:09.158674,8217
2025-05-20 03:46:09.796591,8218
2025-05-20 03:46:10.453558,8219
2025-05-20 03:46:11.105091,8220
2025-05-20 03:46:11.757851,8221
2025-05-20 03:46:12.409165,8222
2025-05-20 03:46:13.050945,8223
2025-05-20 03:46:13.714304,8224
2025-05-20 03:46:14.362595,8225
2025-05-20 03:46:15.005757,8226
2025-05-20 03:46:15.668664,8227
2025-05-20 03:46:16.326657,8228
2025-05-20 03:46:16.967430,8229
2025-05-20 03:46:17.614925,8230
2025-05-20 03:46:18.266811,8231
2025-05-20 03:46:18.909835,8232
2025-05-20 03:46:19.566983,8233
2025-05-20 03:46:20.217130,8234
2025-05-20 03:46:20.867698,8235
2025-05-20 03:46:21.518816,8236
2025-05-20 03:46:22.173814,8237
2025-05-20 03:46:22.836595,8238
2025-05-20 03:46:23.467890,8239
2025-05-20 03:46:24.123028,8240
2025-05-20 03:46:24.775765,8241
2025-05-20 03:46:25.426437,8242
2025-05-20 03:46:26.081899,8243
2025-05-20 03:46:26.732909,8244
2025-05-20 03:46:27.387573,8245
2025-05-20 03:46:28.035845,8246
2025-05-20 03:46:28.682940,8247
2025-05-20 03:46:29.335792,8248
2025-05-20 03:46:29.986220,8249
2025-05-20 03:46:30.634050,8250
2025-05-20 03:46:31.281643,8251
2025-05-20 03:46:31.932957,8252
2025-05-20 03:46:32.592872,8253
2025-05-20 03:46:33.243628,8254
2025-05-20 03:46:33.888933,8255
2025-05-20 03:46:34.542060,8256
2025-05-20 03:46:35.203507,8257
2025-05-20 03:46:35.847271,8258
2025-05-20 03:46:36.501655,8259
2025-05-20 03:46:37.154588,8260
2025-05-20 03:46:37.791568,8261
2025-05-20 03:46:38.452045,8262
2025-05-20 03:46:39.097977,8263
2025-05-20 03:46:39.748041,8264
2025-05-20 03:46:40.393612,8265
2025-05-20 03:46:41.059407,8266
2025-05-20 03:46:41.700122,8267
2025-05-20 03:46:42.357797,8268
2025-05-20 03:46:43.010389,8269
2025-05-20 03:46:43.667707,8270
2025-05-20 03:46:44.301982,8271
2025-05-20 03:46:44.963367,8272
2025-05-20 03:46:45.611916,8273
2025-05-20 03:46:46.270804,8274
2025-05-20 03:46:46.910180,8275
2025-05-20 03:46:47.567719,8276
2025-05-20 03:46:48.227081,8277
2025-05-20 03:46:48.862970,8278
2025-05-20 03:46:49.511784,8279
2025-05-20 03:46:50.162125,8280
2025-05-20 03:46:50.830694,8281
2025-05-20 03:46:51.463963,8282
2025-05-20 03:46:52.114996,8283
2025-05-20 03:46:52.774949,8284
2025-05-20 03:46:53.423736,8285
2025-05-20 03:46:54.079029,8286
2025-05-20 03:46:54.727239,8287
2025-05-20 03:46:55.379061,8288
2025-05-20 03:46:56.040580,8289
2025-05-20 03:46:56.674977,8290
2025-05-20 03:46:57.329695,8291
2025-05-20 03:46:57.983802,8292
2025-05-20 03:46:58.630219,8293
2025-05-20 03:46:59.288155,8294
2025-05-20 03:46:59.935937,8295
2025-05-20 03:47:00.587153,8296
2025-05-20 03:47:01.234104,8297
2025-05-20 03:47:01.884071,8298
2025-05-20 03:47:02.543872,8299
2025-05-20 03:47:03.191754,8300
2025-05-20 03:47:03.835820,8301
2025-05-20 03:47:04.487251,8302
2025-05-20 03:47:05.147868,8303
2025-05-20 03:47:05.799104,8304
2025-05-20 03:47:06.444297,8305
2025-05-20 03:47:07.091555,8306
2025-05-20 03:47:07.759883,8307
2025-05-20 03:47:08.409876,8308
2025-05-20 03:47:09.051331,8309
2025-05-20 03:47:09.703814,8310
2025-05-20 03:47:10.352013,8311
2025-05-20 03:47:11.014861,8312
2025-05-20 03:47:11.659291,8313
2025-05-20 03:47:12.306208,8314
2025-05-20 03:47:12.954789,8315
2025-05-20 03:47:13.607906,8316
2025-05-20 03:47:14.257862,8317
2025-05-20 03:47:14.906888,8318
2025-05-20 03:47:15.561963,8319
2025-05-20 03:47:16.223902,8320
2025-05-20 03:47:16.864358,8321
2025-05-20 03:47:17.508304,8322
2025-05-20 03:47:18.159354,8323
2025-05-20 03:47:18.812100,8324
2025-05-20 03:47:19.471947,8325
2025-05-20 03:47:20.122024,8326
2025-05-20 03:47:20.776830,8327
2025-05-20 03:47:21.427829,8328
2025-05-20 03:47:22.071644,8329
2025-05-20 03:47:22.726716,8330
2025-05-20 03:47:23.386656,8331
2025-05-20 03:47:24.021849,8332
2025-05-20 03:47:24.686882,8333
2025-05-20 03:47:25.332036,8334
2025-05-20 03:47:25.982106,8335
2025-05-20 03:47:26.623327,8336
2025-05-20 03:47:27.274290,8337
2025-05-20 03:47:27.944410,8338
2025-05-20 03:47:28.584346,8339
2025-05-20 03:47:29.242838,8340
2025-05-20 03:47:29.889190,8341
2025-05-20 03:47:30.530339,8342
2025-05-20 03:47:31.191431,8343
2025-05-20 03:47:31.839410,8344
2025-05-20 03:47:32.483979,8345
2025-05-20 03:47:33.136039,8346
2025-05-20 03:47:33.794075,8347
2025-05-20 03:47:34.446726,8348
2025-05-20 03:47:35.095272,8349
2025-05-20 03:47:35.752269,8350
2025-05-20 03:47:36.396448,8351
2025-05-20 03:47:37.046070,8352
2025-05-20 03:47:37.701985,8353
2025-05-20 03:47:38.353102,8354
2025-05-20 03:47:38.995218,8355
2025-05-20 03:47:39.647001,8356
2025-05-20 03:47:40.297991,8357
2025-05-20 03:47:40.952367,8358
2025-05-20 03:47:41.598044,8359
2025-05-20 03:47:42.264911,8360
2025-05-20 03:47:42.904453,8361
2025-05-20 03:47:43.551122,8362
2025-05-20 03:47:44.211087,8363
2025-05-20 03:47:44.861269,8364
2025-05-20 03:47:45.513112,8365
2025-05-20 03:47:46.160429,8366
2025-05-20 03:47:46.807256,8367
2025-05-20 03:47:47.459355,8368
2025-05-20 03:47:48.116871,8369
2025-05-20 03:47:48.760429,8370
2025-05-20 03:47:49.422168,8371
2025-05-20 03:47:50.069434,8372
2025-05-20 03:47:50.734632,8373
2025-05-20 03:47:51.368399,8374
2025-05-20 03:47:52.025719,8375
2025-05-20 03:47:52.667906,8376
2025-05-20 03:47:53.328993,8377
2025-05-20 03:47:53.977836,8378
2025-05-20 03:47:54.620544,8379
2025-05-20 03:47:55.282098,8380
2025-05-20 03:47:55.923932,8381
2025-05-20 03:47:56.583910,8382
2025-05-20 03:47:57.243040,8383
2025-05-20 03:47:57.880566,8384
2025-05-20 03:47:58.528174,8385
2025-05-20 03:47:59.177877,8386
2025-05-20 03:47:59.837878,8387
2025-05-20 03:48:00.486838,8388
2025-05-20 03:48:01.139379,8389
2025-05-20 03:48:01.801971,8390
2025-05-20 03:48:02.444216,8391
2025-05-20 03:48:03.093217,8392
2025-05-20 03:48:03.746681,8393
2025-05-20 03:48:04.407217,8394
2025-05-20 03:48:05.038423,8395
2025-05-20 03:48:05.689464,8396
2025-05-20 03:48:06.348462,8397
2025-05-20 03:48:06.994282,8398
2025-05-20 03:48:07.646293,8399
2025-05-20 03:48:08.296337,8400
2025-05-20 03:48:08.948242,8401
2025-05-20 03:48:09.605556,8402
2025-05-20 03:48:10.265011,8403
2025-05-20 03:48:10.897190,8404
2025-05-20 03:48:11.555317,8405
2025-05-20 03:48:12.204406,8406
2025-05-20 03:48:12.854315,8407
2025-05-20 03:48:13.508195,8408
2025-05-20 03:48:14.156092,8409
2025-05-20 03:48:14.808972,8410
2025-05-20 03:48:15.457529,8411
2025-05-20 03:48:16.116135,8412
2025-05-20 03:48:16.778217,8413
2025-05-20 03:48:17.411253,8414
2025-05-20 03:48:18.064634,8415
2025-05-20 03:48:18.710433,8416
2025-05-20 03:48:19.382098,8417
2025-05-20 03:48:20.014546,8418
2025-05-20 03:48:20.666237,8419
2025-05-20 03:48:21.334850,8420
2025-05-20 03:48:21.970096,8421
2025-05-20 03:48:22.628000,8422
2025-05-20 03:48:23.282891,8423
2025-05-20 03:48:23.920633,8424
2025-05-20 03:48:24.577363,8425
2025-05-20 03:48:25.231533,8426
2025-05-20 03:48:25.871931,8427
2025-05-20 03:48:26.523582,8428
2025-05-20 03:48:27.184485,8429
2025-05-20 03:48:27.827311,8430
2025-05-20 03:48:28.498125,8431
2025-05-20 03:48:29.129651,8432
2025-05-20 03:48:29.789793,8433
2025-05-20 03:48:30.429885,8434
2025-05-20 03:48:31.092393,8435
2025-05-20 03:48:31.742611,8436
2025-05-20 03:48:32.387549,8437
2025-05-20 03:48:33.052247,8438
2025-05-20 03:48:33.702834,8439
2025-05-20 03:48:34.347398,8440
2025-05-20 03:48:35.005238,8441
2025-05-20 03:48:35.644212,8442
2025-05-20 03:48:36.295659,8443
2025-05-20 03:48:36.944385,8444
2025-05-20 03:48:37.612928,8445
2025-05-20 03:48:38.251368,8446
2025-05-20 03:48:38.900536,8447
2025-05-20 03:48:39.551214,8448
2025-05-20 03:48:40.199363,8449
2025-05-20 03:48:40.852528,8450
2025-05-20 03:48:41.508500,8451
2025-05-20 03:48:42.155630,8452
2025-05-20 03:48:42.813119,8453
2025-05-20 03:48:43.459410,8454
2025-05-20 03:48:44.105689,8455
2025-05-20 03:48:44.766975,8456
2025-05-20 03:48:45.411145,8457
2025-05-20 03:48:46.058141,8458
2025-05-20 03:48:46.719958,8459
2025-05-20 03:48:47.367925,8460
2025-05-20 03:48:48.013467,8461
2025-05-20 03:48:48.664452,8462
2025-05-20 03:48:49.316440,8463
2025-05-20 03:48:49.973174,8464
2025-05-20 03:48:50.614660,8465
2025-05-20 03:48:51.272331,8466
2025-05-20 03:48:51.918743,8467
2025-05-20 03:48:52.576612,8468
2025-05-20 03:48:53.226421,8469
2025-05-20 03:48:53.872318,8470
2025-05-20 03:48:54.520645,8471
2025-05-20 03:48:55.181365,8472
2025-05-20 03:48:55.824469,8473
2025-05-20 03:48:56.483821,8474
2025-05-20 03:48:57.128952,8475
2025-05-20 03:48:57.796841,8476
2025-05-20 03:48:58.432319,8477
2025-05-20 03:48:59.078519,8478
2025-05-20 03:48:59.734513,8479
2025-05-20 03:49:00.386638,8480
2025-05-20 03:49:01.036539,8481
2025-05-20 03:49:01.683852,8482
2025-05-20 03:49:02.350195,8483
2025-05-20 03:49:02.995339,8484
2025-05-20 03:49:03.644581,8485
2025-05-20 03:49:04.295560,8486
2025-05-20 03:49:04.948500,8487
2025-05-20 03:49:05.608986,8488
2025-05-20 03:49:06.259348,8489
2025-05-20 03:49:06.900417,8490
2025-05-20 03:49:07.548625,8491
2025-05-20 03:49:08.193675,8492
2025-05-20 03:49:08.864542,8493
2025-05-20 03:49:09.501811,8494
2025-05-20 03:49:10.153391,8495
2025-05-20 03:49:10.807509,8496
2025-05-20 03:49:11.469708,8497
2025-05-20 03:49:12.100374,8498
2025-05-20 03:49:12.760460,8499
2025-05-20 03:49:13.412483,8500
2025-05-20 03:49:14.064371,8501
2025-05-20 03:49:14.726533,8502
2025-05-20 03:49:15.355704,8503
2025-05-20 03:49:16.018908,8504
2025-05-20 03:49:16.667701,8505
2025-05-20 03:49:17.321313,8506
2025-05-20 03:49:17.964670,8507
2025-05-20 03:49:18.617265,8508
2025-05-20 03:49:19.264528,8509
2025-05-20 03:49:19.921801,8510
2025-05-20 03:49:20.569579,8511
2025-05-20 03:49:21.217691,8512
2025-05-20 03:49:21.868494,8513
2025-05-20 03:49:22.518871,8514
2025-05-20 03:49:23.171585,8515
2025-05-20 03:49:23.824570,8516
2025-05-20 03:49:24.491038,8517
2025-05-20 03:49:25.132482,8518
2025-05-20 03:49:25.786388,8519
2025-05-20 03:49:26.435196,8520
2025-05-20 03:49:27.084089,8521
2025-05-20 03:49:27.732506,8522
2025-05-20 03:49:28.384712,8523
2025-05-20 03:49:29.043378,8524
2025-05-20 03:49:29.683723,8525
2025-05-20 03:49:30.351376,8526
2025-05-20 03:49:30.983823,8527
2025-05-20 03:49:31.636492,8528
2025-05-20 03:49:32.298217,8529
2025-05-20 03:49:32.943992,8530
2025-05-20 03:49:33.596572,8531
2025-05-20 03:49:34.248527,8532
2025-05-20 03:49:34.896313,8533
2025-05-20 03:49:35.548633,8534
2025-05-20 03:49:36.209396,8535
2025-05-20 03:49:36.862232,8536
2025-05-20 03:49:37.496720,8537
2025-05-20 03:49:38.156358,8538
2025-05-20 03:49:38.816446,8539
2025-05-20 03:49:39.456621,8540
2025-05-20 03:49:40.104796,8541
2025-05-20 03:49:40.759848,8542
2025-05-20 03:49:41.414946,8543
2025-05-20 03:49:42.055792,8544
2025-05-20 03:49:42.712884,8545
2025-05-20 03:49:43.361885,8546
2025-05-20 03:49:44.007033,8547
2025-05-20 03:49:44.674639,8548
2025-05-20 03:49:45.316606,8549
2025-05-20 03:49:45.959895,8550
2025-05-20 03:49:46.615724,8551
2025-05-20 03:49:47.274535,8552
2025-05-20 03:49:47.915742,8553
2025-05-20 03:49:48.573835,8554
2025-05-20 03:49:49.213730,8555
2025-05-20 03:49:49.867731,8556
2025-05-20 03:49:50.523144,8557
2025-05-20 03:49:51.179468,8558
2025-05-20 03:49:51.827595,8559
2025-05-20 03:49:52.473000,8560
2025-05-20 03:49:53.130465,8561
2025-05-20 03:49:53.775580,8562
2025-05-20 03:49:54.427823,8563
2025-05-20 03:49:55.081039,8564
2025-05-20 03:49:55.732470,8565
2025-05-20 03:49:56.376762,8566
2025-05-20 03:49:57.037657,8567
2025-05-20 03:49:57.682851,8568
2025-05-20 03:49:58.336431,8569
2025-05-20 03:49:58.982375,8570
2025-05-20 03:49:59.640460,8571
2025-05-20 03:50:00.296463,8572
2025-05-20 03:50:00.936726,8573
2025-05-20 03:50:01.593613,8574
2025-05-20 03:50:02.239685,8575
2025-05-20 03:50:02.893013,8576
2025-05-20 03:50:03.536771,8577
2025-05-20 03:50:04.191901,8578
2025-05-20 03:50:04.838996,8579
2025-05-20 03:50:05.489970,8580
2025-05-20 03:50:06.149963,8581
2025-05-20 03:50:06.806201,8582
2025-05-20 03:50:07.457515,8583
2025-05-20 03:50:08.105570,8584
2025-05-20 03:50:08.765422,8585
2025-05-20 03:50:09.408343,8586
2025-05-20 03:50:10.068106,8587
2025-05-20 03:50:10.698503,8588
2025-05-20 03:50:11.354974,8589
2025-05-20 03:50:12.001104,8590
2025-05-20 03:50:12.652504,8591
2025-05-20 03:50:13.308688,8592
2025-05-20 03:50:13.966633,8593
2025-05-20 03:50:14.615696,8594
2025-05-20 03:50:15.267439,8595
2025-05-20 03:50:15.917356,8596
2025-05-20 03:50:16.577510,8597
2025-05-20 03:50:17.222537,8598
2025-05-20 03:50:17.871587,8599
2025-05-20 03:50:18.514761,8600
2025-05-20 03:50:19.167974,8601
2025-05-20 03:50:19.813829,8602
2025-05-20 03:50:20.472533,8603
2025-05-20 03:50:21.125859,8604
2025-05-20 03:50:21.776846,8605
2025-05-20 03:50:22.431638,8606
2025-05-20 03:50:23.080044,8607
2025-05-20 03:50:23.738317,8608
2025-05-20 03:50:24.392665,8609
2025-05-20 03:50:25.029892,8610
2025-05-20 03:50:25.675292,8611
2025-05-20 03:50:26.334044,8612
2025-05-20 03:50:26.983944,8613
2025-05-20 03:50:27.632805,8614
2025-05-20 03:50:28.298305,8615
2025-05-20 03:50:28.942622,8616
2025-05-20 03:50:29.582477,8617
2025-05-20 03:50:30.239823,8618
2025-05-20 03:50:30.885816,8619
2025-05-20 03:50:31.537143,8620
2025-05-20 03:50:32.200634,8621
2025-05-20 03:50:32.835731,8622
2025-05-20 03:50:33.487868,8623
2025-05-20 03:50:34.149528,8624
2025-05-20 03:50:34.792011,8625
2025-05-20 03:50:35.446622,8626
2025-05-20 03:50:36.091819,8627
2025-05-20 03:50:36.742099,8628
2025-05-20 03:50:37.398990,8629
2025-05-20 03:50:38.045894,8630
2025-05-20 03:50:38.715745,8631
2025-05-20 03:50:39.354056,8632
2025-05-20 03:50:40.002111,8633
2025-05-20 03:50:40.658139,8634
2025-05-20 03:50:41.306605,8635
2025-05-20 03:50:41.959893,8636
2025-05-20 03:50:42.607853,8637
2025-05-20 03:50:43.262959,8638
2025-05-20 03:50:43.917467,8639
2025-05-20 03:50:44.563897,8640
2025-05-20 03:50:45.215081,8641
2025-05-20 03:50:45.872731,8642
2025-05-20 03:50:46.518947,8643
2025-05-20 03:50:47.168961,8644
2025-05-20 03:50:47.815950,8645
2025-05-20 03:50:48.474669,8646
2025-05-20 03:50:49.134678,8647
2025-05-20 03:50:49.767923,8648
2025-05-20 03:50:50.418756,8649
2025-05-20 03:50:51.075920,8650
2025-05-20 03:50:51.724069,8651
2025-05-20 03:50:52.382793,8652
2025-05-20 03:50:53.040720,8653
2025-05-20 03:50:53.676073,8654
2025-05-20 03:50:54.332753,8655
2025-05-20 03:50:54.979652,8656
2025-05-20 03:50:55.639669,8657
2025-05-20 03:50:56.275825,8658
2025-05-20 03:50:56.936696,8659
2025-05-20 03:50:57.595850,8660
2025-05-20 03:50:58.248810,8661
2025-05-20 03:50:58.884260,8662
2025-05-20 03:50:59.535361,8663
2025-05-20 03:51:00.189985,8664
2025-05-20 03:51:00.851250,8665
2025-05-20 03:51:01.489906,8666
2025-05-20 03:51:02.141776,8667
2025-05-20 03:51:02.797033,8668
2025-05-20 03:51:03.444001,8669
2025-05-20 03:51:04.095752,8670
2025-05-20 03:51:04.744182,8671
2025-05-20 03:51:05.392589,8672
2025-05-20 03:51:06.060844,8673
2025-05-20 03:51:06.694769,8674
2025-05-20 03:51:07.343842,8675
2025-05-20 03:51:08.005484,8676
2025-05-20 03:51:08.647057,8677
2025-05-20 03:51:09.300102,8678
2025-05-20 03:51:09.947962,8679
2025-05-20 03:51:10.608744,8680
2025-05-20 03:51:11.255067,8681
2025-05-20 03:51:11.911055,8682
2025-05-20 03:51:12.554204,8683
2025-05-20 03:51:13.218820,8684
2025-05-20 03:51:13.871824,8685
2025-05-20 03:51:14.518542,8686
2025-05-20 03:51:15.175801,8687
2025-05-20 03:51:15.811755,8688
2025-05-20 03:51:16.467283,8689
2025-05-20 03:51:17.123744,8690
2025-05-20 03:51:17.778843,8691
2025-05-20 03:51:18.419335,8692
2025-05-20 03:51:19.073495,8693
2025-05-20 03:51:19.722741,8694
2025-05-20 03:51:20.372303,8695
2025-05-20 03:51:21.022153,8696
2025-05-20 03:51:21.668104,8697
2025-05-20 03:51:22.338655,8698
2025-05-20 03:51:22.979148,8699
2025-05-20 03:51:23.620325,8700
2025-05-20 03:51:24.290835,8701
2025-05-20 03:51:24.942231,8702
2025-05-20 03:51:25.593988,8703
2025-05-20 03:51:26.229516,8704
2025-05-20 03:51:26.895831,8705
2025-05-20 03:51:27.538837,8706
2025-05-20 03:51:28.199294,8707
2025-05-20 03:51:28.835789,8708
2025-05-20 03:51:29.482878,8709
2025-05-20 03:51:30.142944,8710
2025-05-20 03:51:30.794821,8711
2025-05-20 03:51:31.435889,8712
2025-05-20 03:51:32.089223,8713
2025-05-20 03:51:32.738942,8714
2025-05-20 03:51:33.397902,8715
2025-05-20 03:51:34.043295,8716
2025-05-20 03:51:34.709910,8717
2025-05-20 03:51:35.351026,8718
2025-05-20 03:51:36.006912,8719
2025-05-20 03:51:36.656799,8720
2025-05-20 03:51:37.295167,8721
2025-05-20 03:51:37.965992,8722
2025-05-20 03:51:38.604524,8723
2025-05-20 03:51:39.250181,8724
2025-05-20 03:51:39.918482,8725
2025-05-20 03:51:40.547915,8726
2025-05-20 03:51:41.200419,8727
2025-05-20 03:51:41.851423,8728
2025-05-20 03:51:42.513897,8729
2025-05-20 03:51:43.153335,8730
2025-05-20 03:51:43.804452,8731
2025-05-20 03:51:44.470997,8732
2025-05-20 03:51:45.117003,8733
2025-05-20 03:51:45.762135,8734
2025-05-20 03:51:46.410483,8735
2025-05-20 03:51:47.067674,8736
2025-05-20 03:51:47.719853,8737
2025-05-20 03:51:48.364359,8738
2025-05-20 03:51:49.024386,8739
2025-05-20 03:51:49.674427,8740
2025-05-20 03:51:50.317974,8741
2025-05-20 03:51:50.970299,8742
2025-05-20 03:51:51.624380,8743
2025-05-20 03:51:52.272133,8744
2025-05-20 03:51:52.933923,8745
2025-05-20 03:51:53.589022,8746
2025-05-20 03:51:54.233215,8747
2025-05-20 03:51:54.884239,8748
2025-05-20 03:51:55.535431,8749
2025-05-20 03:51:56.182626,8750
2025-05-20 03:51:56.846934,8751
2025-05-20 03:51:57.480171,8752
2025-05-20 03:51:58.135165,8753
2025-05-20 03:51:58.798963,8754
2025-05-20 03:51:59.449197,8755
2025-05-20 03:52:00.100863,8756
2025-05-20 03:52:00.748906,8757
2025-05-20 03:52:01.387461,8758
2025-05-20 03:52:02.042961,8759
2025-05-20 03:52:02.697255,8760
2025-05-20 03:52:03.357898,8761
2025-05-20 03:52:03.992459,8762
2025-05-20 03:52:04.651220,8763
2025-05-20 03:52:05.292450,8764
2025-05-20 03:52:05.954030,8765
2025-05-20 03:52:06.604360,8766
2025-05-20 03:52:07.250603,8767
2025-05-20 03:52:07.912991,8768
2025-05-20 03:52:08.551947,8769
2025-05-20 03:52:09.204337,8770
2025-05-20 03:52:09.851515,8771
2025-05-20 03:52:10.501998,8772
2025-05-20 03:52:11.170973,8773
2025-05-20 03:52:11.810432,8774
2025-05-20 03:52:12.458495,8775
2025-05-20 03:52:13.115429,8776
2025-05-20 03:52:13.767134,8777
2025-05-20 03:52:14.416571,8778
2025-05-20 03:52:15.059507,8779
2025-05-20 03:52:15.716267,8780
2025-05-20 03:52:16.360437,8781
2025-05-20 03:52:17.020378,8782
2025-05-20 03:52:17.669264,8783
2025-05-20 03:52:18.320419,8784
2025-05-20 03:52:18.971222,8785
2025-05-20 03:52:19.620436,8786
2025-05-20 03:52:20.278816,8787
2025-05-20 03:52:20.926993,8788
2025-05-20 03:52:21.571221,8789
2025-05-20 03:52:22.219406,8790
2025-05-20 03:52:22.875815,8791
2025-05-20 03:52:23.526245,8792
2025-05-20 03:52:24.181402,8793
2025-05-20 03:52:24.830288,8794
2025-05-20 03:52:25.483514,8795
2025-05-20 03:52:26.128385,8796
2025-05-20 03:52:26.778467,8797
2025-05-20 03:52:27.436352,8798
2025-05-20 03:52:28.081269,8799
2025-05-20 03:52:28.741870,8800
2025-05-20 03:52:29.402036,8801
2025-05-20 03:52:30.036356,8802
2025-05-20 03:52:30.703071,8803
2025-05-20 03:52:31.354066,8804
2025-05-20 03:52:31.999063,8805
2025-05-20 03:52:32.640200,8806
2025-05-20 03:52:33.293161,8807
2025-05-20 03:52:33.938668,8808
2025-05-20 03:52:34.600623,8809
2025-05-20 03:52:35.247323,8810
2025-05-20 03:52:35.900691,8811
2025-05-20 03:52:36.544325,8812
2025-05-20 03:52:37.211045,8813
2025-05-20 03:52:37.856443,8814
2025-05-20 03:52:38.505140,8815
2025-05-20 03:52:39.151569,8816
2025-05-20 03:52:39.800604,8817
2025-05-20 03:52:40.453668,8818
2025-05-20 03:52:41.105388,8819
2025-05-20 03:52:41.762335,8820
2025-05-20 03:52:42.406394,8821
2025-05-20 03:52:43.055362,8822
2025-05-20 03:52:43.707618,8823
2025-05-20 03:52:44.362630,8824
2025-05-20 03:52:45.018715,8825
2025-05-20 03:52:45.660458,8826
2025-05-20 03:52:46.323112,8827
2025-05-20 03:52:46.982161,8828
2025-05-20 03:52:47.616436,8829
2025-05-20 03:52:48.268765,8830
2025-05-20 03:52:48.917382,8831
2025-05-20 03:52:49.580998,8832
2025-05-20 03:52:50.220846,8833
2025-05-20 03:52:50.874174,8834
2025-05-20 03:52:51.520418,8835
2025-05-20 03:52:52.177156,8836
2025-05-20 03:52:52.837909,8837
2025-05-20 03:52:53.475836,8838
2025-05-20 03:52:54.127211,8839
2025-05-20 03:52:54.775139,8840
2025-05-20 03:52:55.426856,8841
2025-05-20 03:52:56.083152,8842
2025-05-20 03:52:56.732475,8843
2025-05-20 03:52:57.398739,8844
2025-05-20 03:52:58.040265,8845
2025-05-20 03:52:58.702090,8846
2025-05-20 03:52:59.340469,8847
2025-05-20 03:52:59.996966,8848
2025-05-20 03:53:00.643332,8849
2025-05-20 03:53:01.292493,8850
2025-05-20 03:53:01.949959,8851
2025-05-20 03:53:02.594290,8852
2025-05-20 03:53:03.240655,8853
2025-05-20 03:53:03.900240,8854
2025-05-20 03:53:04.543754,8855
2025-05-20 03:53:05.192296,8856
2025-05-20 03:53:05.845027,8857
2025-05-20 03:53:06.511509,8858
2025-05-20 03:53:07.154377,8859
2025-05-20 03:53:07.803545,8860
2025-05-20 03:53:08.449801,8861
2025-05-20 03:53:09.098615,8862
2025-05-20 03:53:09.751549,8863
2025-05-20 03:53:10.411604,8864
2025-05-20 03:53:11.062920,8865
2025-05-20 03:53:11.708797,8866
2025-05-20 03:53:12.358803,8867
2025-05-20 03:53:13.007525,8868
2025-05-20 03:53:13.676138,8869
2025-05-20 03:53:14.316374,8870
2025-05-20 03:53:14.968705,8871
2025-05-20 03:53:15.620542,8872
2025-05-20 03:53:16.268463,8873
2025-05-20 03:53:16.931156,8874
2025-05-20 03:53:17.563625,8875
2025-05-20 03:53:18.223308,8876
2025-05-20 03:53:18.871308,8877
2025-05-20 03:53:19.526326,8878
2025-05-20 03:53:20.167737,8879
2025-05-20 03:53:20.839477,8880
2025-05-20 03:53:21.480645,8881
2025-05-20 03:53:22.123343,8882
2025-05-20 03:53:22.776501,8883
2025-05-20 03:53:23.428477,8884
2025-05-20 03:53:24.084137,8885
2025-05-20 03:53:24.732939,8886
2025-05-20 03:53:25.391487,8887
2025-05-20 03:53:26.040919,8888
2025-05-20 03:53:26.684507,8889
2025-05-20 03:53:27.342367,8890
2025-05-20 03:53:27.983623,8891
2025-05-20 03:53:28.641586,8892
2025-05-20 03:53:29.296448,8893
2025-05-20 03:53:29.940569,8894
2025-05-20 03:53:30.586728,8895
2025-05-20 03:53:31.250469,8896
2025-05-20 03:53:31.896386,8897
2025-05-20 03:53:32.556076,8898
2025-05-20 03:53:33.194652,8899
2025-05-20 03:53:33.840946,8900
2025-05-20 03:53:34.500477,8901
2025-05-20 03:53:35.147662,8902
2025-05-20 03:53:35.810453,8903
2025-05-20 03:53:36.457362,8904
2025-05-20 03:53:37.101567,8905
2025-05-20 03:53:37.748357,8906
2025-05-20 03:53:38.407715,8907
2025-05-20 03:53:39.056115,8908
2025-05-20 03:53:39.701780,8909
2025-05-20 03:53:40.360570,8910
2025-05-20 03:53:41.012447,8911
2025-05-20 03:53:41.660401,8912
2025-05-20 03:53:42.310370,8913
2025-05-20 03:53:42.957787,8914
2025-05-20 03:53:43.608374,8915
2025-05-20 03:53:44.267745,8916
2025-05-20 03:53:44.916476,8917
2025-05-20 03:53:45.567289,8918
2025-05-20 03:53:46.213953,8919
2025-05-20 03:53:46.863878,8920
2025-05-20 03:53:47.528587,8921
2025-05-20 03:53:48.165755,8922
2025-05-20 03:53:48.821651,8923
2025-05-20 03:53:49.476228,8924
2025-05-20 03:53:50.118428,8925
2025-05-20 03:53:50.770471,8926
2025-05-20 03:53:51.421661,8927
2025-05-20 03:53:52.077115,8928
2025-05-20 03:53:52.729705,8929
2025-05-20 03:53:53.384443,8930
2025-05-20 03:53:54.033048,8931
2025-05-20 03:53:54.688625,8932
2025-05-20 03:53:55.341574,8933
2025-05-20 03:53:55.997815,8934
2025-05-20 03:53:56.636453,8935
2025-05-20 03:53:57.291656,8936
2025-05-20 03:53:57.936776,8937
2025-05-20 03:53:58.581887,8938
2025-05-20 03:53:59.233082,8939
2025-05-20 03:53:59.884429,8940
2025-05-20 03:54:00.541741,8941
2025-05-20 03:54:01.201761,8942
2025-05-20 03:54:01.839868,8943
2025-05-20 03:54:02.488002,8944
2025-05-20 03:54:03.141946,8945
2025-05-20 03:54:03.801248,8946
2025-05-20 03:54:04.450399,8947
2025-05-20 03:54:05.097760,8948
2025-05-20 03:54:05.752646,8949
2025-05-20 03:54:06.400731,8950
2025-05-20 03:54:07.049737,8951
2025-05-20 03:54:07.695891,8952
2025-05-20 03:54:08.348602,8953
2025-05-20 03:54:09.000997,8954
2025-05-20 03:54:09.657914,8955
2025-05-20 03:54:10.299820,8956
2025-05-20 03:54:10.952659,8957
2025-05-20 03:54:11.617571,8958
2025-05-20 03:54:12.260500,8959
2025-05-20 03:54:12.911816,8960
2025-05-20 03:54:13.563022,8961
2025-05-20 03:54:14.215904,8962
2025-05-20 03:54:14.871358,8963
2025-05-20 03:54:15.513038,8964
2025-05-20 03:54:16.162978,8965
2025-05-20 03:54:16.819878,8966
2025-05-20 03:54:17.481605,8967
2025-05-20 03:54:18.112976,8968
2025-05-20 03:54:18.770911,8969
2025-05-20 03:54:19.425612,8970
2025-05-20 03:54:20.073452,8971
2025-05-20 03:54:20.731824,8972
2025-05-20 03:54:21.367955,8973
2025-05-20 03:54:22.028014,8974
2025-05-20 03:54:22.678006,8975
2025-05-20 03:54:23.339676,8976
2025-05-20 03:54:23.976715,8977
2025-05-20 03:54:24.634460,8978
2025-05-20 03:54:25.287635,8979
2025-05-20 03:54:25.935858,8980
2025-05-20 03:54:26.577165,8981
2025-05-20 03:54:27.238636,8982
2025-05-20 03:54:27.889776,8983
2025-05-20 03:54:28.535554,8984
2025-05-20 03:54:29.180994,8985
2025-05-20 03:54:29.837951,8986
2025-05-20 03:54:30.491510,8987
2025-05-20 03:54:31.137889,8988
2025-05-20 03:54:31.791817,8989
2025-05-20 03:54:32.453663,8990
2025-05-20 03:54:33.094998,8991
2025-05-20 03:54:33.759712,8992
2025-05-20 03:54:34.395818,8993
2025-05-20 03:54:35.047820,8994
2025-05-20 03:54:35.698671,8995
2025-05-20 03:54:36.347131,8996
2025-05-20 03:54:37.002063,8997
2025-05-20 03:54:37.648955,8998
2025-05-20 03:54:38.310596,8999
2025-05-20 03:54:38.951897,9000
2025-05-20 03:54:39.608424,9001
2025-05-20 03:54:40.257937,9002
2025-05-20 03:54:40.910701,9003
2025-05-20 03:54:41.555889,9004
2025-05-20 03:54:42.204250,9005
2025-05-20 03:54:42.862942,9006
2025-05-20 03:54:43.515636,9007
2025-05-20 03:54:44.165821,9008
2025-05-20 03:54:44.811037,9009
2025-05-20 03:54:45.458478,9010
2025-05-20 03:54:46.109664,9011
2025-05-20 03:54:46.760207,9012
2025-05-20 03:54:47.414923,9013
2025-05-20 03:54:48.073740,9014
2025-05-20 03:54:48.724046,9015
2025-05-20 03:54:49.382788,9016
2025-05-20 03:54:50.025998,9017
2025-05-20 03:54:50.682106,9018
2025-05-20 03:54:51.337713,9019
2025-05-20 03:54:51.986845,9020
2025-05-20 03:54:52.627812,9021
2025-05-20 03:54:53.274031,9022
2025-05-20 03:54:53.930899,9023
2025-05-20 03:54:54.578133,9024
2025-05-20 03:54:55.235187,9025
2025-05-20 03:54:55.886096,9026
2025-05-20 03:54:56.535697,9027
2025-05-20 03:54:57.178193,9028
2025-05-20 03:54:57.844782,9029
2025-05-20 03:54:58.490831,9030
2025-05-20 03:54:59.129024,9031
2025-05-20 03:54:59.791800,9032
2025-05-20 03:55:00.432605,9033
2025-05-20 03:55:01.094306,9034
2025-05-20 03:55:01.748701,9035
2025-05-20 03:55:02.394210,9036
2025-05-20 03:55:03.039517,9037
2025-05-20 03:55:03.691272,9038
2025-05-20 03:55:04.349725,9039
2025-05-20 03:55:05.000762,9040
2025-05-20 03:55:05.642985,9041
2025-05-20 03:55:06.297702,9042
2025-05-20 03:55:06.943225,9043
2025-05-20 03:55:07.595787,9044
2025-05-20 03:55:08.259858,9045
2025-05-20 03:55:08.906848,9046
2025-05-20 03:55:09.551026,9047
2025-05-20 03:55:10.215798,9048
2025-05-20 03:55:10.855731,9049
2025-05-20 03:55:11.520363,9050
2025-05-20 03:55:12.152022,9051
2025-05-20 03:55:12.812192,9052
2025-05-20 03:55:13.455840,9053
2025-05-20 03:55:14.117092,9054
2025-05-20 03:55:14.772828,9055
2025-05-20 03:55:15.408118,9056
2025-05-20 03:55:16.062125,9057
2025-05-20 03:55:16.727861,9058
2025-05-20 03:55:17.374872,9059
2025-05-20 03:55:18.019291,9060
2025-05-20 03:55:18.667133,9061
2025-05-20 03:55:19.317956,9062
2025-05-20 03:55:19.982905,9063
2025-05-20 03:55:20.623772,9064
2025-05-20 03:55:21.286847,9065
2025-05-20 03:55:21.929760,9066
2025-05-20 03:55:22.586625,9067
2025-05-20 03:55:23.228271,9068
2025-05-20 03:55:23.876376,9069
2025-05-20 03:55:24.524141,9070
2025-05-20 03:55:25.193884,9071
2025-05-20 03:55:25.827297,9072
2025-05-20 03:55:26.475102,9073
2025-05-20 03:55:27.127231,9074
2025-05-20 03:55:27.797597,9075
2025-05-20 03:55:28.442643,9076
2025-05-20 03:55:29.088028,9077
2025-05-20 03:55:29.739086,9078
2025-05-20 03:55:30.382046,9079
2025-05-20 03:55:31.046958,9080
2025-05-20 03:55:31.695058,9081
2025-05-20 03:55:32.338096,9082
2025-05-20 03:55:32.990956,9083
2025-05-20 03:55:33.638169,9084
2025-05-20 03:55:34.299320,9085
2025-05-20 03:55:34.957819,9086
2025-05-20 03:55:35.597417,9087
2025-05-20 03:55:36.243816,9088
2025-05-20 03:55:36.896277,9089
2025-05-20 03:55:37.556757,9090
2025-05-20 03:55:38.203000,9091
2025-05-20 03:55:38.849975,9092
2025-05-20 03:55:39.507705,9093
2025-05-20 03:55:40.164621,9094
2025-05-20 03:55:40.799208,9095
2025-05-20 03:55:41.460342,9096
2025-05-20 03:55:42.108930,9097
2025-05-20 03:55:42.758802,9098
2025-05-20 03:55:43.420728,9099
2025-05-20 03:55:44.067858,9100
2025-05-20 03:55:44.713816,9101
2025-05-20 03:55:45.363434,9102
2025-05-20 03:55:46.008408,9103
2025-05-20 03:55:46.664306,9104
2025-05-20 03:55:47.318923,9105
2025-05-20 03:55:47.975000,9106
2025-05-20 03:55:48.615133,9107
2025-05-20 03:55:49.268239,9108
2025-05-20 03:55:49.926944,9109
2025-05-20 03:55:50.571319,9110
2025-05-20 03:55:51.216689,9111
2025-05-20 03:55:51.878080,9112
2025-05-20 03:55:52.522008,9113
2025-05-20 03:55:53.182658,9114
2025-05-20 03:55:53.822932,9115
2025-05-20 03:55:54.487030,9116
2025-05-20 03:55:55.137246,9117
2025-05-20 03:55:55.781328,9118
2025-05-20 03:55:56.427894,9119
2025-05-20 03:55:57.095459,9120
2025-05-20 03:55:57.732040,9121
2025-05-20 03:55:58.395167,9122
2025-05-20 03:55:59.032381,9123
2025-05-20 03:55:59.684327,9124
2025-05-20 03:56:00.335086,9125
2025-05-20 03:56:00.997943,9126
2025-05-20 03:56:01.635866,9127
2025-05-20 03:56:02.294613,9128
2025-05-20 03:56:02.943265,9129
2025-05-20 03:56:03.594603,9130
2025-05-20 03:56:04.254029,9131
2025-05-20 03:56:04.892114,9132
2025-05-20 03:56:05.540590,9133
2025-05-20 03:56:06.203179,9134
2025-05-20 03:56:06.842136,9135
2025-05-20 03:56:07.500453,9136
2025-05-20 03:56:08.145957,9137
2025-05-20 03:56:08.802344,9138
2025-05-20 03:56:09.451637,9139
2025-05-20 03:56:10.119031,9140
2025-05-20 03:56:10.759402,9141
2025-05-20 03:56:11.405526,9142
2025-05-20 03:56:12.066776,9143
2025-05-20 03:56:12.710119,9144
2025-05-20 03:56:13.364079,9145
2025-05-20 03:56:14.008335,9146
2025-05-20 03:56:14.660486,9147
2025-05-20 03:56:15.311625,9148
2025-05-20 03:56:15.974918,9149
2025-05-20 03:56:16.612418,9150
2025-05-20 03:56:17.267094,9151
2025-05-20 03:56:17.931090,9152
2025-05-20 03:56:18.572407,9153
2025-05-20 03:56:19.222333,9154
2025-05-20 03:56:19.865967,9155
2025-05-20 03:56:20.517628,9156
2025-05-20 03:56:21.166157,9157
2025-05-20 03:56:21.817380,9158
2025-05-20 03:56:22.470270,9159
2025-05-20 03:56:23.124537,9160
2025-05-20 03:56:23.772385,9161
2025-05-20 03:56:24.440108,9162
2025-05-20 03:56:25.079332,9163
2025-05-20 03:56:25.724414,9164
2025-05-20 03:56:26.383611,9165
2025-05-20 03:56:27.027789,9166
2025-05-20 03:56:27.696600,9167
2025-05-20 03:56:28.335014,9168
2025-05-20 03:56:28.991914,9169
2025-05-20 03:56:29.647200,9170
2025-05-20 03:56:30.288531,9171
2025-05-20 03:56:30.944215,9172
2025-05-20 03:56:31.594284,9173
2025-05-20 03:56:32.255278,9174
2025-05-20 03:56:32.905100,9175
2025-05-20 03:56:33.545557,9176
2025-05-20 03:56:34.187898,9177
2025-05-20 03:56:34.847919,9178
2025-05-20 03:56:35.494212,9179
2025-05-20 03:56:36.150325,9180
2025-05-20 03:56:36.796380,9181
2025-05-20 03:56:37.459106,9182
2025-05-20 03:56:38.099463,9183
2025-05-20 03:56:38.751818,9184
2025-05-20 03:56:39.413096,9185
2025-05-20 03:56:40.051702,9186
2025-05-20 03:56:40.708506,9187
2025-05-20 03:56:41.357466,9188
2025-05-20 03:56:42.017186,9189
2025-05-20 03:56:42.661416,9190
2025-05-20 03:56:43.313150,9191
2025-05-20 03:56:43.962234,9192
2025-05-20 03:56:44.615347,9193
2025-05-20 03:56:45.266730,9194
2025-05-20 03:56:45.916305,9195
2025-05-20 03:56:46.574237,9196
2025-05-20 03:56:47.211797,9197
2025-05-20 03:56:47.871209,9198
2025-05-20 03:56:48.515208,9199
2025-05-20 03:56:49.175260,9200
2025-05-20 03:56:49.824485,9201
2025-05-20 03:56:50.479206,9202
2025-05-20 03:56:51.119941,9203
2025-05-20 03:56:51.775776,9204
2025-05-20 03:56:52.420768,9205
2025-05-20 03:56:53.080733,9206
2025-05-20 03:56:53.720594,9207
2025-05-20 03:56:54.380546,9208
2025-05-20 03:56:55.031205,9209
2025-05-20 03:56:55.682705,9210
2025-05-20 03:56:56.332727,9211
2025-05-20 03:56:56.990227,9212
2025-05-20 03:56:57.629491,9213
2025-05-20 03:56:58.280361,9214
2025-05-20 03:56:58.928890,9215
2025-05-20 03:56:59.588499,9216
2025-05-20 03:57:00.231708,9217
2025-05-20 03:57:00.888634,9218
2025-05-20 03:57:01.547232,9219
2025-05-20 03:57:02.186926,9220
2025-05-20 03:57:02.852916,9221
2025-05-20 03:57:03.488660,9222
2025-05-20 03:57:04.139869,9223
2025-05-20 03:57:04.791909,9224
2025-05-20 03:57:05.438877,9225
2025-05-20 03:57:06.093258,9226
2025-05-20 03:57:06.748598,9227
2025-05-20 03:57:07.406226,9228
2025-05-20 03:57:08.052381,9229
2025-05-20 03:57:08.696826,9230
2025-05-20 03:57:09.355852,9231
2025-05-20 03:57:10.001798,9232
2025-05-20 03:57:10.667444,9233
2025-05-20 03:57:11.305416,9234
2025-05-20 03:57:11.952370,9235
2025-05-20 03:57:12.608955,9236
2025-05-20 03:57:13.255896,9237
2025-05-20 03:57:13.902944,9238
2025-05-20 03:57:14.554603,9239
2025-05-20 03:57:15.215264,9240
2025-05-20 03:57:15.856502,9241
2025-05-20 03:57:16.514719,9242
2025-05-20 03:57:17.164955,9243
2025-05-20 03:57:17.813266,9244
2025-05-20 03:57:18.467856,9245
2025-05-20 03:57:19.111725,9246
2025-05-20 03:57:19.772607,9247
2025-05-20 03:57:20.423443,9248
2025-05-20 03:57:21.065376,9249
2025-05-20 03:57:21.716410,9250
2025-05-20 03:57:22.367626,9251
2025-05-20 03:57:23.037985,9252
2025-05-20 03:57:23.678746,9253
2025-05-20 03:57:24.329852,9254
2025-05-20 03:57:24.990284,9255
2025-05-20 03:57:25.628912,9256
2025-05-20 03:57:26.275865,9257
2025-05-20 03:57:26.941713,9258
2025-05-20 03:57:27.576448,9259
2025-05-20 03:57:28.240422,9260
2025-05-20 03:57:28.879942,9261
2025-05-20 03:57:29.546880,9262
2025-05-20 03:57:30.191218,9263
2025-05-20 03:57:30.835853,9264
2025-05-20 03:57:31.491601,9265
2025-05-20 03:57:32.139794,9266
2025-05-20 03:57:32.788473,9267
2025-05-20 03:57:33.447532,9268
2025-05-20 03:57:34.095514,9269
2025-05-20 03:57:34.737740,9270
2025-05-20 03:57:35.397575,9271
2025-05-20 03:57:36.044439,9272
2025-05-20 03:57:36.690636,9273
2025-05-20 03:57:37.343882,9274
2025-05-20 03:57:37.998990,9275
2025-05-20 03:57:38.651664,9276
2025-05-20 03:57:39.310212,9277
2025-05-20 03:57:39.947936,9278
2025-05-20 03:57:40.600153,9279
2025-05-20 03:57:41.247623,9280
2025-05-20 03:57:41.908667,9281
2025-05-20 03:57:42.555825,9282
2025-05-20 03:57:43.209629,9283
2025-05-20 03:57:43.861542,9284
2025-05-20 03:57:44.503745,9285
2025-05-20 03:57:45.169274,9286
2025-05-20 03:57:45.812826,9287
2025-05-20 03:57:46.463844,9288
2025-05-20 03:57:47.125376,9289
2025-05-20 03:57:47.761951,9290
2025-05-20 03:57:48.412797,9291
2025-05-20 03:57:49.062124,9292
2025-05-20 03:57:49.718755,9293
2025-05-20 03:57:50.370471,9294
2025-05-20 03:57:51.033514,9295
2025-05-20 03:57:51.665054,9296
2025-05-20 03:57:52.315548,9297
2025-05-20 03:57:52.966748,9298
2025-05-20 03:57:53.627845,9299
2025-05-20 03:57:54.278755,9300
2025-05-20 03:57:54.919711,9301
2025-05-20 03:57:55.572459,9302
2025-05-20 03:57:56.230818,9303
2025-05-20 03:57:56.880527,9304
2025-05-20 03:57:57.534366,9305
2025-05-20 03:57:58.183824,9306
2025-05-20 03:57:58.837461,9307
2025-05-20 03:57:59.477074,9308
2025-05-20 03:58:00.134926,9309
2025-05-20 03:58:00.782835,9310
2025-05-20 03:58:01.433056,9311
2025-05-20 03:58:02.087038,9312
2025-05-20 03:58:02.736734,9313
2025-05-20 03:58:03.394594,9314
2025-05-20 03:58:04.034713,9315
2025-05-20 03:58:04.689810,9316
2025-05-20 03:58:05.344449,9317
2025-05-20 03:58:05.989110,9318
2025-05-20 03:58:06.643837,9319
2025-05-20 03:58:07.303649,9320
2025-05-20 03:58:07.947882,9321
2025-05-20 03:58:08.595658,9322
2025-05-20 03:58:09.262504,9323
2025-05-20 03:58:09.897463,9324
2025-05-20 03:58:10.552091,9325
2025-05-20 03:58:11.206032,9326
2025-05-20 03:58:11.855897,9327
2025-05-20 03:58:12.507033,9328
2025-05-20 03:58:13.164600,9329
2025-05-20 03:58:13.805451,9330
2025-05-20 03:58:14.461517,9331
2025-05-20 03:58:15.103022,9332
2025-05-20 03:58:15.765436,9333
2025-05-20 03:58:16.404859,9334
2025-05-20 03:58:17.071832,9335
2025-05-20 03:58:17.714534,9336
2025-05-20 03:58:18.364868,9337
2025-05-20 03:58:19.008818,9338
2025-05-20 03:58:19.660835,9339
2025-05-20 03:58:20.313807,9340
2025-05-20 03:58:20.964583,9341
2025-05-20 03:58:21.631640,9342
2025-05-20 03:58:22.272801,9343
2025-05-20 03:58:22.919818,9344
2025-05-20 03:58:23.574640,9345
2025-05-20 03:58:24.222702,9346
2025-05-20 03:58:24.887652,9347
2025-05-20 03:58:25.521500,9348
2025-05-20 03:58:26.181133,9349
2025-05-20 03:58:26.821933,9350
2025-05-20 03:58:27.473860,9351
2025-05-20 03:58:28.129448,9352
2025-05-20 03:58:28.790641,9353
2025-05-20 03:58:29.439102,9354
2025-05-20 03:58:30.088130,9355
2025-05-20 03:58:30.750161,9356
2025-05-20 03:58:31.383974,9357
2025-05-20 03:58:32.036692,9358
2025-05-20 03:58:32.684158,9359
2025-05-20 03:58:33.343838,9360
2025-05-20 03:58:34.001626,9361
2025-05-20 03:58:34.635085,9362
2025-05-20 03:58:35.298699,9363
2025-05-20 03:58:35.955109,9364
2025-05-20 03:58:36.599142,9365
2025-05-20 03:58:37.246897,9366
2025-05-20 03:58:37.895948,9367
2025-05-20 03:58:38.543824,9368
2025-05-20 03:58:39.211603,9369
2025-05-20 03:58:39.847653,9370
2025-05-20 03:58:40.492957,9371
2025-05-20 03:58:41.158695,9372
2025-05-20 03:58:41.797874,9373
2025-05-20 03:58:42.465682,9374
2025-05-20 03:58:43.099900,9375
2025-05-20 03:58:43.750914,9376
2025-05-20 03:58:44.403900,9377
2025-05-20 03:58:45.056165,9378
2025-05-20 03:58:45.718772,9379
2025-05-20 03:58:46.355680,9380
2025-05-20 03:58:47.007871,9381
2025-05-20 03:58:47.663324,9382
2025-05-20 03:58:48.317973,9383
2025-05-20 03:58:48.966022,9384
2025-05-20 03:58:49.619893,9385
2025-05-20 03:58:50.268913,9386
2025-05-20 03:58:50.926944,9387
2025-05-20 03:58:51.566033,9388
2025-05-20 03:58:52.231806,9389
2025-05-20 03:58:52.882864,9390
2025-05-20 03:58:53.519068,9391
2025-05-20 03:58:54.187794,9392
2025-05-20 03:58:54.823912,9393
2025-05-20 03:58:55.469667,9394
2025-05-20 03:58:56.129035,9395
2025-05-20 03:58:56.788843,9396
2025-05-20 03:58:57.441350,9397
2025-05-20 03:58:58.076429,9398
2025-05-20 03:58:58.735127,9399
2025-05-20 03:58:59.382288,9400
2025-05-20 03:59:00.032722,9401
2025-05-20 03:59:00.685211,9402
2025-05-20 03:59:01.332145,9403
2025-05-20 03:59:01.994845,9404
2025-05-20 03:59:02.638039,9405
2025-05-20 03:59:03.299994,9406
2025-05-20 03:59:03.943956,9407
2025-05-20 03:59:04.586995,9408
2025-05-20 03:59:05.246134,9409
2025-05-20 03:59:05.902647,9410
2025-05-20 03:59:06.539841,9411
2025-05-20 03:59:07.201194,9412
2025-05-20 03:59:07.852625,9413
2025-05-20 03:59:08.500310,9414
2025-05-20 03:59:09.142944,9415
2025-05-20 03:59:09.805447,9416
2025-05-20 03:59:10.445719,9417
2025-05-20 03:59:11.095103,9418
2025-05-20 03:59:11.756926,9419
2025-05-20 03:59:12.401028,9420
2025-05-20 03:59:13.057984,9421
2025-05-20 03:59:13.706309,9422
2025-05-20 03:59:14.366588,9423
2025-05-20 03:59:15.001961,9424
2025-05-20 03:59:15.652778,9425
2025-05-20 03:59:16.303076,9426
2025-05-20 03:59:16.964935,9427
2025-05-20 03:59:17.618831,9428
2025-05-20 03:59:18.257849,9429
2025-05-20 03:59:18.926591,9430
2025-05-20 03:59:19.567865,9431
2025-05-20 03:59:20.216187,9432
2025-05-20 03:59:20.866008,9433
2025-05-20 03:59:21.520114,9434
2025-05-20 03:59:22.165835,9435
2025-05-20 03:59:22.833003,9436
2025-05-20 03:59:23.472386,9437
2025-05-20 03:59:24.130955,9438
2025-05-20 03:59:24.783875,9439
2025-05-20 03:59:25.426735,9440
2025-05-20 03:59:26.068810,9441
2025-05-20 03:59:26.724352,9442
2025-05-20 03:59:27.379020,9443
2025-05-20 03:59:28.042700,9444
2025-05-20 03:59:28.682998,9445
2025-05-20 03:59:29.335865,9446
2025-05-20 03:59:29.982985,9447
2025-05-20 03:59:30.634597,9448
2025-05-20 03:59:31.280156,9449
2025-05-20 03:59:31.941930,9450
2025-05-20 03:59:32.597873,9451
2025-05-20 03:59:33.234099,9452
2025-05-20 03:59:33.902413,9453
2025-05-20 03:59:34.540443,9454
2025-05-20 03:59:35.187674,9455
2025-05-20 03:59:35.838450,9456
2025-05-20 03:59:36.486219,9457
2025-05-20 03:59:37.145168,9458
2025-05-20 03:59:37.791886,9459
2025-05-20 03:59:38.439328,9460
2025-05-20 03:59:39.100469,9461
2025-05-20 03:59:39.751404,9462
2025-05-20 03:59:40.396556,9463
2025-05-20 03:59:41.044324,9464
2025-05-20 03:59:41.695283,9465
2025-05-20 03:59:42.352372,9466
2025-05-20 03:59:43.003055,9467
2025-05-20 03:59:43.650084,9468
2025-05-20 03:59:44.308438,9469
2025-05-20 03:59:44.965009,9470
2025-05-20 03:59:45.605346,9471
2025-05-20 03:59:46.262037,9472
2025-05-20 03:59:46.904607,9473
2025-05-20 03:59:47.555414,9474
2025-05-20 03:59:48.215030,9475
2025-05-20 03:59:48.866486,9476
2025-05-20 03:59:49.515162,9477
2025-05-20 03:59:50.157697,9478
2025-05-20 03:59:50.812418,9479
2025-05-20 03:59:51.460249,9480
2025-05-20 03:59:52.116550,9481
2025-05-20 03:59:52.778726,9482
2025-05-20 03:59:53.416376,9483
2025-05-20 03:59:54.068963,9484
2025-05-20 03:59:54.728012,9485
2025-05-20 03:59:55.374590,9486
2025-05-20 03:59:56.020262,9487
2025-05-20 03:59:56.676399,9488
2025-05-20 03:59:57.321163,9489
2025-05-20 03:59:57.976211,9490
2025-05-20 03:59:58.627022,9491
2025-05-20 03:59:59.283098,9492
2025-05-20 03:59:59.942026,9493
2025-05-20 04:00:00.573040,9494
2025-05-20 04:00:01.230006,9495
2025-05-20 04:00:01.877074,9496
2025-05-20 04:00:02.543134,9497
2025-05-20 04:00:03.182327,9498
2025-05-20 04:00:03.840443,9499
2025-05-20 04:00:04.492474,9500
2025-05-20 04:00:05.136359,9501
2025-05-20 04:00:05.795029,9502
2025-05-20 04:00:06.440392,9503
2025-05-20 04:00:07.094299,9504
2025-05-20 04:00:07.742256,9505
2025-05-20 04:00:08.403850,9506
2025-05-20 04:00:09.053987,9507
2025-05-20 04:00:09.690281,9508
2025-05-20 04:00:10.346653,9509
2025-05-20 04:00:11.000447,9510
2025-05-20 04:00:11.658005,9511
2025-05-20 04:00:12.302360,9512
2025-05-20 04:00:12.953266,9513
2025-05-20 04:00:13.603362,9514
2025-05-20 04:00:14.253142,9515
2025-05-20 04:00:14.912061,9516
2025-05-20 04:00:15.557845,9517
2025-05-20 04:00:16.199983,9518
2025-05-20 04:00:16.860231,9519
2025-05-20 04:00:17.502375,9520
2025-05-20 04:00:18.164374,9521
2025-05-20 04:00:18.811360,9522
2025-05-20 04:00:19.475953,9523
2025-05-20 04:00:20.116414,9524
2025-05-20 04:00:20.768573,9525
2025-05-20 04:00:21.412620,9526
2025-05-20 04:00:22.068473,9527
2025-05-20 04:00:22.716246,9528
2025-05-20 04:00:23.364410,9529
2025-05-20 04:00:24.023475,9530
2025-05-20 04:00:24.664558,9531
2025-05-20 04:00:25.333805,9532
2025-05-20 04:00:25.975370,9533
2025-05-20 04:00:26.623348,9534
2025-05-20 04:00:27.272623,9535
2025-05-20 04:00:27.927702,9536
2025-05-20 04:00:28.581830,9537
2025-05-20 04:00:29.224347,9538
2025-05-20 04:00:29.883511,9539
2025-05-20 04:00:30.526598,9540
2025-05-20 04:00:31.180420,9541
2025-05-20 04:00:31.838142,9542
2025-05-20 04:00:32.482311,9543
2025-05-20 04:00:33.138312,9544
2025-05-20 04:00:33.786612,9545
2025-05-20 04:00:34.433659,9546
2025-05-20 04:00:35.082749,9547
2025-05-20 04:00:35.735434,9548
2025-05-20 04:00:36.387839,9549
2025-05-20 04:00:37.039540,9550
2025-05-20 04:00:37.697912,9551
2025-05-20 04:00:38.347618,9552
2025-05-20 04:00:38.987710,9553
2025-05-20 04:00:39.638626,9554
2025-05-20 04:00:40.294406,9555
2025-05-20 04:00:40.948629,9556
2025-05-20 04:00:41.597111,9557
2025-05-20 04:00:42.244471,9558
2025-05-20 04:00:42.898120,9559
2025-05-20 04:00:43.566282,9560
2025-05-20 04:00:44.203848,9561
2025-05-20 04:00:44.853743,9562
2025-05-20 04:00:45.505533,9563
2025-05-20 04:00:46.159076,9564
2025-05-20 04:00:46.801703,9565
2025-05-20 04:00:47.460477,9566
2025-05-20 04:00:48.111294,9567
2025-05-20 04:00:48.759656,9568
2025-05-20 04:00:49.404357,9569
2025-05-20 04:00:50.066838,9570
2025-05-20 04:00:50.712411,9571
2025-05-20 04:00:51.372235,9572
2025-05-20 04:00:52.027417,9573
2025-05-20 04:00:52.663902,9574
2025-05-20 04:00:53.310399,9575
2025-05-20 04:00:53.971414,9576
2025-05-20 04:00:54.615894,9577
2025-05-20 04:00:55.272472,9578
2025-05-20 04:00:55.919775,9579
2025-05-20 04:00:56.568727,9580
2025-05-20 04:00:57.226339,9581
2025-05-20 04:00:57.887056,9582
2025-05-20 04:00:58.520254,9583
2025-05-20 04:00:59.178749,9584
2025-05-20 04:00:59.834081,9585
2025-05-20 04:01:00.480458,9586
2025-05-20 04:01:01.126693,9587
2025-05-20 04:01:01.776557,9588
2025-05-20 04:01:02.425769,9589
2025-05-20 04:01:03.087038,9590
2025-05-20 04:01:03.732641,9591
2025-05-20 04:01:04.384512,9592
2025-05-20 04:01:05.031512,9593
2025-05-20 04:01:05.701740,9594
2025-05-20 04:01:06.348885,9595
2025-05-20 04:01:06.991514,9596
2025-05-20 04:01:07.635567,9597
2025-05-20 04:01:08.285149,9598
2025-05-20 04:01:08.944668,9599
2025-05-20 04:01:09.596442,9600
2025-05-20 04:01:10.248618,9601
2025-05-20 04:01:10.893762,9602
2025-05-20 04:01:11.558505,9603
2025-05-20 04:01:12.192722,9604
2025-05-20 04:01:12.851521,9605
2025-05-20 04:01:13.501502,9606
2025-05-20 04:01:14.148318,9607
2025-05-20 04:01:14.806312,9608
2025-05-20 04:01:15.452368,9609
2025-05-20 04:01:16.112448,9610
2025-05-20 04:01:16.770817,9611
2025-05-20 04:01:17.403053,9612
2025-05-20 04:01:18.062750,9613
2025-05-20 04:01:18.711736,9614
2025-05-20 04:01:19.363846,9615
2025-05-20 04:01:20.012291,9616
2025-05-20 04:01:20.663751,9617
2025-05-20 04:01:21.311566,9618
2025-05-20 04:01:21.974282,9619
2025-05-20 04:01:22.616688,9620
2025-05-20 04:01:23.270477,9621
2025-05-20 04:01:23.918975,9622
2025-05-20 04:01:24.563952,9623
2025-05-20 04:01:25.229136,9624
2025-05-20 04:01:25.882332,9625
2025-05-20 04:01:26.519746,9626
2025-05-20 04:01:27.168669,9627
2025-05-20 04:01:27.828390,9628
2025-05-20 04:01:28.473605,9629
2025-05-20 04:01:29.123921,9630
2025-05-20 04:01:29.772526,9631
2025-05-20 04:01:30.432566,9632
2025-05-20 04:01:31.072813,9633
2025-05-20 04:01:31.723772,9634
2025-05-20 04:01:32.378822,9635
2025-05-20 04:01:33.028914,9636
2025-05-20 04:01:33.698398,9637
2025-05-20 04:01:34.326778,9638
2025-05-20 04:01:34.995853,9639
2025-05-20 04:01:35.640771,9640
2025-05-20 04:01:36.284327,9641
2025-05-20 04:01:36.936596,9642
2025-05-20 04:01:37.603518,9643
2025-05-20 04:01:38.248393,9644
2025-05-20 04:01:38.904435,9645
2025-05-20 04:01:39.556119,9646
2025-05-20 04:01:40.194934,9647
2025-05-20 04:01:40.855294,9648
2025-05-20 04:01:41.492013,9649
2025-05-20 04:01:42.148257,9650
2025-05-20 04:01:42.791761,9651
2025-05-20 04:01:43.443720,9652
2025-05-20 04:01:44.104789,9653
2025-05-20 04:01:44.752348,9654
2025-05-20 04:01:45.400855,9655
2025-05-20 04:01:46.051959,9656
2025-05-20 04:01:46.699538,9657
2025-05-20 04:01:47.357005,9658
2025-05-20 04:01:48.010200,9659
2025-05-20 04:01:48.656940,9660
2025-05-20 04:01:49.314432,9661
2025-05-20 04:01:49.953367,9662
2025-05-20 04:01:50.611677,9663
2025-05-20 04:01:51.257949,9664
2025-05-20 04:01:51.915683,9665
2025-05-20 04:01:52.560407,9666
2025-05-20 04:01:53.210781,9667
2025-05-20 04:01:53.859840,9668
2025-05-20 04:01:54.515072,9669
2025-05-20 04:01:55.171678,9670
2025-05-20 04:01:55.813990,9671
2025-05-20 04:01:56.463939,9672
2025-05-20 04:01:57.134662,9673
2025-05-20 04:01:57.776135,9674
2025-05-20 04:01:58.421120,9675
2025-05-20 04:01:59.070594,9676
2025-05-20 04:01:59.720659,9677
2025-05-20 04:02:00.372930,9678
2025-05-20 04:02:01.022769,9679
2025-05-20 04:02:01.679699,9680
2025-05-20 04:02:02.326641,9681
2025-05-20 04:02:02.975523,9682
2025-05-20 04:02:03.631435,9683
2025-05-20 04:02:04.294661,9684
2025-05-20 04:02:04.933504,9685
2025-05-20 04:02:05.576546,9686
2025-05-20 04:02:06.247683,9687
2025-05-20 04:02:06.889567,9688
2025-05-20 04:02:07.533769,9689
2025-05-20 04:02:08.185960,9690
2025-05-20 04:02:08.839881,9691
2025-05-20 04:02:09.489141,9692
2025-05-20 04:02:10.157733,9693
2025-05-20 04:02:10.796725,9694
2025-05-20 04:02:11.456680,9695
2025-05-20 04:02:12.093114,9696
2025-05-20 04:02:12.752041,9697
2025-05-20 04:02:13.406718,9698
2025-05-20 04:02:14.050784,9699
2025-05-20 04:02:14.696863,9700
2025-05-20 04:02:15.347949,9701
2025-05-20 04:02:16.001513,9702
2025-05-20 04:02:16.648924,9703
2025-05-20 04:02:17.308956,9704
2025-05-20 04:02:17.959431,9705
2025-05-20 04:02:18.610860,9706
2025-05-20 04:02:19.268612,9707
2025-05-20 04:02:19.903086,9708
2025-05-20 04:02:20.556620,9709
2025-05-20 04:02:21.204959,9710
2025-05-20 04:02:21.857982,9711
2025-05-20 04:02:22.520622,9712
2025-05-20 04:02:23.157846,9713
2025-05-20 04:02:23.828491,9714
2025-05-20 04:02:24.465994,9715
2025-05-20 04:02:25.121655,9716
2025-05-20 04:02:25.781589,9717
2025-05-20 04:02:26.420746,9718
2025-05-20 04:02:27.068750,9719
2025-05-20 04:02:27.725633,9720
2025-05-20 04:02:28.371884,9721
2025-05-20 04:02:29.019775,9722
2025-05-20 04:02:29.669883,9723
2025-05-20 04:02:30.330033,9724
2025-05-20 04:02:30.976043,9725
2025-05-20 04:02:31.631868,9726
2025-05-20 04:02:32.272255,9727
2025-05-20 04:02:32.931990,9728
2025-05-20 04:02:33.583851,9729
2025-05-20 04:02:34.236954,9730
2025-05-20 04:02:34.881819,9731
2025-05-20 04:02:35.537702,9732
2025-05-20 04:02:36.182059,9733
2025-05-20 04:02:36.832910,9734
2025-05-20 04:02:37.487008,9735
2025-05-20 04:02:38.135015,9736
2025-05-20 04:02:38.799463,9737
2025-05-20 04:02:39.442014,9738
2025-05-20 04:02:40.097862,9739
2025-05-20 04:02:40.749779,9740
2025-05-20 04:02:41.397912,9741
2025-05-20 04:02:42.047636,9742
2025-05-20 04:02:42.702840,9743
2025-05-20 04:02:43.346866,9744
2025-05-20 04:02:44.002073,9745
2025-05-20 04:02:44.663733,9746
2025-05-20 04:02:45.303018,9747
2025-05-20 04:02:45.958807,9748
2025-05-20 04:02:46.607905,9749
2025-05-20 04:02:47.249239,9750
2025-05-20 04:02:47.919504,9751
2025-05-20 04:02:48.562844,9752
2025-05-20 04:02:49.222468,9753
2025-05-20 04:02:49.859896,9754
2025-05-20 04:02:50.514136,9755
2025-05-20 04:02:51.155971,9756
2025-05-20 04:02:51.810950,9757
2025-05-20 04:02:52.478826,9758
2025-05-20 04:02:53.116552,9759
2025-05-20 04:02:53.763156,9760
2025-05-20 04:02:54.411850,9761
2025-05-20 04:02:55.076971,9762
2025-05-20 04:02:55.716213,9763
2025-05-20 04:02:56.371060,9764
2025-05-20 04:02:57.034237,9765
2025-05-20 04:02:57.677748,9766
2025-05-20 04:02:58.322325,9767
2025-05-20 04:02:58.968977,9768
2025-05-20 04:02:59.630602,9769
2025-05-20 04:03:00.278783,9770
2025-05-20 04:03:00.923699,9771
2025-05-20 04:03:01.583961,9772
2025-05-20 04:03:02.234530,9773
2025-05-20 04:03:02.883154,9774
2025-05-20 04:03:03.544820,9775
2025-05-20 04:03:04.184252,9776
2025-05-20 04:03:04.849634,9777
2025-05-20 04:03:05.493875,9778
2025-05-20 04:03:06.146910,9779
2025-05-20 04:03:06.783175,9780
2025-05-20 04:03:07.440261,9781
2025-05-20 04:03:08.089526,9782
2025-05-20 04:03:08.745844,9783
2025-05-20 04:03:09.387521,9784
2025-05-20 04:03:10.048221,9785
2025-05-20 04:03:10.696363,9786
2025-05-20 04:03:11.354769,9787
2025-05-20 04:03:11.993955,9788
2025-05-20 04:03:12.652864,9789
2025-05-20 04:03:13.298070,9790
2025-05-20 04:03:13.948317,9791
2025-05-20 04:03:14.599827,9792
2025-05-20 04:03:15.249984,9793
2025-05-20 04:03:15.896397,9794
2025-05-20 04:03:16.567905,9795
2025-05-20 04:03:17.202982,9796
2025-05-20 04:03:17.867275,9797
2025-05-20 04:03:18.510801,9798
2025-05-20 04:03:19.158780,9799
2025-05-20 04:03:19.806355,9800
2025-05-20 04:03:20.462130,9801
2025-05-20 04:03:21.109991,9802
2025-05-20 04:03:21.768641,9803
2025-05-20 04:03:22.416383,9804
2025-05-20 04:03:23.068870,9805
2025-05-20 04:03:23.719151,9806
2025-05-20 04:03:24.374592,9807
2025-05-20 04:03:25.015221,9808
2025-05-20 04:03:25.666168,9809
2025-05-20 04:03:26.318205,9810
2025-05-20 04:03:26.974059,9811
2025-05-20 04:03:27.622275,9812
2025-05-20 04:03:28.268127,9813
2025-05-20 04:03:28.927019,9814
2025-05-20 04:03:29.576427,9815
2025-05-20 04:03:30.222249,9816
2025-05-20 04:03:30.879929,9817
2025-05-20 04:03:31.532487,9818
2025-05-20 04:03:32.175173,9819
2025-05-20 04:03:32.832389,9820
2025-05-20 04:03:33.495393,9821
2025-05-20 04:03:34.144005,9822
2025-05-20 04:03:34.784438,9823
2025-05-20 04:03:35.434882,9824
2025-05-20 04:03:36.085936,9825
2025-05-20 04:03:36.733665,9826
2025-05-20 04:03:37.401856,9827
2025-05-20 04:03:38.034964,9828
2025-05-20 04:03:38.685148,9829
2025-05-20 04:03:39.340557,9830
2025-05-20 04:03:39.986142,9831
2025-05-20 04:03:40.638698,9832
2025-05-20 04:03:41.300435,9833
2025-05-20 04:03:41.958852,9834
2025-05-20 04:03:42.591380,9835
2025-05-20 04:03:43.261119,9836
2025-05-20 04:03:43.896705,9837
2025-05-20 04:03:44.556888,9838
2025-05-20 04:03:45.207409,9839
2025-05-20 04:03:45.854468,9840
2025-05-20 04:03:46.502218,9841
2025-05-20 04:03:47.149429,9842
2025-05-20 04:03:47.804320,9843
2025-05-20 04:03:48.455187,9844
2025-05-20 04:03:49.099857,9845
2025-05-20 04:03:49.757422,9846
2025-05-20 04:03:50.410627,9847
2025-05-20 04:03:51.063438,9848
2025-05-20 04:03:51.707918,9849
2025-05-20 04:03:52.368731,9850
2025-05-20 04:03:53.015475,9851
2025-05-20 04:03:53.665968,9852
2025-05-20 04:03:54.319343,9853
2025-05-20 04:03:54.961862,9854
2025-05-20 04:03:55.616193,9855
2025-05-20 04:03:56.279927,9856
2025-05-20 04:03:56.915487,9857
2025-05-20 04:03:57.563909,9858
2025-05-20 04:03:58.227479,9859
2025-05-20 04:03:58.868259,9860
2025-05-20 04:03:59.520417,9861
2025-05-20 04:04:00.172191,9862
2025-05-20 04:04:00.836124,9863
2025-05-20 04:04:01.476993,9864
2025-05-20 04:04:02.138125,9865
2025-05-20 04:04:02.772471,9866
2025-05-20 04:04:03.439821,9867
2025-05-20 04:04:04.087870,9868
2025-05-20 04:04:04.728076,9869
2025-05-20 04:04:05.386234,9870
2025-05-20 04:04:06.032501,9871
2025-05-20 04:04:06.684653,9872
2025-05-20 04:04:07.339828,9873
2025-05-20 04:04:07.990306,9874
2025-05-20 04:04:08.652911,9875
2025-05-20 04:04:09.291317,9876
2025-05-20 04:04:09.940309,9877
2025-05-20 04:04:10.582942,9878
2025-05-20 04:04:11.239826,9879
2025-05-20 04:04:11.892492,9880
2025-05-20 04:04:12.538138,9881
2025-05-20 04:04:13.191105,9882
2025-05-20 04:04:13.840601,9883
2025-05-20 04:04:14.492049,9884
2025-05-20 04:04:15.150999,9885
2025-05-20 04:04:15.800564,9886
2025-05-20 04:04:16.447899,9887
2025-05-20 04:04:17.096281,9888
2025-05-20 04:04:17.756449,9889
2025-05-20 04:04:18.417925,9890
2025-05-20 04:04:19.067430,9891
2025-05-20 04:04:19.700158,9892
2025-05-20 04:04:20.371170,9893
2025-05-20 04:04:21.010408,9894
2025-05-20 04:04:21.668180,9895
2025-05-20 04:04:22.324067,9896
2025-05-20 04:04:22.955340,9897
2025-05-20 04:04:23.612427,9898
2025-05-20 04:04:24.261390,9899
2025-05-20 04:04:24.916195,9900
2025-05-20 04:04:25.562178,9901
2025-05-20 04:04:26.215670,9902
2025-05-20 04:04:26.871319,9903
2025-05-20 04:04:27.515077,9904
2025-05-20 04:04:28.184154,9905
2025-05-20 04:04:28.819334,9906
2025-05-20 04:04:29.468569,9907
2025-05-20 04:04:30.117532,9908
2025-05-20 04:04:30.768368,9909
2025-05-20 04:04:31.422051,9910
2025-05-20 04:04:32.074331,9911
2025-05-20 04:04:32.724471,9912
2025-05-20 04:04:33.372362,9913
2025-05-20 04:04:34.026685,9914
2025-05-20 04:04:34.693173,9915
2025-05-20 04:04:35.336482,9916
2025-05-20 04:04:35.979275,9917
2025-05-20 04:04:36.628317,9918
2025-05-20 04:04:37.285020,9919
2025-05-20 04:04:37.937348,9920
2025-05-20 04:04:38.595226,9921
2025-05-20 04:04:39.245121,9922
2025-05-20 04:04:39.900901,9923
2025-05-20 04:04:40.533755,9924
2025-05-20 04:04:41.197117,9925
2025-05-20 04:04:41.844433,9926
2025-05-20 04:04:42.492395,9927
2025-05-20 04:04:43.151329,9928
2025-05-20 04:04:43.799391,9929
2025-05-20 04:04:44.440387,9930
2025-05-20 04:04:45.095155,9931
2025-05-20 04:04:45.755260,9932
2025-05-20 04:04:46.399444,9933
2025-05-20 04:04:47.057451,9934
2025-05-20 04:04:47.700000,9935
2025-05-20 04:04:48.352465,9936
2025-05-20 04:04:48.997644,9937
2025-05-20 04:04:49.652705,9938
2025-05-20 04:04:50.319212,9939
2025-05-20 04:04:50.951822,9940
2025-05-20 04:04:51.604241,9941
2025-05-20 04:04:52.251963,9942
2025-05-20 04:04:52.922233,9943
2025-05-20 04:04:53.556570,9944
2025-05-20 04:04:54.218301,9945
2025-05-20 04:04:54.872919,9946
2025-05-20 04:04:55.514539,9947
2025-05-20 04:04:56.168427,9948
2025-05-20 04:04:56.813408,9949
2025-05-20 04:04:57.463888,9950
2025-05-20 04:04:58.113681,9951
2025-05-20 04:04:58.773505,9952
2025-05-20 04:04:59.424360,9953
2025-05-20 04:05:00.068672,9954
2025-05-20 04:05:00.721637,9955
2025-05-20 04:05:01.368201,9956
2025-05-20 04:05:02.032242,9957
2025-05-20 04:05:02.680630,9958
2025-05-20 04:05:03.334280,9959
2025-05-20 04:05:03.971842,9960
2025-05-20 04:05:04.628511,9961
2025-05-20 04:05:05.279779,9962
2025-05-20 04:05:05.938302,9963
2025-05-20 04:05:06.575518,9964
2025-05-20 04:05:07.227468,9965
2025-05-20 04:05:07.898284,9966
2025-05-20 04:05:08.532560,9967
2025-05-20 04:05:09.187936,9968
2025-05-20 04:05:09.839291,9969
2025-05-20 04:05:10.492682,9970
2025-05-20 04:05:11.136453,9971
2025-05-20 04:05:11.802091,9972
2025-05-20 04:05:12.450274,9973
2025-05-20 04:05:13.088871,9974
2025-05-20 04:05:13.740413,9975
2025-05-20 04:05:14.408310,9976
2025-05-20 04:05:15.043925,9977
2025-05-20 04:05:15.696750,9978
2025-05-20 04:05:16.344404,9979
2025-05-20 04:05:16.991878,9980
2025-05-20 04:05:17.658317,9981
2025-05-20 04:05:18.304092,9982
2025-05-20 04:05:18.956469,9983
2025-05-20 04:05:19.600481,9984
2025-05-20 04:05:20.248656,9985
2025-05-20 04:05:20.900412,9986
2025-05-20 04:05:21.559536,9987
2025-05-20 04:05:22.206800,9988
2025-05-20 04:05:22.855320,9989
2025-05-20 04:05:23.504517,9990
2025-05-20 04:05:24.163274,9991
2025-05-20 04:05:24.823440,9992
2025-05-20 04:05:25.460429,9993
2025-05-20 04:05:26.116370,9994
2025-05-20 04:05:26.767857,9995
2025-05-20 04:05:27.411842,9996
2025-05-20 04:05:28.069620,9997
2025-05-20 04:05:28.715624,9998
2025-05-20 04:05:29.368516,9999
2025-05-20 04:05:30.023873,10000
2025-05-20 04:05:30.679544,10001
