Time,Value
2025-05-20 09:57:05.512397,0
2025-05-20 09:57:06.012112,1
2025-05-20 09:57:06.512127,2
2025-05-20 09:57:07.012125,3
2025-05-20 09:57:07.512137,4
2025-05-20 09:57:08.012294,5
2025-05-20 09:57:08.512137,6
2025-05-20 09:57:09.012016,7
2025-05-20 09:57:09.511458,8
2025-05-20 09:57:10.012071,9
2025-05-20 09:57:10.511978,10
2025-05-20 09:57:11.011970,11
2025-05-20 09:57:11.512006,12
2025-05-20 09:57:12.012012,13
2025-05-20 09:57:12.511994,14
2025-05-20 09:57:13.011959,15
2025-05-20 09:57:13.511976,16
2025-05-20 09:57:14.011997,17
2025-05-20 09:57:14.511408,18
2025-05-20 09:57:15.012014,19
2025-05-20 09:57:15.511990,20
2025-05-20 09:57:16.011680,21
2025-05-20 09:57:16.511941,22
2025-05-20 09:57:17.011942,23
2025-05-20 09:57:17.511993,24
2025-05-20 09:57:18.011962,25
2025-05-20 09:57:18.511953,26
2025-05-20 09:57:19.011468,27
2025-05-20 09:57:19.511952,28
2025-05-20 09:57:20.011956,29
2025-05-20 09:57:20.511952,30
2025-05-20 09:57:21.011963,31
2025-05-20 09:57:21.512010,32
2025-05-20 09:57:22.012020,33
2025-05-20 09:57:22.511994,34
2025-05-20 09:57:23.011919,35
2025-05-20 09:57:23.512050,36
2025-05-20 09:57:24.011976,37
2025-05-20 09:57:24.511455,38
2025-05-20 09:57:25.011963,39
2025-05-20 09:57:25.512029,40
2025-05-20 09:57:26.011978,41
2025-05-20 09:57:26.511975,42
2025-05-20 09:57:27.011972,43
2025-05-20 09:57:27.511981,44
2025-05-20 09:57:28.011948,45
2025-05-20 09:57:28.512002,46
2025-05-20 09:57:29.011933,47
2025-05-20 09:57:29.512008,48
2025-05-20 09:57:30.011985,49
2025-05-20 09:57:30.511969,50
2025-05-20 09:57:31.011956,51
2025-05-20 09:57:31.511988,52
2025-05-20 09:57:32.011957,53
2025-05-20 09:57:32.511968,54
2025-05-20 09:57:33.011991,55
2025-05-20 09:57:33.512007,56
2025-05-20 09:57:34.011911,57
2025-05-20 09:57:34.511853,58
2025-05-20 09:57:35.011963,59
2025-05-20 09:57:35.511954,60
2025-05-20 09:57:36.011992,61
2025-05-20 09:57:36.511994,62
2025-05-20 09:57:37.012023,63
2025-05-20 09:57:37.511991,64
2025-05-20 09:57:38.011992,65
2025-05-20 09:57:38.511998,66
2025-05-20 09:57:39.011926,67
2025-05-20 09:57:39.511145,68
2025-05-20 09:57:40.011966,69
2025-05-20 09:57:40.511996,70
2025-05-20 09:57:41.011973,71
2025-05-20 09:57:41.511966,72
2025-05-20 09:57:42.012003,73
2025-05-20 09:57:42.511979,74
2025-05-20 09:57:43.011853,75
2025-05-20 09:57:43.511956,76
2025-05-20 09:57:44.011956,77
2025-05-20 09:57:44.511653,78
2025-05-20 09:57:45.011995,79
2025-05-20 09:57:45.512034,80
2025-05-20 09:57:46.012006,81
2025-05-20 09:57:46.512016,82
2025-05-20 09:57:47.012017,83
2025-05-20 09:57:47.512035,84
2025-05-20 09:57:48.011906,85
2025-05-20 09:57:48.512041,86
2025-05-20 09:57:49.011892,87
2025-05-20 09:57:49.511188,88
2025-05-20 09:57:50.012018,89
2025-05-20 09:57:50.512039,90
2025-05-20 09:57:51.012144,91
2025-05-20 09:57:51.512037,92
2025-05-20 09:57:52.011985,93
2025-05-20 09:57:52.512136,94
2025-05-20 09:57:53.011485,95
2025-05-20 09:57:53.511982,96
2025-05-20 09:57:54.011982,97
2025-05-20 09:57:54.511377,98
2025-05-20 09:57:55.012009,99
2025-05-20 09:57:55.512013,100
2025-05-20 09:57:56.012021,101
2025-05-20 09:57:56.512034,102
2025-05-20 09:57:57.012013,103
2025-05-20 09:57:57.512023,104
2025-05-20 09:57:58.011885,105
2025-05-20 09:57:58.512032,106
2025-05-20 09:57:59.011975,107
2025-05-20 09:57:59.511244,108
2025-05-20 09:58:00.012055,109
2025-05-20 09:58:00.511915,110
2025-05-20 09:58:01.012032,111
2025-05-20 09:58:01.512046,112
2025-05-20 09:58:02.011991,113
2025-05-20 09:58:02.511973,114
2025-05-20 09:58:03.012036,115
2025-05-20 09:58:03.512035,116
2025-05-20 09:58:04.012039,117
2025-05-20 09:58:04.511513,118
2025-05-20 09:58:05.011996,119
2025-05-20 09:58:05.511920,120
2025-05-20 09:58:06.011997,121
2025-05-20 09:58:06.512032,122
2025-05-20 09:58:07.011996,123
2025-05-20 09:58:07.512015,124
2025-05-20 09:58:08.011914,125
2025-05-20 09:58:08.512034,126
2025-05-20 09:58:09.011980,127
2025-05-20 09:58:09.511316,128
2025-05-20 09:58:10.011515,129
2025-05-20 09:58:10.511905,130
2025-05-20 09:58:11.011991,131
2025-05-20 09:58:11.511977,132
2025-05-20 09:58:12.012005,133
2025-05-20 09:58:12.511965,134
2025-05-20 09:58:13.011776,135
2025-05-20 09:58:13.511973,136
2025-05-20 09:58:14.012004,137
2025-05-20 09:58:14.511074,138
2025-05-20 09:58:15.011965,139
2025-05-20 09:58:15.512136,140
2025-05-20 09:58:16.011805,141
2025-05-20 09:58:16.512033,142
2025-05-20 09:58:17.012020,143
2025-05-20 09:58:17.512027,144
2025-05-20 09:58:18.011981,145
2025-05-20 09:58:18.512033,146
2025-05-20 09:58:19.012024,147
2025-05-20 09:58:19.511525,148
2025-05-20 09:58:20.011998,149
2025-05-20 09:58:20.511993,150
2025-05-20 09:58:21.012127,151
2025-05-20 09:58:21.511989,152
2025-05-20 09:58:22.012023,153
2025-05-20 09:58:22.512022,154
2025-05-20 09:58:23.011842,155
2025-05-20 09:58:23.512024,156
2025-05-20 09:58:24.011979,157
2025-05-20 09:58:24.511505,158
2025-05-20 09:58:25.011987,159
2025-05-20 09:58:25.512034,160
2025-05-20 09:58:26.011997,161
2025-05-20 09:58:26.512013,162
2025-05-20 09:58:27.012015,163
2025-05-20 09:58:27.512021,164
2025-05-20 09:58:28.012022,165
2025-05-20 09:58:28.512138,166
2025-05-20 09:58:29.012007,167
2025-05-20 09:58:29.511471,168
2025-05-20 09:58:30.012009,169
2025-05-20 09:58:30.512003,170
2025-05-20 09:58:31.011994,171
2025-05-20 09:58:31.511989,172
2025-05-20 09:58:32.012021,173
2025-05-20 09:58:32.511975,174
2025-05-20 09:58:33.012022,175
2025-05-20 09:58:33.512007,176
2025-05-20 09:58:34.011972,177
2025-05-20 09:58:34.511635,178
2025-05-20 09:58:35.011942,179
2025-05-20 09:58:35.511999,180
2025-05-20 09:58:36.012039,181
2025-05-20 09:58:36.511989,182
2025-05-20 09:58:37.012126,183
2025-05-20 09:58:37.511984,184
2025-05-20 09:58:38.011938,185
2025-05-20 09:58:38.512018,186
2025-05-20 09:58:39.011989,187
2025-05-20 09:58:39.511563,188
2025-05-20 09:58:40.012134,189
2025-05-20 09:58:40.511925,190
2025-05-20 09:58:41.011973,191
2025-05-20 09:58:41.511967,192
2025-05-20 09:58:42.012025,193
2025-05-20 09:58:42.511936,194
2025-05-20 09:58:43.011890,195
2025-05-20 09:58:43.511984,196
2025-05-20 09:58:44.012054,197
2025-05-20 09:58:44.511485,198
2025-05-20 09:58:45.012319,199
2025-05-20 09:58:45.512031,200
2025-05-20 09:58:46.011997,201
2025-05-20 09:58:46.511995,202
2025-05-20 09:58:47.011840,203
2025-05-20 09:58:47.512023,204
2025-05-20 09:58:48.011950,205
2025-05-20 09:58:48.512031,206
2025-05-20 09:58:49.012019,207
2025-05-20 09:58:49.511155,208
2025-05-20 09:58:50.012011,209
2025-05-20 09:58:50.512024,210
2025-05-20 09:58:51.011990,211
2025-05-20 09:58:51.512025,212
2025-05-20 09:58:52.012015,213
2025-05-20 09:58:52.512018,214
2025-05-20 09:58:53.011828,215
2025-05-20 09:58:53.512029,216
2025-05-20 09:58:54.011969,217
2025-05-20 09:58:54.511521,218
2025-05-20 09:58:55.012000,219
2025-05-20 09:58:55.512124,220
2025-05-20 09:58:56.012022,221
2025-05-20 09:58:56.512010,222
2025-05-20 09:58:57.011993,223
2025-05-20 09:58:57.512021,224
2025-05-20 09:58:58.011828,225
2025-05-20 09:58:58.512125,226
2025-05-20 09:58:59.012002,227
2025-05-20 09:58:59.511682,228
2025-05-20 09:59:00.012047,229
2025-05-20 09:59:00.512034,230
2025-05-20 09:59:01.012002,231
2025-05-20 09:59:01.512045,232
2025-05-20 09:59:02.012027,233
2025-05-20 09:59:02.512013,234
2025-05-20 09:59:03.011860,235
2025-05-20 09:59:03.511973,236
2025-05-20 09:59:04.011987,237
2025-05-20 09:59:04.511583,238
2025-05-20 09:59:05.011995,239
2025-05-20 09:59:05.511989,240
2025-05-20 09:59:06.011987,241
2025-05-20 09:59:06.511993,242
2025-05-20 09:59:07.012252,243
2025-05-20 09:59:07.512103,244
2025-05-20 09:59:08.011892,245
2025-05-20 09:59:08.511979,246
2025-05-20 09:59:09.011991,247
2025-05-20 09:59:09.511282,248
2025-05-20 09:59:10.011522,249
2025-05-20 09:59:10.512059,250
2025-05-20 09:59:11.012040,251
2025-05-20 09:59:11.512056,252
2025-05-20 09:59:12.012036,253
2025-05-20 09:59:12.512039,254
2025-05-20 09:59:13.012070,255
2025-05-20 09:59:13.512077,256
2025-05-20 09:59:14.011988,257
2025-05-20 09:59:14.511438,258
2025-05-20 09:59:15.012078,259
2025-05-20 09:59:15.512006,260
2025-05-20 09:59:16.011807,261
2025-05-20 09:59:16.512017,262
2025-05-20 09:59:17.012019,263
2025-05-20 09:59:17.511960,264
2025-05-20 09:59:18.012001,265
2025-05-20 09:59:18.512016,266
2025-05-20 09:59:19.012021,267
2025-05-20 09:59:19.511905,268
2025-05-20 09:59:20.012048,269
2025-05-20 09:59:20.512023,270
2025-05-20 09:59:21.011951,271
2025-05-20 09:59:21.511952,272
2025-05-20 09:59:22.011943,273
2025-05-20 09:59:22.512034,274
2025-05-20 09:59:23.012116,275
2025-05-20 09:59:23.511998,276
2025-05-20 09:59:24.012005,277
2025-05-20 09:59:24.511109,278
2025-05-20 09:59:25.011911,279
2025-05-20 09:59:25.511912,280
2025-05-20 09:59:26.012041,281
2025-05-20 09:59:26.512001,282
2025-05-20 09:59:27.012105,283
2025-05-20 09:59:27.511998,284
2025-05-20 09:59:28.011751,285
2025-05-20 09:59:28.511893,286
2025-05-20 09:59:29.011982,287
2025-05-20 09:59:29.511542,288
2025-05-20 09:59:30.012028,289
2025-05-20 09:59:30.512018,290
2025-05-20 09:59:31.012009,291
2025-05-20 09:59:31.512047,292
2025-05-20 09:59:32.012002,293
2025-05-20 09:59:32.512031,294
2025-05-20 09:59:33.012033,295
2025-05-20 09:59:33.512023,296
2025-05-20 09:59:34.012018,297
2025-05-20 09:59:34.511555,298
2025-05-20 09:59:35.012038,299
2025-05-20 09:59:35.511969,300
2025-05-20 09:59:36.011969,301
2025-05-20 09:59:36.511962,302
2025-05-20 09:59:37.012033,303
2025-05-20 09:59:37.512122,304
2025-05-20 09:59:38.011991,305
2025-05-20 09:59:38.512046,306
2025-05-20 09:59:39.012151,307
2025-05-20 09:59:39.511137,308
2025-05-20 09:59:40.012090,309
2025-05-20 09:59:40.512191,310
2025-05-20 09:59:41.012065,311
2025-05-20 09:59:41.512112,312
2025-05-20 09:59:42.012042,313
2025-05-20 09:59:42.512088,314
2025-05-20 09:59:43.012101,315
2025-05-20 09:59:43.512091,316
2025-05-20 09:59:44.012079,317
2025-05-20 09:59:44.511312,318
2025-05-20 09:59:45.012095,319
2025-05-20 09:59:45.511959,320
2025-05-20 09:59:46.011971,321
2025-05-20 09:59:46.511952,322
2025-05-20 09:59:47.011951,323
2025-05-20 09:59:47.511995,324
2025-05-20 09:59:48.011989,325
2025-05-20 09:59:48.512031,326
2025-05-20 09:59:49.012011,327
2025-05-20 09:59:49.511996,328
2025-05-20 09:59:50.012029,329
2025-05-20 09:59:50.511958,330
2025-05-20 09:59:51.011901,331
2025-05-20 09:59:51.512014,332
2025-05-20 09:59:52.011936,333
2025-05-20 09:59:52.512010,334
2025-05-20 09:59:53.012041,335
2025-05-20 09:59:53.511944,336
2025-05-20 09:59:54.011979,337
2025-05-20 09:59:54.511236,338
2025-05-20 09:59:55.012200,339
2025-05-20 09:59:55.511998,340
2025-05-20 09:59:56.011995,341
2025-05-20 09:59:56.512012,342
2025-05-20 09:59:57.012022,343
2025-05-20 09:59:57.512006,344
2025-05-20 09:59:58.012036,345
2025-05-20 09:59:58.511992,346
2025-05-20 09:59:59.011999,347
2025-05-20 09:59:59.512077,348
2025-05-20 10:00:00.012047,349
2025-05-20 10:00:00.511957,350
2025-05-20 10:00:01.011938,351
2025-05-20 10:00:01.511855,352
2025-05-20 10:00:02.011835,353
2025-05-20 10:00:02.511978,354
2025-05-20 10:00:03.011923,355
2025-05-20 10:00:03.511969,356
2025-05-20 10:00:04.011937,357
2025-05-20 10:00:04.511183,358
2025-05-20 10:00:05.011959,359
2025-05-20 10:00:05.511974,360
2025-05-20 10:00:06.011972,361
2025-05-20 10:00:06.511933,362
2025-05-20 10:00:07.011919,363
2025-05-20 10:00:07.512127,364
2025-05-20 10:00:08.012012,365
2025-05-20 10:00:08.511994,366
2025-05-20 10:00:09.012172,367
2025-05-20 10:00:09.511549,368
2025-05-20 10:00:10.011867,369
2025-05-20 10:00:10.512021,370
2025-05-20 10:00:11.011938,371
2025-05-20 10:00:11.512003,372
2025-05-20 10:00:12.011997,373
2025-05-20 10:00:12.511935,374
2025-05-20 10:00:13.011989,375
2025-05-20 10:00:13.511974,376
2025-05-20 10:00:14.011948,377
2025-05-20 10:00:14.511362,378
2025-05-20 10:00:15.012014,379
2025-05-20 10:00:15.511984,380
2025-05-20 10:00:16.011749,381
2025-05-20 10:00:16.511889,382
2025-05-20 10:00:17.012003,383
2025-05-20 10:00:17.512006,384
2025-05-20 10:00:18.011933,385
2025-05-20 10:00:18.511898,386
2025-05-20 10:00:19.011903,387
2025-05-20 10:00:19.511276,388
2025-05-20 10:00:20.012110,389
2025-05-20 10:00:20.512162,390
2025-05-20 10:00:21.011948,391
2025-05-20 10:00:21.511936,392
2025-05-20 10:00:22.012017,393
2025-05-20 10:00:22.512009,394
2025-05-20 10:00:23.012027,395
2025-05-20 10:00:23.511991,396
2025-05-20 10:00:24.012020,397
2025-05-20 10:00:24.511107,398
2025-05-20 10:00:25.012001,399
2025-05-20 10:00:25.512018,400
2025-05-20 10:00:26.011957,401
2025-05-20 10:00:26.512026,402
2025-05-20 10:00:27.011998,403
2025-05-20 10:00:27.511985,404
2025-05-20 10:00:28.012038,405
2025-05-20 10:00:28.512026,406
2025-05-20 10:00:29.012024,407
2025-05-20 10:00:29.511803,408
2025-05-20 10:00:30.012022,409
2025-05-20 10:00:30.512020,410
2025-05-20 10:00:31.012034,411
2025-05-20 10:00:31.512012,412
2025-05-20 10:00:32.011938,413
2025-05-20 10:00:32.512130,414
2025-05-20 10:00:33.012117,415
2025-05-20 10:00:33.511966,416
2025-05-20 10:00:34.012005,417
2025-05-20 10:00:34.511202,418
2025-05-20 10:00:35.012079,419
2025-05-20 10:00:35.512144,420
2025-05-20 10:00:36.012052,421
2025-05-20 10:00:36.511991,422
2025-05-20 10:00:37.012165,423
2025-05-20 10:00:37.512013,424
2025-05-20 10:00:38.012000,425
2025-05-20 10:00:38.512022,426
2025-05-20 10:00:39.012026,427
2025-05-20 10:00:39.511217,428
2025-05-20 10:00:40.012012,429
2025-05-20 10:00:40.511978,430
2025-05-20 10:00:41.012017,431
2025-05-20 10:00:41.512003,432
2025-05-20 10:00:42.012011,433
2025-05-20 10:00:42.512048,434
2025-05-20 10:00:43.012034,435
2025-05-20 10:00:43.512029,436
2025-05-20 10:00:44.012023,437
2025-05-20 10:00:44.512065,438
2025-05-20 10:00:45.012070,439
2025-05-20 10:00:45.512023,440
2025-05-20 10:00:46.011993,441
2025-05-20 10:00:46.512031,442
2025-05-20 10:00:47.012031,443
2025-05-20 10:00:47.511907,444
2025-05-20 10:00:48.012021,445
2025-05-20 10:00:48.512009,446
2025-05-20 10:00:49.012020,447
2025-05-20 10:00:49.511155,448
2025-05-20 10:00:50.012036,449
2025-05-20 10:00:50.511987,450
2025-05-20 10:00:51.011986,451
2025-05-20 10:00:51.512032,452
2025-05-20 10:00:52.012029,453
2025-05-20 10:00:52.512051,454
2025-05-20 10:00:53.012041,455
2025-05-20 10:00:53.511890,456
2025-05-20 10:00:54.012045,457
2025-05-20 10:00:54.511094,458
2025-05-20 10:00:55.011910,459
2025-05-20 10:00:55.511920,460
2025-05-20 10:00:56.011996,461
2025-05-20 10:00:56.511874,462
2025-05-20 10:00:57.011943,463
2025-05-20 10:00:57.511970,464
2025-05-20 10:00:58.011997,465
2025-05-20 10:00:58.511981,466
2025-05-20 10:00:59.011952,467
2025-05-20 10:00:59.511226,468
2025-05-20 10:01:00.011983,469
2025-05-20 10:01:00.511899,470
2025-05-20 10:01:01.011981,471
2025-05-20 10:01:01.511935,472
2025-05-20 10:01:02.011988,473
2025-05-20 10:01:02.511991,474
2025-05-20 10:01:03.011905,475
2025-05-20 10:01:03.511980,476
2025-05-20 10:01:04.011976,477
2025-05-20 10:01:04.511058,478
2025-05-20 10:01:05.011964,479
2025-05-20 10:01:05.511905,480
2025-05-20 10:01:06.011985,481
2025-05-20 10:01:06.511910,482
2025-05-20 10:01:07.011946,483
2025-05-20 10:01:07.512000,484
2025-05-20 10:01:08.011988,485
2025-05-20 10:01:08.512093,486
2025-05-20 10:01:09.012103,487
2025-05-20 10:01:09.511221,488
2025-05-20 10:01:10.011460,489
2025-05-20 10:01:10.512115,490
2025-05-20 10:01:11.012135,491
2025-05-20 10:01:11.512193,492
2025-05-20 10:01:12.011978,493
2025-05-20 10:01:12.512066,494
2025-05-20 10:01:13.012019,495
2025-05-20 10:01:13.511993,496
2025-05-20 10:01:14.011953,497
2025-05-20 10:01:14.511117,498
2025-05-20 10:01:15.011992,499
2025-05-20 10:01:15.511993,500
2025-05-20 10:01:16.011626,501
2025-05-20 10:01:16.512014,502
2025-05-20 10:01:17.012012,503
2025-05-20 10:01:17.511994,504
2025-05-20 10:01:18.011987,505
2025-05-20 10:01:18.512012,506
2025-05-20 10:01:19.012025,507
2025-05-20 10:01:19.511189,508
2025-05-20 10:01:20.012121,509
2025-05-20 10:01:20.512006,510
2025-05-20 10:01:21.012000,511
2025-05-20 10:01:21.512194,512
2025-05-20 10:01:22.012129,513
2025-05-20 10:01:22.512081,514
2025-05-20 10:01:23.012173,515
2025-05-20 10:01:23.512182,516
2025-05-20 10:01:24.011891,517
2025-05-20 10:01:24.511124,518
2025-05-20 10:01:25.011887,519
2025-05-20 10:01:25.512019,520
2025-05-20 10:01:26.011979,521
2025-05-20 10:01:26.511975,522
2025-05-20 10:01:27.012000,523
2025-05-20 10:01:27.511909,524
2025-05-20 10:01:28.011812,525
2025-05-20 10:01:28.512012,526
2025-05-20 10:01:29.012017,527
2025-05-20 10:01:29.511151,528
2025-05-20 10:01:30.011980,529
2025-05-20 10:01:30.512120,530
2025-05-20 10:01:31.012089,531
2025-05-20 10:01:31.512027,532
2025-05-20 10:01:32.011892,533
2025-05-20 10:01:32.512010,534
2025-05-20 10:01:33.011977,535
2025-05-20 10:01:33.511940,536
2025-05-20 10:01:34.011917,537
2025-05-20 10:01:34.511120,538
2025-05-20 10:01:35.011913,539
2025-05-20 10:01:35.511975,540
2025-05-20 10:01:36.011965,541
2025-05-20 10:01:36.511908,542
2025-05-20 10:01:37.011951,543
2025-05-20 10:01:37.511915,544
2025-05-20 10:01:38.011954,545
2025-05-20 10:01:38.511936,546
2025-05-20 10:01:39.011986,547
2025-05-20 10:01:39.511155,548
2025-05-20 10:01:40.011934,549
2025-05-20 10:01:40.511910,550
2025-05-20 10:01:41.012026,551
2025-05-20 10:01:41.512010,552
2025-05-20 10:01:42.011996,553
2025-05-20 10:01:42.512040,554
2025-05-20 10:01:43.011977,555
2025-05-20 10:01:43.511966,556
2025-05-20 10:01:44.012009,557
2025-05-20 10:01:44.511620,558
2025-05-20 10:01:45.012014,559
2025-05-20 10:01:45.511986,560
2025-05-20 10:01:46.011997,561
2025-05-20 10:01:46.511878,562
2025-05-20 10:01:47.011863,563
2025-05-20 10:01:47.512002,564
2025-05-20 10:01:48.011955,565
2025-05-20 10:01:48.512001,566
2025-05-20 10:01:49.011977,567
2025-05-20 10:01:49.511019,568
2025-05-20 10:01:50.012011,569
2025-05-20 10:01:50.511990,570
2025-05-20 10:01:51.012020,571
2025-05-20 10:01:51.512014,572
2025-05-20 10:01:52.012016,573
2025-05-20 10:01:52.512012,574
2025-05-20 10:01:53.011983,575
2025-05-20 10:01:53.511976,576
2025-05-20 10:01:54.011961,577
2025-05-20 10:01:54.511075,578
2025-05-20 10:01:55.011968,579
2025-05-20 10:01:55.511998,580
2025-05-20 10:01:56.012004,581
2025-05-20 10:01:56.511997,582
2025-05-20 10:01:57.012013,583
2025-05-20 10:01:57.511984,584
2025-05-20 10:01:58.012017,585
2025-05-20 10:01:58.511908,586
2025-05-20 10:01:59.011987,587
2025-05-20 10:01:59.511208,588
2025-05-20 10:02:00.012081,589
2025-05-20 10:02:00.511997,590
2025-05-20 10:02:01.011945,591
2025-05-20 10:02:01.511971,592
2025-05-20 10:02:02.012017,593
2025-05-20 10:02:02.511984,594
2025-05-20 10:02:03.012020,595
2025-05-20 10:02:03.512033,596
2025-05-20 10:02:04.011995,597
2025-05-20 10:02:04.511149,598
2025-05-20 10:02:05.012007,599
2025-05-20 10:02:05.511982,600
2025-05-20 10:02:06.011972,601
2025-05-20 10:02:06.511976,602
2025-05-20 10:02:07.012028,603
2025-05-20 10:02:07.512015,604
2025-05-20 10:02:08.012145,605
2025-05-20 10:02:08.511999,606
2025-05-20 10:02:09.012032,607
2025-05-20 10:02:09.511161,608
2025-05-20 10:02:10.011874,609
2025-05-20 10:02:10.512202,610
2025-05-20 10:02:11.012020,611
2025-05-20 10:02:11.511934,612
2025-05-20 10:02:12.011990,613
2025-05-20 10:02:12.511955,614
2025-05-20 10:02:13.011959,615
2025-05-20 10:02:13.512006,616
2025-05-20 10:02:14.011980,617
2025-05-20 10:02:14.511224,618
2025-05-20 10:02:15.011996,619
2025-05-20 10:02:15.512009,620
2025-05-20 10:02:16.012015,621
2025-05-20 10:02:16.511977,622
2025-05-20 10:02:17.012008,623
2025-05-20 10:02:17.511987,624
2025-05-20 10:02:18.011980,625
2025-05-20 10:02:18.512012,626
2025-05-20 10:02:19.011923,627
2025-05-20 10:02:19.511156,628
2025-05-20 10:02:20.012016,629
2025-05-20 10:02:20.512017,630
2025-05-20 10:02:21.012017,631
2025-05-20 10:02:21.512048,632
2025-05-20 10:02:22.011987,633
2025-05-20 10:02:22.511979,634
2025-05-20 10:02:23.011919,635
2025-05-20 10:02:23.512000,636
2025-05-20 10:02:24.012019,637
2025-05-20 10:02:24.511054,638
2025-05-20 10:02:25.011604,639
2025-05-20 10:02:25.511879,640
2025-05-20 10:02:26.011902,641
2025-05-20 10:02:26.511932,642
2025-05-20 10:02:27.012045,643
2025-05-20 10:02:27.511946,644
2025-05-20 10:02:28.011525,645
2025-05-20 10:02:28.511943,646
2025-05-20 10:02:29.011921,647
2025-05-20 10:02:29.511264,648
2025-05-20 10:02:30.012124,649
2025-05-20 10:02:30.511982,650
2025-05-20 10:02:31.011935,651
2025-05-20 10:02:31.511982,652
2025-05-20 10:02:32.012024,653
2025-05-20 10:02:32.512005,654
2025-05-20 10:02:33.012002,655
2025-05-20 10:02:33.512031,656
2025-05-20 10:02:34.011904,657
2025-05-20 10:02:34.511183,658
2025-05-20 10:02:35.011974,659
2025-05-20 10:02:35.511936,660
2025-05-20 10:02:36.011990,661
2025-05-20 10:02:36.512000,662
2025-05-20 10:02:37.012000,663
2025-05-20 10:02:37.512002,664
2025-05-20 10:02:38.011890,665
2025-05-20 10:02:38.511947,666
2025-05-20 10:02:39.011980,667
2025-05-20 10:02:39.511207,668
2025-05-20 10:02:40.011928,669
2025-05-20 10:02:40.511917,670
2025-05-20 10:02:41.011941,671
2025-05-20 10:02:41.511933,672
2025-05-20 10:02:42.011949,673
2025-05-20 10:02:42.512048,674
2025-05-20 10:02:43.011938,675
2025-05-20 10:02:43.511934,676
2025-05-20 10:02:44.011937,677
2025-05-20 10:02:44.511149,678
2025-05-20 10:02:45.012013,679
2025-05-20 10:02:45.511975,680
2025-05-20 10:02:46.012009,681
2025-05-20 10:02:46.512004,682
2025-05-20 10:02:47.011911,683
2025-05-20 10:02:47.512010,684
2025-05-20 10:02:48.011943,685
2025-05-20 10:02:48.511931,686
2025-05-20 10:02:49.012003,687
2025-05-20 10:02:49.511096,688
2025-05-20 10:02:50.011988,689
2025-05-20 10:02:50.511989,690
2025-05-20 10:02:51.012018,691
2025-05-20 10:02:51.511868,692
2025-05-20 10:02:52.011988,693
2025-05-20 10:02:52.512030,694
2025-05-20 10:02:53.012024,695
2025-05-20 10:02:53.512005,696
2025-05-20 10:02:54.012010,697
2025-05-20 10:02:54.511214,698
2025-05-20 10:02:55.012091,699
2025-05-20 10:02:55.512108,700
2025-05-20 10:02:56.012053,701
2025-05-20 10:02:56.512081,702
2025-05-20 10:02:57.012044,703
2025-05-20 10:02:57.512061,704
2025-05-20 10:02:58.012097,705
2025-05-20 10:02:58.512050,706
2025-05-20 10:02:59.012042,707
2025-05-20 10:02:59.511145,708
2025-05-20 10:03:00.012089,709
2025-05-20 10:03:00.512058,710
2025-05-20 10:03:01.012051,711
2025-05-20 10:03:01.512002,712
2025-05-20 10:03:02.012024,713
2025-05-20 10:03:02.512021,714
2025-05-20 10:03:03.012035,715
2025-05-20 10:03:03.512078,716
2025-05-20 10:03:04.012042,717
2025-05-20 10:03:04.511172,718
2025-05-20 10:03:05.011984,719
2025-05-20 10:03:05.511869,720
2025-05-20 10:03:06.011973,721
2025-05-20 10:03:06.512044,722
2025-05-20 10:03:07.012056,723
2025-05-20 10:03:07.512049,724
2025-05-20 10:03:08.012205,725
2025-05-20 10:03:08.512085,726
2025-05-20 10:03:09.012052,727
2025-05-20 10:03:09.511154,728
2025-05-20 10:03:10.011955,729
2025-05-20 10:03:10.512137,730
2025-05-20 10:03:11.012098,731
2025-05-20 10:03:11.512022,732
2025-05-20 10:03:12.012066,733
2025-05-20 10:03:12.512038,734
2025-05-20 10:03:13.012033,735
2025-05-20 10:03:13.512034,736
2025-05-20 10:03:14.012111,737
2025-05-20 10:03:14.511185,738
2025-05-20 10:03:15.012080,739
2025-05-20 10:03:15.512078,740
2025-05-20 10:03:16.011836,741
2025-05-20 10:03:16.511989,742
2025-05-20 10:03:17.012071,743
2025-05-20 10:03:17.512065,744
2025-05-20 10:03:18.012058,745
2025-05-20 10:03:18.512091,746
2025-05-20 10:03:19.012116,747
2025-05-20 10:03:19.511109,748
2025-05-20 10:03:20.011937,749
2025-05-20 10:03:20.511958,750
2025-05-20 10:03:21.011991,751
2025-05-20 10:03:21.511958,752
2025-05-20 10:03:22.011962,753
2025-05-20 10:03:22.511942,754
2025-05-20 10:03:23.011975,755
2025-05-20 10:03:23.511955,756
2025-05-20 10:03:24.011932,757
2025-05-20 10:03:24.511088,758
2025-05-20 10:03:25.011949,759
2025-05-20 10:03:25.512019,760
2025-05-20 10:03:26.011991,761
2025-05-20 10:03:26.511989,762
2025-05-20 10:03:27.012016,763
2025-05-20 10:03:27.511927,764
2025-05-20 10:03:28.011825,765
2025-05-20 10:03:28.511948,766
2025-05-20 10:03:29.011950,767
2025-05-20 10:03:29.511132,768
2025-05-20 10:03:30.012031,769
2025-05-20 10:03:30.511977,770
2025-05-20 10:03:31.012003,771
2025-05-20 10:03:31.511928,772
2025-05-20 10:03:32.011996,773
2025-05-20 10:03:32.511980,774
2025-05-20 10:03:33.011999,775
2025-05-20 10:03:33.511927,776
2025-05-20 10:03:34.012008,777
2025-05-20 10:03:34.511228,778
2025-05-20 10:03:35.011903,779
2025-05-20 10:03:35.511865,780
2025-05-20 10:03:36.011933,781
2025-05-20 10:03:36.511863,782
2025-05-20 10:03:37.011952,783
2025-05-20 10:03:37.511844,784
2025-05-20 10:03:38.011910,785
2025-05-20 10:03:38.511936,786
2025-05-20 10:03:39.011957,787
2025-05-20 10:03:39.511226,788
2025-05-20 10:03:40.012075,789
2025-05-20 10:03:40.512074,790
2025-05-20 10:03:41.012089,791
2025-05-20 10:03:41.512255,792
2025-05-20 10:03:42.012091,793
2025-05-20 10:03:42.512086,794
2025-05-20 10:03:43.012065,795
2025-05-20 10:03:43.512092,796
2025-05-20 10:03:44.012070,797
2025-05-20 10:03:44.511118,798
2025-05-20 10:03:45.011952,799
2025-05-20 10:03:45.511952,800
2025-05-20 10:03:46.011983,801
2025-05-20 10:03:46.511966,802
2025-05-20 10:03:47.011940,803
2025-05-20 10:03:47.511948,804
2025-05-20 10:03:48.011974,805
2025-05-20 10:03:48.511954,806
2025-05-20 10:03:49.011875,807
2025-05-20 10:03:49.511115,808
2025-05-20 10:03:50.011916,809
2025-05-20 10:03:50.511953,810
2025-05-20 10:03:51.012021,811
2025-05-20 10:03:51.511943,812
2025-05-20 10:03:52.012012,813
2025-05-20 10:03:52.511905,814
2025-05-20 10:03:53.011964,815
2025-05-20 10:03:53.511964,816
2025-05-20 10:03:54.011977,817
2025-05-20 10:03:54.511184,818
2025-05-20 10:03:55.012031,819
2025-05-20 10:03:55.512008,820
2025-05-20 10:03:56.011996,821
2025-05-20 10:03:56.512018,822
2025-05-20 10:03:57.011933,823
2025-05-20 10:03:57.511996,824
2025-05-20 10:03:58.012009,825
2025-05-20 10:03:58.511988,826
2025-05-20 10:03:59.012016,827
2025-05-20 10:03:59.511144,828
2025-05-20 10:04:00.012007,829
2025-05-20 10:04:00.511947,830
2025-05-20 10:04:01.012005,831
2025-05-20 10:04:01.511978,832
2025-05-20 10:04:02.011960,833
2025-05-20 10:04:02.511955,834
2025-05-20 10:04:03.011957,835
2025-05-20 10:04:03.511944,836
2025-05-20 10:04:04.011939,837
2025-05-20 10:04:04.511136,838
2025-05-20 10:04:05.012073,839
2025-05-20 10:04:05.512086,840
2025-05-20 10:04:06.012106,841
2025-05-20 10:04:06.512098,842
2025-05-20 10:04:07.012092,843
2025-05-20 10:04:07.512100,844
2025-05-20 10:04:08.012071,845
2025-05-20 10:04:08.512073,846
2025-05-20 10:04:09.012075,847
2025-05-20 10:04:09.511171,848
2025-05-20 10:04:10.011183,849
2025-05-20 10:04:10.512075,850
2025-05-20 10:04:11.012093,851
2025-05-20 10:04:11.512071,852
2025-05-20 10:04:12.012089,853
2025-05-20 10:04:12.512029,854
2025-05-20 10:04:13.012111,855
2025-05-20 10:04:13.512019,856
2025-05-20 10:04:14.012087,857
2025-05-20 10:04:14.511248,858
2025-05-20 10:04:15.011949,859
2025-05-20 10:04:15.511881,860
2025-05-20 10:04:16.011793,861
2025-05-20 10:04:16.511995,862
2025-05-20 10:04:17.012022,863
2025-05-20 10:04:17.511962,864
2025-05-20 10:04:18.011912,865
2025-05-20 10:04:18.511951,866
2025-05-20 10:04:19.012042,867
2025-05-20 10:04:19.511132,868
2025-05-20 10:04:20.011995,869
2025-05-20 10:04:20.511973,870
2025-05-20 10:04:21.011981,871
2025-05-20 10:04:21.512020,872
2025-05-20 10:04:22.011990,873
2025-05-20 10:04:22.512003,874
2025-05-20 10:04:23.012001,875
2025-05-20 10:04:23.511928,876
2025-05-20 10:04:24.012009,877
2025-05-20 10:04:24.511211,878
2025-05-20 10:04:25.012158,879
2025-05-20 10:04:25.512003,880
2025-05-20 10:04:26.011972,881
2025-05-20 10:04:26.511987,882
2025-05-20 10:04:27.011989,883
2025-05-20 10:04:27.512001,884
2025-05-20 10:04:28.011822,885
2025-05-20 10:04:28.511966,886
2025-05-20 10:04:29.011994,887
2025-05-20 10:04:29.511237,888
2025-05-20 10:04:30.012013,889
2025-05-20 10:04:30.511996,890
2025-05-20 10:04:31.011994,891
2025-05-20 10:04:31.512018,892
2025-05-20 10:04:32.011967,893
2025-05-20 10:04:32.512109,894
2025-05-20 10:04:33.012119,895
2025-05-20 10:04:33.512017,896
2025-05-20 10:04:34.011998,897
2025-05-20 10:04:34.511119,898
2025-05-20 10:04:35.011974,899
2025-05-20 10:04:35.511963,900
2025-05-20 10:04:36.011985,901
2025-05-20 10:04:36.511965,902
2025-05-20 10:04:37.012003,903
2025-05-20 10:04:37.512007,904
2025-05-20 10:04:38.012012,905
2025-05-20 10:04:38.511998,906
2025-05-20 10:04:39.012007,907
2025-05-20 10:04:39.511159,908
2025-05-20 10:04:40.012151,909
2025-05-20 10:04:40.511988,910
2025-05-20 10:04:41.011980,911
2025-05-20 10:04:41.511995,912
2025-05-20 10:04:42.011992,913
2025-05-20 10:04:42.511999,914
2025-05-20 10:04:43.011981,915
2025-05-20 10:04:43.511998,916
2025-05-20 10:04:44.011995,917
2025-05-20 10:04:44.511085,918
2025-05-20 10:04:45.012163,919
2025-05-20 10:04:45.512025,920
2025-05-20 10:04:46.012003,921
2025-05-20 10:04:46.511939,922
2025-05-20 10:04:47.011979,923
2025-05-20 10:04:47.511994,924
2025-05-20 10:04:48.011955,925
2025-05-20 10:04:48.512004,926
2025-05-20 10:04:49.012014,927
2025-05-20 10:04:49.511167,928
2025-05-20 10:04:50.012002,929
2025-05-20 10:04:50.511981,930
2025-05-20 10:04:51.011999,931
2025-05-20 10:04:51.511997,932
2025-05-20 10:04:52.012018,933
2025-05-20 10:04:52.512023,934
2025-05-20 10:04:53.011243,935
2025-05-20 10:04:53.511992,936
2025-05-20 10:04:54.012009,937
2025-05-20 10:04:54.511218,938
2025-05-20 10:04:55.012039,939
2025-05-20 10:04:55.512024,940
2025-05-20 10:04:56.011994,941
2025-05-20 10:04:56.512109,942
2025-05-20 10:04:57.011995,943
2025-05-20 10:04:57.511997,944
2025-05-20 10:04:58.011993,945
2025-05-20 10:04:58.511972,946
2025-05-20 10:04:59.011984,947
2025-05-20 10:04:59.511120,948
2025-05-20 10:05:00.011954,949
2025-05-20 10:05:00.512028,950
2025-05-20 10:05:01.012017,951
2025-05-20 10:05:01.512083,952
2025-05-20 10:05:02.011983,953
2025-05-20 10:05:02.512007,954
2025-05-20 10:05:03.012018,955
2025-05-20 10:05:03.511977,956
2025-05-20 10:05:04.011994,957
2025-05-20 10:05:04.511221,958
2025-05-20 10:05:05.011978,959
2025-05-20 10:05:05.511949,960
2025-05-20 10:05:06.011993,961
2025-05-20 10:05:06.511990,962
2025-05-20 10:05:07.011997,963
2025-05-20 10:05:07.512014,964
2025-05-20 10:05:08.011963,965
2025-05-20 10:05:08.511900,966
2025-05-20 10:05:09.011896,967
2025-05-20 10:05:09.511098,968
2025-05-20 10:05:10.011163,969
2025-05-20 10:05:10.512110,970
2025-05-20 10:05:11.012104,971
2025-05-20 10:05:11.512047,972
2025-05-20 10:05:12.012050,973
2025-05-20 10:05:12.512010,974
2025-05-20 10:05:13.012044,975
2025-05-20 10:05:13.512025,976
2025-05-20 10:05:14.012026,977
2025-05-20 10:05:14.511118,978
2025-05-20 10:05:15.012045,979
2025-05-20 10:05:15.511936,980
2025-05-20 10:05:16.011580,981
2025-05-20 10:05:16.511961,982
2025-05-20 10:05:17.012077,983
2025-05-20 10:05:17.512126,984
2025-05-20 10:05:18.012132,985
2025-05-20 10:05:18.511949,986
2025-05-20 10:05:19.011922,987
2025-05-20 10:05:19.511169,988
2025-05-20 10:05:20.012131,989
2025-05-20 10:05:20.512079,990
2025-05-20 10:05:21.012109,991
2025-05-20 10:05:21.512060,992
2025-05-20 10:05:22.012105,993
2025-05-20 10:05:22.512069,994
2025-05-20 10:05:23.012096,995
2025-05-20 10:05:23.512136,996
2025-05-20 10:05:24.012012,997
2025-05-20 10:05:24.511049,998
2025-05-20 10:05:25.012087,999
2025-05-20 10:05:25.512046,1000
2025-05-20 10:05:26.012053,1001
2025-05-20 10:05:26.512057,1002
2025-05-20 10:05:27.012126,1003
2025-05-20 10:05:27.512056,1004
2025-05-20 10:05:28.011865,1005
2025-05-20 10:05:28.512046,1006
2025-05-20 10:05:29.012099,1007
2025-05-20 10:05:29.511113,1008
2025-05-20 10:05:30.012072,1009
2025-05-20 10:05:30.512070,1010
2025-05-20 10:05:31.012100,1011
2025-05-20 10:05:31.512048,1012
2025-05-20 10:05:32.011990,1013
2025-05-20 10:05:32.512060,1014
2025-05-20 10:05:33.012055,1015
2025-05-20 10:05:33.512056,1016
2025-05-20 10:05:34.012020,1017
2025-05-20 10:05:34.511132,1018
2025-05-20 10:05:35.011957,1019
2025-05-20 10:05:35.511952,1020
2025-05-20 10:05:36.011992,1021
2025-05-20 10:05:36.512004,1022
2025-05-20 10:05:37.012005,1023
2025-05-20 10:05:37.511986,1024
2025-05-20 10:05:38.011957,1025
2025-05-20 10:05:38.511981,1026
2025-05-20 10:05:39.011999,1027
2025-05-20 10:05:39.511150,1028
2025-05-20 10:05:40.011975,1029
2025-05-20 10:05:40.511982,1030
2025-05-20 10:05:41.011965,1031
2025-05-20 10:05:41.511934,1032
2025-05-20 10:05:42.011980,1033
2025-05-20 10:05:42.512140,1034
2025-05-20 10:05:43.012025,1035
2025-05-20 10:05:43.512032,1036
2025-05-20 10:05:44.011965,1037
2025-05-20 10:05:44.511110,1038
2025-05-20 10:05:45.012068,1039
2025-05-20 10:05:45.512028,1040
2025-05-20 10:05:46.012058,1041
2025-05-20 10:05:46.512059,1042
2025-05-20 10:05:47.012077,1043
2025-05-20 10:05:47.512040,1044
2025-05-20 10:05:48.012038,1045
2025-05-20 10:05:48.512048,1046
2025-05-20 10:05:49.012079,1047
2025-05-20 10:05:49.511161,1048
2025-05-20 10:05:50.011971,1049
2025-05-20 10:05:50.511976,1050
2025-05-20 10:05:51.011926,1051
2025-05-20 10:05:51.511806,1052
2025-05-20 10:05:52.012018,1053
2025-05-20 10:05:52.511993,1054
2025-05-20 10:05:53.011949,1055
2025-05-20 10:05:53.512034,1056
2025-05-20 10:05:54.011992,1057
2025-05-20 10:05:54.511096,1058
2025-05-20 10:05:55.011980,1059
2025-05-20 10:05:55.511919,1060
2025-05-20 10:05:56.012071,1061
2025-05-20 10:05:56.511931,1062
2025-05-20 10:05:57.012129,1063
2025-05-20 10:05:57.512137,1064
2025-05-20 10:05:58.011960,1065
2025-05-20 10:05:58.512006,1066
2025-05-20 10:05:59.012005,1067
2025-05-20 10:05:59.511165,1068
2025-05-20 10:06:00.011933,1069
2025-05-20 10:06:00.512020,1070
2025-05-20 10:06:01.012016,1071
2025-05-20 10:06:01.512017,1072
2025-05-20 10:06:02.012001,1073
2025-05-20 10:06:02.511990,1074
2025-05-20 10:06:03.011980,1075
2025-05-20 10:06:03.512106,1076
2025-05-20 10:06:04.012005,1077
2025-05-20 10:06:04.511168,1078
2025-05-20 10:06:05.012043,1079
2025-05-20 10:06:05.511921,1080
2025-05-20 10:06:06.012004,1081
2025-05-20 10:06:06.512136,1082
2025-05-20 10:06:07.012009,1083
2025-05-20 10:06:07.512010,1084
2025-05-20 10:06:08.011987,1085
2025-05-20 10:06:08.511972,1086
2025-05-20 10:06:09.012029,1087
2025-05-20 10:06:09.511104,1088
2025-05-20 10:06:10.011246,1089
2025-05-20 10:06:10.511946,1090
2025-05-20 10:06:11.012119,1091
2025-05-20 10:06:11.512137,1092
2025-05-20 10:06:12.011984,1093
2025-05-20 10:06:12.512072,1094
2025-05-20 10:06:13.012000,1095
2025-05-20 10:06:13.512009,1096
2025-05-20 10:06:14.011914,1097
2025-05-20 10:06:14.511118,1098
2025-05-20 10:06:15.011970,1099
2025-05-20 10:06:15.511988,1100
2025-05-20 10:06:16.011610,1101
2025-05-20 10:06:16.511989,1102
2025-05-20 10:06:17.012003,1103
2025-05-20 10:06:17.511979,1104
2025-05-20 10:06:18.011971,1105
2025-05-20 10:06:18.512015,1106
2025-05-20 10:06:19.011960,1107
2025-05-20 10:06:19.511235,1108
2025-05-20 10:06:20.012076,1109
2025-05-20 10:06:20.512049,1110
2025-05-20 10:06:21.012047,1111
2025-05-20 10:06:21.512046,1112
2025-05-20 10:06:22.012057,1113
2025-05-20 10:06:22.512042,1114
2025-05-20 10:06:23.012050,1115
2025-05-20 10:06:23.512062,1116
2025-05-20 10:06:24.011947,1117
2025-05-20 10:06:24.511119,1118
2025-05-20 10:06:25.011945,1119
2025-05-20 10:06:25.512014,1120
2025-05-20 10:06:26.011998,1121
2025-05-20 10:06:26.511988,1122
2025-05-20 10:06:27.011888,1123
2025-05-20 10:06:27.511945,1124
2025-05-20 10:06:28.011742,1125
2025-05-20 10:06:28.511890,1126
2025-05-20 10:06:29.011981,1127
2025-05-20 10:06:29.511135,1128
2025-05-20 10:06:30.011986,1129
2025-05-20 10:06:30.511986,1130
2025-05-20 10:06:31.012009,1131
2025-05-20 10:06:31.512109,1132
2025-05-20 10:06:32.012008,1133
2025-05-20 10:06:32.512019,1134
2025-05-20 10:06:33.012042,1135
2025-05-20 10:06:33.511991,1136
2025-05-20 10:06:34.011979,1137
2025-05-20 10:06:34.511151,1138
2025-05-20 10:06:35.011881,1139
2025-05-20 10:06:35.511991,1140
2025-05-20 10:06:36.011975,1141
2025-05-20 10:06:36.512116,1142
2025-05-20 10:06:37.012007,1143
2025-05-20 10:06:37.511937,1144
2025-05-20 10:06:38.011935,1145
2025-05-20 10:06:38.511975,1146
2025-05-20 10:06:39.011995,1147
2025-05-20 10:06:39.511189,1148
2025-05-20 10:06:40.011978,1149
2025-05-20 10:06:40.512022,1150
2025-05-20 10:06:41.011963,1151
2025-05-20 10:06:41.512081,1152
2025-05-20 10:06:42.011974,1153
2025-05-20 10:06:42.511979,1154
2025-05-20 10:06:43.011965,1155
2025-05-20 10:06:43.511985,1156
2025-05-20 10:06:44.012016,1157
2025-05-20 10:06:44.511156,1158
2025-05-20 10:06:45.011824,1159
2025-05-20 10:06:45.512015,1160
2025-05-20 10:06:46.011983,1161
2025-05-20 10:06:46.511981,1162
2025-05-20 10:06:47.011998,1163
2025-05-20 10:06:47.511952,1164
2025-05-20 10:06:48.011931,1165
2025-05-20 10:06:48.511975,1166
2025-05-20 10:06:49.011981,1167
2025-05-20 10:06:49.511094,1168
2025-05-20 10:06:50.012107,1169
2025-05-20 10:06:50.511998,1170
2025-05-20 10:06:51.012033,1171
2025-05-20 10:06:51.512010,1172
2025-05-20 10:06:52.012123,1173
2025-05-20 10:06:52.511998,1174
2025-05-20 10:06:53.011982,1175
2025-05-20 10:06:53.511946,1176
2025-05-20 10:06:54.011990,1177
2025-05-20 10:06:54.511159,1178
2025-05-20 10:06:55.011970,1179
2025-05-20 10:06:55.512010,1180
2025-05-20 10:06:56.011988,1181
2025-05-20 10:06:56.511982,1182
2025-05-20 10:06:57.011994,1183
2025-05-20 10:06:57.511978,1184
2025-05-20 10:06:58.012005,1185
2025-05-20 10:06:58.511993,1186
2025-05-20 10:06:59.012003,1187
2025-05-20 10:06:59.511137,1188
2025-05-20 10:07:00.012067,1189
2025-05-20 10:07:00.512010,1190
2025-05-20 10:07:01.011970,1191
2025-05-20 10:07:01.512106,1192
2025-05-20 10:07:02.011919,1193
2025-05-20 10:07:02.511966,1194
2025-05-20 10:07:03.011975,1195
2025-05-20 10:07:03.512005,1196
2025-05-20 10:07:04.012104,1197
2025-05-20 10:07:04.511201,1198
2025-05-20 10:07:05.011983,1199
2025-05-20 10:07:05.511963,1200
2025-05-20 10:07:06.012015,1201
2025-05-20 10:07:06.512035,1202
2025-05-20 10:07:07.011995,1203
2025-05-20 10:07:07.512039,1204
2025-05-20 10:07:08.011997,1205
2025-05-20 10:07:08.511868,1206
2025-05-20 10:07:09.011942,1207
2025-05-20 10:07:09.511182,1208
2025-05-20 10:07:10.011972,1209
2025-05-20 10:07:10.512019,1210
2025-05-20 10:07:11.011967,1211
2025-05-20 10:07:11.511945,1212
2025-05-20 10:07:12.011942,1213
2025-05-20 10:07:12.511922,1214
2025-05-20 10:07:13.011970,1215
2025-05-20 10:07:13.512022,1216
2025-05-20 10:07:14.011909,1217
2025-05-20 10:07:14.511126,1218
2025-05-20 10:07:15.011962,1219
2025-05-20 10:07:15.511996,1220
2025-05-20 10:07:16.011778,1221
2025-05-20 10:07:16.512005,1222
2025-05-20 10:07:17.011988,1223
2025-05-20 10:07:17.511859,1224
2025-05-20 10:07:18.012061,1225
2025-05-20 10:07:18.511988,1226
2025-05-20 10:07:19.011994,1227
2025-05-20 10:07:19.511222,1228
2025-05-20 10:07:20.012130,1229
2025-05-20 10:07:20.511809,1230
2025-05-20 10:07:21.011958,1231
2025-05-20 10:07:21.511952,1232
2025-05-20 10:07:22.011991,1233
2025-05-20 10:07:22.512100,1234
2025-05-20 10:07:23.012001,1235
2025-05-20 10:07:23.511982,1236
2025-05-20 10:07:24.012002,1237
2025-05-20 10:07:24.511204,1238
2025-05-20 10:07:25.012108,1239
2025-05-20 10:07:25.511944,1240
2025-05-20 10:07:26.011993,1241
2025-05-20 10:07:26.511993,1242
2025-05-20 10:07:27.011989,1243
2025-05-20 10:07:27.512003,1244
2025-05-20 10:07:28.011803,1245
2025-05-20 10:07:28.511966,1246
2025-05-20 10:07:29.012011,1247
2025-05-20 10:07:29.511229,1248
2025-05-20 10:07:30.012122,1249
2025-05-20 10:07:30.511944,1250
2025-05-20 10:07:31.011972,1251
2025-05-20 10:07:31.511997,1252
2025-05-20 10:07:32.011934,1253
2025-05-20 10:07:32.511999,1254
2025-05-20 10:07:33.011940,1255
2025-05-20 10:07:33.511880,1256
2025-05-20 10:07:34.011941,1257
2025-05-20 10:07:34.511186,1258
2025-05-20 10:07:35.012240,1259
2025-05-20 10:07:35.512103,1260
2025-05-20 10:07:36.012055,1261
2025-05-20 10:07:36.512109,1262
2025-05-20 10:07:37.012109,1263
2025-05-20 10:07:37.511935,1264
2025-05-20 10:07:38.012058,1265
2025-05-20 10:07:38.512215,1266
2025-05-20 10:07:39.011989,1267
2025-05-20 10:07:39.511178,1268
2025-05-20 10:07:40.011985,1269
2025-05-20 10:07:40.511971,1270
2025-05-20 10:07:41.011961,1271
2025-05-20 10:07:41.512085,1272
2025-05-20 10:07:42.012000,1273
2025-05-20 10:07:42.511988,1274
2025-05-20 10:07:43.012003,1275
2025-05-20 10:07:43.511973,1276
2025-05-20 10:07:44.011939,1277
2025-05-20 10:07:44.511262,1278
2025-05-20 10:07:45.012069,1279
2025-05-20 10:07:45.511879,1280
2025-05-20 10:07:46.011866,1281
2025-05-20 10:07:46.511932,1282
2025-05-20 10:07:47.011913,1283
2025-05-20 10:07:47.512056,1284
2025-05-20 10:07:48.011925,1285
2025-05-20 10:07:48.511960,1286
2025-05-20 10:07:49.011941,1287
2025-05-20 10:07:49.511170,1288
2025-05-20 10:07:50.011929,1289
2025-05-20 10:07:50.512062,1290
2025-05-20 10:07:51.011932,1291
2025-05-20 10:07:51.511952,1292
2025-05-20 10:07:52.011957,1293
2025-05-20 10:07:52.511968,1294
2025-05-20 10:07:53.011874,1295
2025-05-20 10:07:53.512034,1296
2025-05-20 10:07:54.011964,1297
2025-05-20 10:07:54.511158,1298
2025-05-20 10:07:55.012257,1299
2025-05-20 10:07:55.511827,1300
2025-05-20 10:07:56.012102,1301
2025-05-20 10:07:56.512071,1302
2025-05-20 10:07:57.012134,1303
2025-05-20 10:07:57.512088,1304
2025-05-20 10:07:58.012099,1305
2025-05-20 10:07:58.512137,1306
2025-05-20 10:07:59.012094,1307
2025-05-20 10:07:59.511230,1308
2025-05-20 10:08:00.012015,1309
2025-05-20 10:08:00.512003,1310
2025-05-20 10:08:01.011981,1311
2025-05-20 10:08:01.512133,1312
2025-05-20 10:08:02.011983,1313
2025-05-20 10:08:02.511924,1314
2025-05-20 10:08:03.012117,1315
2025-05-20 10:08:03.512019,1316
2025-05-20 10:08:04.011999,1317
2025-05-20 10:08:04.511193,1318
2025-05-20 10:08:05.012000,1319
2025-05-20 10:08:05.512006,1320
2025-05-20 10:08:06.012072,1321
2025-05-20 10:08:06.512087,1322
2025-05-20 10:08:07.012050,1323
2025-05-20 10:08:07.512136,1324
2025-05-20 10:08:08.012106,1325
2025-05-20 10:08:08.512083,1326
2025-05-20 10:08:09.012093,1327
2025-05-20 10:08:09.511144,1328
2025-05-20 10:08:10.011915,1329
2025-05-20 10:08:10.512133,1330
2025-05-20 10:08:11.012083,1331
2025-05-20 10:08:11.511998,1332
2025-05-20 10:08:12.012139,1333
2025-05-20 10:08:12.512022,1334
2025-05-20 10:08:13.012000,1335
2025-05-20 10:08:13.512046,1336
2025-05-20 10:08:14.012014,1337
2025-05-20 10:08:14.511254,1338
2025-05-20 10:08:15.012145,1339
2025-05-20 10:08:15.511950,1340
2025-05-20 10:08:16.011712,1341
2025-05-20 10:08:16.512029,1342
2025-05-20 10:08:17.012010,1343
2025-05-20 10:08:17.512016,1344
2025-05-20 10:08:18.012121,1345
2025-05-20 10:08:18.512034,1346
2025-05-20 10:08:19.011964,1347
2025-05-20 10:08:19.511183,1348
2025-05-20 10:08:20.011892,1349
2025-05-20 10:08:20.511927,1350
2025-05-20 10:08:21.011939,1351
2025-05-20 10:08:21.511920,1352
2025-05-20 10:08:22.011934,1353
2025-05-20 10:08:22.511942,1354
2025-05-20 10:08:23.011959,1355
2025-05-20 10:08:23.511930,1356
2025-05-20 10:08:24.011959,1357
2025-05-20 10:08:24.511177,1358
2025-05-20 10:08:25.011909,1359
2025-05-20 10:08:25.511892,1360
2025-05-20 10:08:26.011981,1361
2025-05-20 10:08:26.512032,1362
2025-05-20 10:08:27.011955,1363
2025-05-20 10:08:27.512022,1364
2025-05-20 10:08:28.011732,1365
2025-05-20 10:08:28.512012,1366
2025-05-20 10:08:29.011981,1367
2025-05-20 10:08:29.511230,1368
2025-05-20 10:08:30.011942,1369
2025-05-20 10:08:30.511966,1370
2025-05-20 10:08:31.012005,1371
2025-05-20 10:08:31.511928,1372
2025-05-20 10:08:32.012006,1373
2025-05-20 10:08:32.511964,1374
2025-05-20 10:08:33.011953,1375
2025-05-20 10:08:33.511957,1376
2025-05-20 10:08:34.011917,1377
2025-05-20 10:08:34.511427,1378
2025-05-20 10:08:35.011919,1379
2025-05-20 10:08:35.511973,1380
2025-05-20 10:08:36.011848,1381
2025-05-20 10:08:36.511955,1382
2025-05-20 10:08:37.011914,1383
2025-05-20 10:08:37.511973,1384
2025-05-20 10:08:38.011879,1385
2025-05-20 10:08:38.511988,1386
2025-05-20 10:08:39.011931,1387
2025-05-20 10:08:39.511229,1388
2025-05-20 10:08:40.012130,1389
2025-05-20 10:08:40.512008,1390
2025-05-20 10:08:41.011976,1391
2025-05-20 10:08:41.512007,1392
2025-05-20 10:08:42.011999,1393
2025-05-20 10:08:42.511936,1394
2025-05-20 10:08:43.011996,1395
2025-05-20 10:08:43.511953,1396
2025-05-20 10:08:44.012006,1397
2025-05-20 10:08:44.511245,1398
2025-05-20 10:08:45.011969,1399
2025-05-20 10:08:45.511982,1400
2025-05-20 10:08:46.011987,1401
2025-05-20 10:08:46.511971,1402
2025-05-20 10:08:47.011969,1403
2025-05-20 10:08:47.511898,1404
2025-05-20 10:08:48.011994,1405
2025-05-20 10:08:48.511943,1406
2025-05-20 10:08:49.011912,1407
2025-05-20 10:08:49.511260,1408
2025-05-20 10:08:50.012021,1409
2025-05-20 10:08:50.512000,1410
2025-05-20 10:08:51.011983,1411
2025-05-20 10:08:51.511996,1412
2025-05-20 10:08:52.011998,1413
2025-05-20 10:08:52.511965,1414
2025-05-20 10:08:53.011982,1415
2025-05-20 10:08:53.511924,1416
2025-05-20 10:08:54.011997,1417
2025-05-20 10:08:54.511164,1418
2025-05-20 10:08:55.011951,1419
2025-05-20 10:08:55.511967,1420
2025-05-20 10:08:56.011926,1421
2025-05-20 10:08:56.511982,1422
2025-05-20 10:08:57.011909,1423
2025-05-20 10:08:57.511928,1424
2025-05-20 10:08:58.011941,1425
2025-05-20 10:08:58.511857,1426
2025-05-20 10:08:59.011956,1427
2025-05-20 10:08:59.511258,1428
2025-05-20 10:09:00.011951,1429
2025-05-20 10:09:00.511932,1430
2025-05-20 10:09:01.011903,1431
2025-05-20 10:09:01.511905,1432
2025-05-20 10:09:02.011836,1433
2025-05-20 10:09:02.512067,1434
2025-05-20 10:09:03.012060,1435
2025-05-20 10:09:03.512010,1436
2025-05-20 10:09:04.012008,1437
2025-05-20 10:09:04.511234,1438
2025-05-20 10:09:05.011936,1439
2025-05-20 10:09:05.512011,1440
2025-05-20 10:09:06.012246,1441
2025-05-20 10:09:06.511993,1442
2025-05-20 10:09:07.012018,1443
2025-05-20 10:09:07.511894,1444
2025-05-20 10:09:08.012017,1445
2025-05-20 10:09:08.512005,1446
2025-05-20 10:09:09.011982,1447
2025-05-20 10:09:09.511198,1448
2025-05-20 10:09:10.011479,1449
2025-05-20 10:09:10.512016,1450
2025-05-20 10:09:11.011984,1451
2025-05-20 10:09:11.511955,1452
2025-05-20 10:09:12.011928,1453
2025-05-20 10:09:12.511997,1454
2025-05-20 10:09:13.012013,1455
2025-05-20 10:09:13.511970,1456
2025-05-20 10:09:14.012005,1457
2025-05-20 10:09:14.511314,1458
2025-05-20 10:09:15.011922,1459
2025-05-20 10:09:15.511950,1460
2025-05-20 10:09:16.011630,1461
2025-05-20 10:09:16.512021,1462
2025-05-20 10:09:17.011971,1463
2025-05-20 10:09:17.512008,1464
2025-05-20 10:09:18.011994,1465
2025-05-20 10:09:18.511981,1466
2025-05-20 10:09:19.011968,1467
2025-05-20 10:09:19.511150,1468
2025-05-20 10:09:20.011968,1469
2025-05-20 10:09:20.511985,1470
2025-05-20 10:09:21.012075,1471
2025-05-20 10:09:21.512077,1472
2025-05-20 10:09:22.011953,1473
2025-05-20 10:09:22.511981,1474
2025-05-20 10:09:23.012080,1475
2025-05-20 10:09:23.512047,1476
2025-05-20 10:09:24.011992,1477
2025-05-20 10:09:24.511526,1478
2025-05-20 10:09:25.011970,1479
2025-05-20 10:09:25.511847,1480
2025-05-20 10:09:26.012009,1481
2025-05-20 10:09:26.512009,1482
2025-05-20 10:09:27.012084,1483
2025-05-20 10:09:27.511988,1484
2025-05-20 10:09:28.011776,1485
2025-05-20 10:09:28.512011,1486
2025-05-20 10:09:29.012012,1487
2025-05-20 10:09:29.511239,1488
2025-05-20 10:09:30.011991,1489
2025-05-20 10:09:30.511971,1490
2025-05-20 10:09:31.012008,1491
2025-05-20 10:09:31.512007,1492
2025-05-20 10:09:32.011914,1493
2025-05-20 10:09:32.512009,1494
2025-05-20 10:09:33.012013,1495
2025-05-20 10:09:33.511934,1496
2025-05-20 10:09:34.012009,1497
2025-05-20 10:09:34.511210,1498
2025-05-20 10:09:35.011953,1499
2025-05-20 10:09:35.511990,1500
2025-05-20 10:09:36.011987,1501
2025-05-20 10:09:36.511934,1502
2025-05-20 10:09:37.011946,1503
2025-05-20 10:09:37.511975,1504
2025-05-20 10:09:38.011931,1505
2025-05-20 10:09:38.511950,1506
2025-05-20 10:09:39.011907,1507
2025-05-20 10:09:39.511160,1508
2025-05-20 10:09:40.011971,1509
2025-05-20 10:09:40.511936,1510
2025-05-20 10:09:41.011824,1511
2025-05-20 10:09:41.511918,1512
2025-05-20 10:09:42.011916,1513
2025-05-20 10:09:42.511880,1514
2025-05-20 10:09:43.011882,1515
2025-05-20 10:09:43.511951,1516
2025-05-20 10:09:44.011936,1517
2025-05-20 10:09:44.511180,1518
2025-05-20 10:09:45.011991,1519
2025-05-20 10:09:45.511963,1520
2025-05-20 10:09:46.011940,1521
2025-05-20 10:09:46.511968,1522
2025-05-20 10:09:47.011985,1523
2025-05-20 10:09:47.511993,1524
2025-05-20 10:09:48.012007,1525
2025-05-20 10:09:48.512009,1526
2025-05-20 10:09:49.011992,1527
2025-05-20 10:09:49.511294,1528
2025-05-20 10:09:50.012078,1529
2025-05-20 10:09:50.512047,1530
2025-05-20 10:09:51.011800,1531
2025-05-20 10:09:51.512082,1532
2025-05-20 10:09:52.011955,1533
2025-05-20 10:09:52.511987,1534
2025-05-20 10:09:53.011944,1535
2025-05-20 10:09:53.511823,1536
2025-05-20 10:09:54.011877,1537
2025-05-20 10:09:54.511144,1538
2025-05-20 10:09:55.011824,1539
2025-05-20 10:09:55.511915,1540
2025-05-20 10:09:56.011777,1541
2025-05-20 10:09:56.511930,1542
2025-05-20 10:09:57.011955,1543
2025-05-20 10:09:57.511897,1544
2025-05-20 10:09:58.011867,1545
2025-05-20 10:09:58.511934,1546
2025-05-20 10:09:59.011898,1547
2025-05-20 10:09:59.511876,1548
2025-05-20 10:10:00.011896,1549
2025-05-20 10:10:00.511924,1550
2025-05-20 10:10:01.011863,1551
2025-05-20 10:10:01.511952,1552
2025-05-20 10:10:02.011952,1553
2025-05-20 10:10:02.511973,1554
2025-05-20 10:10:03.011950,1555
2025-05-20 10:10:03.511939,1556
2025-05-20 10:10:04.011952,1557
2025-05-20 10:10:04.512005,1558
2025-05-20 10:10:05.012079,1559
2025-05-20 10:10:05.511966,1560
2025-05-20 10:10:06.011941,1561
2025-05-20 10:10:06.511863,1562
2025-05-20 10:10:07.011890,1563
2025-05-20 10:10:07.511986,1564
2025-05-20 10:10:08.011944,1565
2025-05-20 10:10:08.511963,1566
2025-05-20 10:10:09.011931,1567
2025-05-20 10:10:09.511280,1568
2025-05-20 10:10:10.011480,1569
2025-05-20 10:10:10.511927,1570
2025-05-20 10:10:11.011950,1571
2025-05-20 10:10:11.511978,1572
2025-05-20 10:10:12.011953,1573
2025-05-20 10:10:12.511961,1574
2025-05-20 10:10:13.011927,1575
2025-05-20 10:10:13.511943,1576
2025-05-20 10:10:14.011935,1577
2025-05-20 10:10:14.511324,1578
2025-05-20 10:10:15.011841,1579
2025-05-20 10:10:15.511944,1580
2025-05-20 10:10:16.011662,1581
2025-05-20 10:10:16.511966,1582
2025-05-20 10:10:17.011883,1583
2025-05-20 10:10:17.511819,1584
2025-05-20 10:10:18.012018,1585
2025-05-20 10:10:18.511956,1586
2025-05-20 10:10:19.011937,1587
2025-05-20 10:10:19.511231,1588
2025-05-20 10:10:20.011820,1589
2025-05-20 10:10:20.512059,1590
2025-05-20 10:10:21.011998,1591
2025-05-20 10:10:21.511934,1592
2025-05-20 10:10:22.011891,1593
2025-05-20 10:10:22.511889,1594
2025-05-20 10:10:23.011939,1595
2025-05-20 10:10:23.512032,1596
2025-05-20 10:10:24.011954,1597
2025-05-20 10:10:24.511349,1598
2025-05-20 10:10:25.011246,1599
2025-05-20 10:10:25.511939,1600
2025-05-20 10:10:26.011955,1601
2025-05-20 10:10:26.511928,1602
2025-05-20 10:10:27.011944,1603
2025-05-20 10:10:27.511890,1604
2025-05-20 10:10:28.011721,1605
2025-05-20 10:10:28.511917,1606
2025-05-20 10:10:29.011898,1607
2025-05-20 10:10:29.511134,1608
2025-05-20 10:10:30.011913,1609
2025-05-20 10:10:30.512021,1610
2025-05-20 10:10:31.011980,1611
2025-05-20 10:10:31.511962,1612
2025-05-20 10:10:32.011962,1613
2025-05-20 10:10:32.511918,1614
2025-05-20 10:10:33.011968,1615
2025-05-20 10:10:33.512102,1616
2025-05-20 10:10:34.012161,1617
2025-05-20 10:10:34.511354,1618
2025-05-20 10:10:35.012118,1619
2025-05-20 10:10:35.511999,1620
2025-05-20 10:10:36.011917,1621
2025-05-20 10:10:36.512116,1622
2025-05-20 10:10:37.011964,1623
2025-05-20 10:10:37.512129,1624
2025-05-20 10:10:38.011933,1625
2025-05-20 10:10:38.511952,1626
2025-05-20 10:10:39.012123,1627
2025-05-20 10:10:39.511165,1628
2025-05-20 10:10:40.012080,1629
2025-05-20 10:10:40.511901,1630
2025-05-20 10:10:41.011926,1631
2025-05-20 10:10:41.511941,1632
2025-05-20 10:10:42.011889,1633
2025-05-20 10:10:42.511920,1634
2025-05-20 10:10:43.011891,1635
2025-05-20 10:10:43.511916,1636
2025-05-20 10:10:44.011902,1637
2025-05-20 10:10:44.511142,1638
2025-05-20 10:10:45.012077,1639
2025-05-20 10:10:45.511907,1640
2025-05-20 10:10:46.012062,1641
2025-05-20 10:10:46.511962,1642
2025-05-20 10:10:47.011935,1643
2025-05-20 10:10:47.511955,1644
2025-05-20 10:10:48.011951,1645
2025-05-20 10:10:48.511965,1646
2025-05-20 10:10:49.011956,1647
2025-05-20 10:10:49.511208,1648
2025-05-20 10:10:50.011946,1649
2025-05-20 10:10:50.511945,1650
2025-05-20 10:10:51.011968,1651
2025-05-20 10:10:51.511919,1652
2025-05-20 10:10:52.011889,1653
2025-05-20 10:10:52.511780,1654
2025-05-20 10:10:53.011969,1655
2025-05-20 10:10:53.512001,1656
2025-05-20 10:10:54.012128,1657
2025-05-20 10:10:54.512024,1658
2025-05-20 10:10:55.012093,1659
2025-05-20 10:10:55.511899,1660
2025-05-20 10:10:56.011897,1661
2025-05-20 10:10:56.512074,1662
2025-05-20 10:10:57.011516,1663
2025-05-20 10:10:57.512078,1664
2025-05-20 10:10:58.012086,1665
2025-05-20 10:10:58.512059,1666
2025-05-20 10:10:59.011948,1667
2025-05-20 10:10:59.511150,1668
2025-05-20 10:11:00.011475,1669
2025-05-20 10:11:00.511843,1670
2025-05-20 10:11:01.011975,1671
2025-05-20 10:11:01.511914,1672
2025-05-20 10:11:02.011917,1673
2025-05-20 10:11:02.511935,1674
2025-05-20 10:11:03.011899,1675
2025-05-20 10:11:03.511905,1676
2025-05-20 10:11:04.011954,1677
2025-05-20 10:11:04.511265,1678
2025-05-20 10:11:05.011946,1679
2025-05-20 10:11:05.511836,1680
2025-05-20 10:11:06.011968,1681
2025-05-20 10:11:06.511957,1682
2025-05-20 10:11:07.011947,1683
2025-05-20 10:11:07.511867,1684
2025-05-20 10:11:08.011940,1685
2025-05-20 10:11:08.511903,1686
2025-05-20 10:11:09.012064,1687
2025-05-20 10:11:09.511207,1688
2025-05-20 10:11:10.011880,1689
2025-05-20 10:11:10.511857,1690
2025-05-20 10:11:11.012017,1691
2025-05-20 10:11:11.512015,1692
2025-05-20 10:11:12.011979,1693
2025-05-20 10:11:12.511932,1694
2025-05-20 10:11:13.011986,1695
2025-05-20 10:11:13.512008,1696
2025-05-20 10:11:14.011967,1697
2025-05-20 10:11:14.511212,1698
2025-05-20 10:11:15.011990,1699
2025-05-20 10:11:15.511927,1700
2025-05-20 10:11:16.011636,1701
2025-05-20 10:11:16.511933,1702
2025-05-20 10:11:17.011965,1703
2025-05-20 10:11:17.511959,1704
2025-05-20 10:11:18.011831,1705
2025-05-20 10:11:18.511946,1706
2025-05-20 10:11:19.012046,1707
2025-05-20 10:11:19.511271,1708
2025-05-20 10:11:20.011961,1709
2025-05-20 10:11:20.511966,1710
2025-05-20 10:11:21.011948,1711
2025-05-20 10:11:21.511952,1712
2025-05-20 10:11:22.011858,1713
2025-05-20 10:11:22.511903,1714
2025-05-20 10:11:23.012007,1715
2025-05-20 10:11:23.511957,1716
2025-05-20 10:11:24.011945,1717
2025-05-20 10:11:24.511327,1718
2025-05-20 10:11:25.011476,1719
2025-05-20 10:11:25.511958,1720
2025-05-20 10:11:26.011964,1721
2025-05-20 10:11:26.511978,1722
2025-05-20 10:11:27.012093,1723
2025-05-20 10:11:27.512009,1724
2025-05-20 10:11:28.011649,1725
2025-05-20 10:11:28.511937,1726
2025-05-20 10:11:29.011918,1727
2025-05-20 10:11:29.511218,1728
2025-05-20 10:11:30.011948,1729
2025-05-20 10:11:30.511914,1730
2025-05-20 10:11:31.012089,1731
2025-05-20 10:11:31.512121,1732
2025-05-20 10:11:32.011956,1733
2025-05-20 10:11:32.511969,1734
2025-05-20 10:11:33.011976,1735
2025-05-20 10:11:33.511959,1736
2025-05-20 10:11:34.011966,1737
2025-05-20 10:11:34.511254,1738
2025-05-20 10:11:35.011902,1739
2025-05-20 10:11:35.511960,1740
2025-05-20 10:11:36.011981,1741
2025-05-20 10:11:36.512024,1742
2025-05-20 10:11:37.011938,1743
2025-05-20 10:11:37.511929,1744
2025-05-20 10:11:38.011913,1745
2025-05-20 10:11:38.511878,1746
2025-05-20 10:11:39.011909,1747
2025-05-20 10:11:39.511323,1748
2025-05-20 10:11:40.011834,1749
2025-05-20 10:11:40.511937,1750
2025-05-20 10:11:41.011889,1751
2025-05-20 10:11:41.511933,1752
2025-05-20 10:11:42.011874,1753
2025-05-20 10:11:42.511954,1754
2025-05-20 10:11:43.011913,1755
2025-05-20 10:11:43.511937,1756
2025-05-20 10:11:44.011874,1757
2025-05-20 10:11:44.511253,1758
2025-05-20 10:11:45.012032,1759
2025-05-20 10:11:45.511948,1760
2025-05-20 10:11:46.011929,1761
2025-05-20 10:11:46.511946,1762
2025-05-20 10:11:47.011942,1763
2025-05-20 10:11:47.511926,1764
2025-05-20 10:11:48.011875,1765
2025-05-20 10:11:48.511947,1766
2025-05-20 10:11:49.011949,1767
2025-05-20 10:11:49.511287,1768
2025-05-20 10:11:50.012060,1769
2025-05-20 10:11:50.511976,1770
2025-05-20 10:11:51.011965,1771
2025-05-20 10:11:51.511946,1772
2025-05-20 10:11:52.011990,1773
2025-05-20 10:11:52.511951,1774
2025-05-20 10:11:53.011919,1775
2025-05-20 10:11:53.511892,1776
2025-05-20 10:11:54.011963,1777
2025-05-20 10:11:54.511221,1778
2025-05-20 10:11:55.011962,1779
2025-05-20 10:11:55.511940,1780
2025-05-20 10:11:56.012034,1781
2025-05-20 10:11:56.511926,1782
2025-05-20 10:11:57.011916,1783
2025-05-20 10:11:57.511888,1784
2025-05-20 10:11:58.011887,1785
2025-05-20 10:11:58.511928,1786
2025-05-20 10:11:59.011490,1787
2025-05-20 10:11:59.511665,1788
2025-05-20 10:12:00.012173,1789
2025-05-20 10:12:00.511942,1790
2025-05-20 10:12:01.011903,1791
2025-05-20 10:12:01.511918,1792
2025-05-20 10:12:02.011946,1793
2025-05-20 10:12:02.511953,1794
2025-05-20 10:12:03.011949,1795
2025-05-20 10:12:03.511920,1796
2025-05-20 10:12:04.011915,1797
2025-05-20 10:12:04.511440,1798
2025-05-20 10:12:05.011902,1799
2025-05-20 10:12:05.511923,1800
2025-05-20 10:12:06.012016,1801
2025-05-20 10:12:06.511903,1802
2025-05-20 10:12:07.011871,1803
2025-05-20 10:12:07.511914,1804
2025-05-20 10:12:08.011897,1805
2025-05-20 10:12:08.512013,1806
2025-05-20 10:12:09.011874,1807
2025-05-20 10:12:09.511338,1808
2025-05-20 10:12:10.011947,1809
2025-05-20 10:12:10.512035,1810
2025-05-20 10:12:11.011988,1811
2025-05-20 10:12:11.511898,1812
2025-05-20 10:12:12.011931,1813
2025-05-20 10:12:12.511965,1814
2025-05-20 10:12:13.011989,1815
2025-05-20 10:12:13.512029,1816
2025-05-20 10:12:14.012036,1817
2025-05-20 10:12:14.511295,1818
2025-05-20 10:12:15.011822,1819
2025-05-20 10:12:15.511872,1820
2025-05-20 10:12:16.011948,1821
2025-05-20 10:12:16.511936,1822
2025-05-20 10:12:17.011934,1823
2025-05-20 10:12:17.512010,1824
2025-05-20 10:12:18.011975,1825
2025-05-20 10:12:18.512029,1826
2025-05-20 10:12:19.012143,1827
2025-05-20 10:12:19.511333,1828
2025-05-20 10:12:20.012099,1829
2025-05-20 10:12:20.512136,1830
2025-05-20 10:12:21.011945,1831
2025-05-20 10:12:21.511848,1832
2025-05-20 10:12:22.011941,1833
2025-05-20 10:12:22.511983,1834
2025-05-20 10:12:23.011862,1835
2025-05-20 10:12:23.511996,1836
2025-05-20 10:12:24.011943,1837
2025-05-20 10:12:24.511315,1838
2025-05-20 10:12:25.011776,1839
2025-05-20 10:12:25.511933,1840
2025-05-20 10:12:26.011937,1841
2025-05-20 10:12:26.511938,1842
2025-05-20 10:12:27.011806,1843
2025-05-20 10:12:27.511899,1844
2025-05-20 10:12:28.011514,1845
2025-05-20 10:12:28.512078,1846
2025-05-20 10:12:29.011919,1847
2025-05-20 10:12:29.511244,1848
2025-05-20 10:12:30.012131,1849
2025-05-20 10:12:30.511965,1850
2025-05-20 10:12:31.011991,1851
2025-05-20 10:12:31.511945,1852
2025-05-20 10:12:32.011957,1853
2025-05-20 10:12:32.511938,1854
2025-05-20 10:12:33.011947,1855
2025-05-20 10:12:33.511937,1856
2025-05-20 10:12:34.011945,1857
2025-05-20 10:12:34.511581,1858
2025-05-20 10:12:35.012113,1859
2025-05-20 10:12:35.512001,1860
2025-05-20 10:12:36.011998,1861
2025-05-20 10:12:36.511928,1862
2025-05-20 10:12:37.012142,1863
2025-05-20 10:12:37.512035,1864
2025-05-20 10:12:38.012036,1865
2025-05-20 10:12:38.511988,1866
2025-05-20 10:12:39.011980,1867
2025-05-20 10:12:39.511614,1868
2025-05-20 10:12:40.012146,1869
2025-05-20 10:12:40.511910,1870
2025-05-20 10:12:41.011948,1871
2025-05-20 10:12:41.511968,1872
2025-05-20 10:12:42.011961,1873
2025-05-20 10:12:42.511955,1874
2025-05-20 10:12:43.011870,1875
2025-05-20 10:12:43.511996,1876
2025-05-20 10:12:44.012023,1877
2025-05-20 10:12:44.511647,1878
2025-05-20 10:12:45.012139,1879
2025-05-20 10:12:45.511823,1880
2025-05-20 10:12:46.011941,1881
2025-05-20 10:12:46.511870,1882
2025-05-20 10:12:47.011895,1883
2025-05-20 10:12:47.511927,1884
2025-05-20 10:12:48.011896,1885
2025-05-20 10:12:48.511921,1886
2025-05-20 10:12:49.011918,1887
2025-05-20 10:12:49.511232,1888
2025-05-20 10:12:50.011862,1889
2025-05-20 10:12:50.511980,1890
2025-05-20 10:12:51.012049,1891
2025-05-20 10:12:51.512099,1892
2025-05-20 10:12:52.011975,1893
2025-05-20 10:12:52.511996,1894
2025-05-20 10:12:53.011905,1895
2025-05-20 10:12:53.511957,1896
2025-05-20 10:12:54.011974,1897
2025-05-20 10:12:54.511306,1898
2025-05-20 10:12:55.012133,1899
2025-05-20 10:12:55.511857,1900
2025-05-20 10:12:56.011972,1901
2025-05-20 10:12:56.511965,1902
2025-05-20 10:12:57.011963,1903
2025-05-20 10:12:57.511984,1904
2025-05-20 10:12:58.011966,1905
2025-05-20 10:12:58.511942,1906
2025-05-20 10:12:59.011934,1907
2025-05-20 10:12:59.511331,1908
2025-05-20 10:13:00.012005,1909
2025-05-20 10:13:00.511978,1910
2025-05-20 10:13:01.011967,1911
2025-05-20 10:13:01.511964,1912
2025-05-20 10:13:02.011963,1913
2025-05-20 10:13:02.511975,1914
2025-05-20 10:13:03.011932,1915
2025-05-20 10:13:03.511986,1916
2025-05-20 10:13:04.011937,1917
2025-05-20 10:13:04.511340,1918
2025-05-20 10:13:05.011976,1919
2025-05-20 10:13:05.511914,1920
2025-05-20 10:13:06.011922,1921
2025-05-20 10:13:06.511960,1922
2025-05-20 10:13:07.011942,1923
2025-05-20 10:13:07.511975,1924
2025-05-20 10:13:08.011951,1925
2025-05-20 10:13:08.511893,1926
2025-05-20 10:13:09.011957,1927
2025-05-20 10:13:09.511439,1928
2025-05-20 10:13:10.011947,1929
2025-05-20 10:13:10.512187,1930
2025-05-20 10:13:11.012047,1931
2025-05-20 10:13:11.512100,1932
2025-05-20 10:13:12.012069,1933
2025-05-20 10:13:12.512109,1934
2025-05-20 10:13:13.012060,1935
2025-05-20 10:13:13.512126,1936
2025-05-20 10:13:14.012057,1937
2025-05-20 10:13:14.511366,1938
2025-05-20 10:13:15.012203,1939
2025-05-20 10:13:15.512051,1940
2025-05-20 10:13:16.011536,1941
2025-05-20 10:13:16.512047,1942
2025-05-20 10:13:17.012062,1943
2025-05-20 10:13:17.512062,1944
2025-05-20 10:13:18.011995,1945
2025-05-20 10:13:18.512055,1946
2025-05-20 10:13:19.012069,1947
2025-05-20 10:13:19.511257,1948
2025-05-20 10:13:20.012169,1949
2025-05-20 10:13:20.512056,1950
2025-05-20 10:13:21.012086,1951
2025-05-20 10:13:21.512063,1952
2025-05-20 10:13:22.012067,1953
2025-05-20 10:13:22.512076,1954
2025-05-20 10:13:23.012049,1955
2025-05-20 10:13:23.512048,1956
2025-05-20 10:13:24.012059,1957
2025-05-20 10:13:24.511259,1958
2025-05-20 10:13:25.012087,1959
2025-05-20 10:13:25.512086,1960
2025-05-20 10:13:26.012063,1961
2025-05-20 10:13:26.512072,1962
2025-05-20 10:13:27.012079,1963
2025-05-20 10:13:27.512096,1964
2025-05-20 10:13:28.011813,1965
2025-05-20 10:13:28.512045,1966
2025-05-20 10:13:29.012010,1967
2025-05-20 10:13:29.511304,1968
2025-05-20 10:13:30.012056,1969
2025-05-20 10:13:30.511949,1970
2025-05-20 10:13:31.011965,1971
2025-05-20 10:13:31.511962,1972
2025-05-20 10:13:32.011973,1973
2025-05-20 10:13:32.511994,1974
2025-05-20 10:13:33.011960,1975
2025-05-20 10:13:33.511963,1976
2025-05-20 10:13:34.011969,1977
2025-05-20 10:13:34.511414,1978
2025-05-20 10:13:35.012090,1979
2025-05-20 10:13:35.511982,1980
2025-05-20 10:13:36.011930,1981
2025-05-20 10:13:36.511939,1982
2025-05-20 10:13:37.011979,1983
2025-05-20 10:13:37.511832,1984
2025-05-20 10:13:38.012051,1985
2025-05-20 10:13:38.511956,1986
2025-05-20 10:13:39.011957,1987
2025-05-20 10:13:39.511354,1988
2025-05-20 10:13:40.011973,1989
2025-05-20 10:13:40.511989,1990
2025-05-20 10:13:41.011933,1991
2025-05-20 10:13:41.512082,1992
2025-05-20 10:13:42.011964,1993
2025-05-20 10:13:42.511918,1994
2025-05-20 10:13:43.011955,1995
2025-05-20 10:13:43.511938,1996
2025-05-20 10:13:44.012082,1997
2025-05-20 10:13:44.511415,1998
2025-05-20 10:13:45.012151,1999
2025-05-20 10:13:45.512094,2000
2025-05-20 10:13:46.011989,2001
2025-05-20 10:13:46.512084,2002
2025-05-20 10:13:47.011920,2003
2025-05-20 10:13:47.511938,2004
2025-05-20 10:13:48.011975,2005
2025-05-20 10:13:48.511937,2006
2025-05-20 10:13:49.012010,2007
2025-05-20 10:13:49.511183,2008
2025-05-20 10:13:50.011952,2009
2025-05-20 10:13:50.511954,2010
2025-05-20 10:13:51.011983,2011
2025-05-20 10:13:51.511880,2012
2025-05-20 10:13:52.011937,2013
2025-05-20 10:13:52.511936,2014
2025-05-20 10:13:53.011940,2015
2025-05-20 10:13:53.511994,2016
2025-05-20 10:13:54.011961,2017
2025-05-20 10:13:54.511340,2018
2025-05-20 10:13:55.012129,2019
2025-05-20 10:13:55.511917,2020
2025-05-20 10:13:56.012028,2021
2025-05-20 10:13:56.511946,2022
2025-05-20 10:13:57.011985,2023
2025-05-20 10:13:57.511961,2024
2025-05-20 10:13:58.011986,2025
2025-05-20 10:13:58.511845,2026
2025-05-20 10:13:59.011966,2027
2025-05-20 10:13:59.512068,2028
2025-05-20 10:14:00.012168,2029
2025-05-20 10:14:00.511961,2030
2025-05-20 10:14:01.011921,2031
2025-05-20 10:14:01.512033,2032
2025-05-20 10:14:02.012028,2033
2025-05-20 10:14:02.512005,2034
2025-05-20 10:14:03.011951,2035
2025-05-20 10:14:03.511964,2036
2025-05-20 10:14:04.011989,2037
2025-05-20 10:14:04.511841,2038
2025-05-20 10:14:05.012202,2039
2025-05-20 10:14:05.511914,2040
2025-05-20 10:14:06.011983,2041
2025-05-20 10:14:06.511959,2042
2025-05-20 10:14:07.011981,2043
2025-05-20 10:14:07.512074,2044
2025-05-20 10:14:08.011965,2045
2025-05-20 10:14:08.511971,2046
2025-05-20 10:14:09.011961,2047
2025-05-20 10:14:09.511214,2048
2025-05-20 10:14:10.011845,2049
2025-05-20 10:14:10.511987,2050
2025-05-20 10:14:11.011967,2051
2025-05-20 10:14:11.511984,2052
2025-05-20 10:14:12.011941,2053
2025-05-20 10:14:12.511963,2054
2025-05-20 10:14:13.011915,2055
2025-05-20 10:14:13.511980,2056
2025-05-20 10:14:14.011993,2057
2025-05-20 10:14:14.511249,2058
2025-05-20 10:14:15.011986,2059
2025-05-20 10:14:15.511972,2060
2025-05-20 10:14:16.011823,2061
2025-05-20 10:14:16.511964,2062
2025-05-20 10:14:17.011926,2063
2025-05-20 10:14:17.511978,2064
2025-05-20 10:14:18.011968,2065
2025-05-20 10:14:18.511996,2066
2025-05-20 10:14:19.011909,2067
2025-05-20 10:14:19.511231,2068
2025-05-20 10:14:20.011832,2069
2025-05-20 10:14:20.511958,2070
2025-05-20 10:14:21.012042,2071
2025-05-20 10:14:21.512020,2072
2025-05-20 10:14:22.012036,2073
2025-05-20 10:14:22.511997,2074
2025-05-20 10:14:23.012010,2075
2025-05-20 10:14:23.511879,2076
2025-05-20 10:14:24.012038,2077
2025-05-20 10:14:24.511323,2078
2025-05-20 10:14:25.012135,2079
2025-05-20 10:14:25.512034,2080
2025-05-20 10:14:26.011996,2081
2025-05-20 10:14:26.512031,2082
2025-05-20 10:14:27.012025,2083
2025-05-20 10:14:27.512005,2084
2025-05-20 10:14:28.011814,2085
2025-05-20 10:14:28.512004,2086
2025-05-20 10:14:29.011979,2087
2025-05-20 10:14:29.511264,2088
2025-05-20 10:14:30.012271,2089
2025-05-20 10:14:30.512097,2090
2025-05-20 10:14:31.012064,2091
2025-05-20 10:14:31.512065,2092
2025-05-20 10:14:32.012057,2093
2025-05-20 10:14:32.512071,2094
2025-05-20 10:14:33.012034,2095
2025-05-20 10:14:33.511986,2096
2025-05-20 10:14:34.011920,2097
2025-05-20 10:14:34.511241,2098
2025-05-20 10:14:35.012106,2099
2025-05-20 10:14:35.511935,2100
2025-05-20 10:14:36.011926,2101
2025-05-20 10:14:36.511978,2102
2025-05-20 10:14:37.011997,2103
2025-05-20 10:14:37.511987,2104
2025-05-20 10:14:38.011997,2105
2025-05-20 10:14:38.511995,2106
2025-05-20 10:14:39.012003,2107
2025-05-20 10:14:39.511982,2108
2025-05-20 10:14:40.012124,2109
2025-05-20 10:14:40.511963,2110
2025-05-20 10:14:41.011991,2111
2025-05-20 10:14:41.511986,2112
2025-05-20 10:14:42.012001,2113
2025-05-20 10:14:42.512014,2114
2025-05-20 10:14:43.011970,2115
2025-05-20 10:14:43.512002,2116
2025-05-20 10:14:44.012008,2117
2025-05-20 10:14:44.511884,2118
2025-05-20 10:14:45.011999,2119
2025-05-20 10:14:45.511983,2120
2025-05-20 10:14:46.011955,2121
2025-05-20 10:14:46.511948,2122
2025-05-20 10:14:47.011945,2123
2025-05-20 10:14:47.511986,2124
2025-05-20 10:14:48.012031,2125
2025-05-20 10:14:48.511978,2126
2025-05-20 10:14:49.011970,2127
2025-05-20 10:14:49.512262,2128
2025-05-20 10:14:50.012152,2129
2025-05-20 10:14:50.511988,2130
2025-05-20 10:14:51.011986,2131
2025-05-20 10:14:51.511996,2132
2025-05-20 10:14:52.011999,2133
2025-05-20 10:14:52.511963,2134
2025-05-20 10:14:53.012009,2135
2025-05-20 10:14:53.511993,2136
2025-05-20 10:14:54.011948,2137
2025-05-20 10:14:54.511896,2138
2025-05-20 10:14:55.011992,2139
2025-05-20 10:14:55.511992,2140
2025-05-20 10:14:56.011982,2141
2025-05-20 10:14:56.511967,2142
2025-05-20 10:14:57.011981,2143
2025-05-20 10:14:57.511986,2144
2025-05-20 10:14:58.011983,2145
2025-05-20 10:14:58.511981,2146
2025-05-20 10:14:59.011992,2147
2025-05-20 10:14:59.511959,2148
2025-05-20 10:15:00.011988,2149
2025-05-20 10:15:00.511990,2150
2025-05-20 10:15:01.012004,2151
2025-05-20 10:15:01.511933,2152
2025-05-20 10:15:02.011485,2153
2025-05-20 10:15:02.511991,2154
2025-05-20 10:15:03.012007,2155
2025-05-20 10:15:03.511962,2156
2025-05-20 10:15:04.012011,2157
2025-05-20 10:15:04.511900,2158
2025-05-20 10:15:05.012034,2159
2025-05-20 10:15:05.511999,2160
2025-05-20 10:15:06.011988,2161
2025-05-20 10:15:06.511934,2162
2025-05-20 10:15:07.011989,2163
2025-05-20 10:15:07.511975,2164
2025-05-20 10:15:08.011983,2165
2025-05-20 10:15:08.512024,2166
2025-05-20 10:15:09.011995,2167
2025-05-20 10:15:09.511997,2168
2025-05-20 10:15:10.011847,2169
2025-05-20 10:15:10.512164,2170
2025-05-20 10:15:11.011974,2171
2025-05-20 10:15:11.511968,2172
2025-05-20 10:15:12.012117,2173
2025-05-20 10:15:12.511996,2174
2025-05-20 10:15:13.011960,2175
2025-05-20 10:15:13.512009,2176
2025-05-20 10:15:14.011994,2177
2025-05-20 10:15:14.511932,2178
2025-05-20 10:15:15.011854,2179
2025-05-20 10:15:15.512110,2180
2025-05-20 10:15:16.011990,2181
2025-05-20 10:15:16.512165,2182
2025-05-20 10:15:17.011957,2183
2025-05-20 10:15:17.511999,2184
2025-05-20 10:15:18.011964,2185
2025-05-20 10:15:18.511997,2186
2025-05-20 10:15:19.011821,2187
2025-05-20 10:15:19.512043,2188
2025-05-20 10:15:20.012076,2189
2025-05-20 10:15:20.511989,2190
2025-05-20 10:15:21.011788,2191
2025-05-20 10:15:21.512001,2192
2025-05-20 10:15:22.011916,2193
2025-05-20 10:15:22.511955,2194
2025-05-20 10:15:23.011953,2195
2025-05-20 10:15:23.512167,2196
2025-05-20 10:15:24.012141,2197
2025-05-20 10:15:24.512193,2198
2025-05-20 10:15:25.012160,2199
2025-05-20 10:15:25.511967,2200
2025-05-20 10:15:26.012088,2201
2025-05-20 10:15:26.511961,2202
2025-05-20 10:15:27.011966,2203
2025-05-20 10:15:27.511960,2204
2025-05-20 10:15:28.011641,2205
2025-05-20 10:15:28.511974,2206
2025-05-20 10:15:29.011962,2207
2025-05-20 10:15:29.512102,2208
2025-05-20 10:15:30.012071,2209
2025-05-20 10:15:30.512106,2210
2025-05-20 10:15:31.012108,2211
2025-05-20 10:15:31.512087,2212
2025-05-20 10:15:32.012047,2213
2025-05-20 10:15:32.512129,2214
2025-05-20 10:15:33.012129,2215
2025-05-20 10:15:33.512124,2216
2025-05-20 10:15:34.012136,2217
2025-05-20 10:15:34.512134,2218
2025-05-20 10:15:35.012261,2219
2025-05-20 10:15:35.512100,2220
2025-05-20 10:15:36.012097,2221
2025-05-20 10:15:36.512060,2222
2025-05-20 10:15:37.012058,2223
2025-05-20 10:15:37.512043,2224
2025-05-20 10:15:38.012059,2225
2025-05-20 10:15:38.512061,2226
2025-05-20 10:15:39.012060,2227
2025-05-20 10:15:39.512023,2228
2025-05-20 10:15:40.012204,2229
2025-05-20 10:15:40.512053,2230
2025-05-20 10:15:41.012065,2231
2025-05-20 10:15:41.512061,2232
2025-05-20 10:15:42.012071,2233
2025-05-20 10:15:42.512075,2234
2025-05-20 10:15:43.012091,2235
2025-05-20 10:15:43.512093,2236
2025-05-20 10:15:44.012051,2237
2025-05-20 10:15:44.512102,2238
2025-05-20 10:15:45.012309,2239
2025-05-20 10:15:45.512045,2240
2025-05-20 10:15:46.012044,2241
2025-05-20 10:15:46.512032,2242
2025-05-20 10:15:47.012082,2243
2025-05-20 10:15:47.512090,2244
2025-05-20 10:15:48.012024,2245
2025-05-20 10:15:48.512075,2246
2025-05-20 10:15:49.012043,2247
2025-05-20 10:15:49.512208,2248
2025-05-20 10:15:50.012214,2249
2025-05-20 10:15:50.512060,2250
2025-05-20 10:15:51.011938,2251
2025-05-20 10:15:51.512060,2252
2025-05-20 10:15:52.012103,2253
2025-05-20 10:15:52.512112,2254
2025-05-20 10:15:53.012146,2255
2025-05-20 10:15:53.512210,2256
2025-05-20 10:15:54.012100,2257
2025-05-20 10:15:54.512072,2258
2025-05-20 10:15:55.012178,2259
2025-05-20 10:15:55.512080,2260
2025-05-20 10:15:56.012015,2261
2025-05-20 10:15:56.512054,2262
2025-05-20 10:15:57.012056,2263
2025-05-20 10:15:57.512062,2264
2025-05-20 10:15:58.012056,2265
2025-05-20 10:15:58.512043,2266
2025-05-20 10:15:59.012075,2267
2025-05-20 10:15:59.512046,2268
2025-05-20 10:16:00.011968,2269
2025-05-20 10:16:00.512066,2270
2025-05-20 10:16:01.012090,2271
2025-05-20 10:16:01.512085,2272
2025-05-20 10:16:02.012088,2273
2025-05-20 10:16:02.512065,2274
2025-05-20 10:16:03.012064,2275
2025-05-20 10:16:03.512078,2276
2025-05-20 10:16:04.011128,2277
2025-05-20 10:16:04.512127,2278
2025-05-20 10:16:05.012309,2279
2025-05-20 10:16:05.512291,2280
2025-05-20 10:16:06.011991,2281
2025-05-20 10:16:06.511956,2282
2025-05-20 10:16:07.012249,2283
2025-05-20 10:16:07.511921,2284
2025-05-20 10:16:08.012046,2285
2025-05-20 10:16:08.512274,2286
2025-05-20 10:16:09.011186,2287
2025-05-20 10:16:09.512252,2288
2025-05-20 10:16:10.012104,2289
2025-05-20 10:16:10.512246,2290
2025-05-20 10:16:11.012272,2291
2025-05-20 10:16:11.512197,2292
2025-05-20 10:16:12.012377,2293
2025-05-20 10:16:12.512211,2294
2025-05-20 10:16:13.012181,2295
2025-05-20 10:16:13.512042,2296
2025-05-20 10:16:14.012206,2297
2025-05-20 10:16:14.512175,2298
2025-05-20 10:16:15.012178,2299
2025-05-20 10:16:15.512133,2300
2025-05-20 10:16:16.011895,2301
2025-05-20 10:16:16.511988,2302
2025-05-20 10:16:17.012007,2303
2025-05-20 10:16:17.512028,2304
2025-05-20 10:16:18.011990,2305
2025-05-20 10:16:18.512024,2306
2025-05-20 10:16:19.011982,2307
2025-05-20 10:16:19.512012,2308
2025-05-20 10:16:20.012127,2309
2025-05-20 10:16:20.512018,2310
2025-05-20 10:16:21.011976,2311
2025-05-20 10:16:21.512001,2312
2025-05-20 10:16:22.011989,2313
2025-05-20 10:16:22.511980,2314
2025-05-20 10:16:23.012019,2315
2025-05-20 10:16:23.512005,2316
2025-05-20 10:16:24.011994,2317
2025-05-20 10:16:24.512004,2318
2025-05-20 10:16:25.012146,2319
2025-05-20 10:16:25.512077,2320
2025-05-20 10:16:26.012042,2321
2025-05-20 10:16:26.511988,2322
2025-05-20 10:16:27.012134,2323
2025-05-20 10:16:27.512002,2324
2025-05-20 10:16:28.012045,2325
2025-05-20 10:16:28.512040,2326
2025-05-20 10:16:29.012046,2327
2025-05-20 10:16:29.512037,2328
2025-05-20 10:16:30.012177,2329
2025-05-20 10:16:30.512049,2330
2025-05-20 10:16:31.012064,2331
2025-05-20 10:16:31.512048,2332
2025-05-20 10:16:32.012068,2333
2025-05-20 10:16:32.512116,2334
2025-05-20 10:16:33.012109,2335
2025-05-20 10:16:33.512101,2336
2025-05-20 10:16:34.012102,2337
2025-05-20 10:16:34.512030,2338
2025-05-20 10:16:35.012086,2339
2025-05-20 10:16:35.512098,2340
2025-05-20 10:16:36.012093,2341
2025-05-20 10:16:36.512092,2342
2025-05-20 10:16:37.012045,2343
2025-05-20 10:16:37.512050,2344
2025-05-20 10:16:38.012042,2345
2025-05-20 10:16:38.512100,2346
2025-05-20 10:16:39.012118,2347
2025-05-20 10:16:39.512131,2348
2025-05-20 10:16:40.012252,2349
2025-05-20 10:16:40.512114,2350
2025-05-20 10:16:41.012137,2351
2025-05-20 10:16:41.512089,2352
2025-05-20 10:16:42.012118,2353
2025-05-20 10:16:42.512109,2354
2025-05-20 10:16:43.012142,2355
2025-05-20 10:16:43.512114,2356
2025-05-20 10:16:44.012135,2357
2025-05-20 10:16:44.512074,2358
2025-05-20 10:16:45.012325,2359
2025-05-20 10:16:45.512105,2360
2025-05-20 10:16:46.012097,2361
2025-05-20 10:16:46.512069,2362
2025-05-20 10:16:47.012090,2363
2025-05-20 10:16:47.512052,2364
2025-05-20 10:16:48.012065,2365
2025-05-20 10:16:48.512090,2366
2025-05-20 10:16:49.012038,2367
2025-05-20 10:16:49.512036,2368
2025-05-20 10:16:50.012350,2369
2025-05-20 10:16:50.512088,2370
2025-05-20 10:16:51.012244,2371
2025-05-20 10:16:51.512298,2372
2025-05-20 10:16:52.012138,2373
2025-05-20 10:16:52.512075,2374
2025-05-20 10:16:53.012131,2375
2025-05-20 10:16:53.512031,2376
2025-05-20 10:16:54.012144,2377
2025-05-20 10:16:54.512012,2378
2025-05-20 10:16:55.012091,2379
2025-05-20 10:16:55.512063,2380
2025-05-20 10:16:56.011972,2381
2025-05-20 10:16:56.512007,2382
2025-05-20 10:16:57.011979,2383
2025-05-20 10:16:57.511985,2384
2025-05-20 10:16:58.011984,2385
2025-05-20 10:16:58.511968,2386
2025-05-20 10:16:59.011980,2387
2025-05-20 10:16:59.512078,2388
2025-05-20 10:17:00.012058,2389
2025-05-20 10:17:00.512092,2390
2025-05-20 10:17:01.012097,2391
2025-05-20 10:17:01.512060,2392
2025-05-20 10:17:02.012101,2393
2025-05-20 10:17:02.512064,2394
2025-05-20 10:17:03.012061,2395
2025-05-20 10:17:03.512042,2396
2025-05-20 10:17:04.011991,2397
2025-05-20 10:17:04.511971,2398
2025-05-20 10:17:05.011970,2399
2025-05-20 10:17:05.512000,2400
2025-05-20 10:17:06.011489,2401
2025-05-20 10:17:06.511999,2402
2025-05-20 10:17:07.011984,2403
2025-05-20 10:17:07.511868,2404
2025-05-20 10:17:08.012008,2405
2025-05-20 10:17:08.512018,2406
2025-05-20 10:17:09.011970,2407
2025-05-20 10:17:09.512139,2408
2025-05-20 10:17:10.011944,2409
2025-05-20 10:17:10.512117,2410
2025-05-20 10:17:11.012106,2411
2025-05-20 10:17:11.512107,2412
2025-05-20 10:17:12.012119,2413
2025-05-20 10:17:12.512121,2414
2025-05-20 10:17:13.012057,2415
2025-05-20 10:17:13.512107,2416
2025-05-20 10:17:14.012088,2417
2025-05-20 10:17:14.512093,2418
2025-05-20 10:17:15.012061,2419
2025-05-20 10:17:15.512111,2420
2025-05-20 10:17:16.011767,2421
2025-05-20 10:17:16.512088,2422
2025-05-20 10:17:17.011994,2423
2025-05-20 10:17:17.512083,2424
2025-05-20 10:17:18.012059,2425
2025-05-20 10:17:18.512109,2426
2025-05-20 10:17:19.012066,2427
2025-05-20 10:17:19.512069,2428
2025-05-20 10:17:20.012201,2429
2025-05-20 10:17:20.512028,2430
2025-05-20 10:17:21.012081,2431
2025-05-20 10:17:21.512063,2432
2025-05-20 10:17:22.012015,2433
2025-05-20 10:17:22.512104,2434
2025-05-20 10:17:23.012064,2435
2025-05-20 10:17:23.512107,2436
2025-05-20 10:17:24.012106,2437
2025-05-20 10:17:24.512067,2438
2025-05-20 10:17:25.012067,2439
2025-05-20 10:17:25.512115,2440
2025-05-20 10:17:26.012060,2441
2025-05-20 10:17:26.512106,2442
2025-05-20 10:17:27.011820,2443
2025-05-20 10:17:27.511994,2444
2025-05-20 10:17:28.011663,2445
2025-05-20 10:17:28.512093,2446
2025-05-20 10:17:29.012065,2447
2025-05-20 10:17:29.512059,2448
2025-05-20 10:17:30.012231,2449
2025-05-20 10:17:30.512115,2450
2025-05-20 10:17:31.012087,2451
2025-05-20 10:17:31.512098,2452
2025-05-20 10:17:32.012102,2453
2025-05-20 10:17:32.512074,2454
2025-05-20 10:17:33.012079,2455
2025-05-20 10:17:33.512066,2456
2025-05-20 10:17:34.012072,2457
2025-05-20 10:17:34.512065,2458
2025-05-20 10:17:35.012085,2459
2025-05-20 10:17:35.511997,2460
2025-05-20 10:17:36.012072,2461
2025-05-20 10:17:36.512090,2462
2025-05-20 10:17:37.012104,2463
2025-05-20 10:17:37.512061,2464
2025-05-20 10:17:38.012064,2465
2025-05-20 10:17:38.512093,2466
2025-05-20 10:17:39.012073,2467
2025-05-20 10:17:39.512089,2468
2025-05-20 10:17:40.012214,2469
2025-05-20 10:17:40.512063,2470
2025-05-20 10:17:41.012062,2471
2025-05-20 10:17:41.512064,2472
2025-05-20 10:17:42.012059,2473
2025-05-20 10:17:42.511983,2474
2025-05-20 10:17:43.012071,2475
2025-05-20 10:17:43.512024,2476
2025-05-20 10:17:44.012088,2477
2025-05-20 10:17:44.512067,2478
2025-05-20 10:17:45.012071,2479
2025-05-20 10:17:45.512065,2480
2025-05-20 10:17:46.012067,2481
2025-05-20 10:17:46.512106,2482
2025-05-20 10:17:47.012129,2483
2025-05-20 10:17:47.512101,2484
2025-05-20 10:17:48.012109,2485
2025-05-20 10:17:48.512083,2486
2025-05-20 10:17:49.012136,2487
2025-05-20 10:17:49.512149,2488
2025-05-20 10:17:50.012095,2489
2025-05-20 10:17:50.512139,2490
2025-05-20 10:17:51.012131,2491
2025-05-20 10:17:51.512092,2492
2025-05-20 10:17:52.012079,2493
2025-05-20 10:17:52.512100,2494
2025-05-20 10:17:53.012063,2495
2025-05-20 10:17:53.512103,2496
2025-05-20 10:17:54.012067,2497
2025-05-20 10:17:54.512084,2498
2025-05-20 10:17:55.012044,2499
2025-05-20 10:17:55.512050,2500
2025-05-20 10:17:56.012077,2501
2025-05-20 10:17:56.512150,2502
2025-05-20 10:17:57.012079,2503
2025-05-20 10:17:57.512083,2504
2025-05-20 10:17:58.012074,2505
2025-05-20 10:17:58.512061,2506
2025-05-20 10:17:59.012018,2507
2025-05-20 10:17:59.511970,2508
2025-05-20 10:18:00.012015,2509
2025-05-20 10:18:00.512001,2510
2025-05-20 10:18:01.011969,2511
2025-05-20 10:18:01.511941,2512
2025-05-20 10:18:02.011965,2513
2025-05-20 10:18:02.511967,2514
2025-05-20 10:18:03.011950,2515
2025-05-20 10:18:03.511940,2516
2025-05-20 10:18:04.011935,2517
2025-05-20 10:18:04.511946,2518
2025-05-20 10:18:05.012097,2519
2025-05-20 10:18:05.511944,2520
2025-05-20 10:18:06.011944,2521
2025-05-20 10:18:06.511883,2522
2025-05-20 10:18:07.011958,2523
2025-05-20 10:18:07.511990,2524
2025-05-20 10:18:08.011979,2525
2025-05-20 10:18:08.512232,2526
2025-05-20 10:18:09.012260,2527
2025-05-20 10:18:09.512031,2528
2025-05-20 10:18:10.011797,2529
2025-05-20 10:18:10.512126,2530
2025-05-20 10:18:11.012004,2531
2025-05-20 10:18:11.511943,2532
2025-05-20 10:18:12.011964,2533
2025-05-20 10:18:12.511901,2534
2025-05-20 10:18:13.011835,2535
2025-05-20 10:18:13.511979,2536
2025-05-20 10:18:14.011969,2537
2025-05-20 10:18:14.511947,2538
2025-05-20 10:18:15.012178,2539
2025-05-20 10:18:15.511942,2540
2025-05-20 10:18:16.011753,2541
2025-05-20 10:18:16.511968,2542
2025-05-20 10:18:17.011958,2543
2025-05-20 10:18:17.511929,2544
2025-05-20 10:18:18.011982,2545
2025-05-20 10:18:18.512006,2546
2025-05-20 10:18:19.011985,2547
2025-05-20 10:18:19.511944,2548
2025-05-20 10:18:20.011964,2549
2025-05-20 10:18:20.511913,2550
2025-05-20 10:18:21.011951,2551
2025-05-20 10:18:21.511981,2552
2025-05-20 10:18:22.011948,2553
2025-05-20 10:18:22.511971,2554
2025-05-20 10:18:23.012034,2555
2025-05-20 10:18:23.511983,2556
2025-05-20 10:18:24.012041,2557
2025-05-20 10:18:24.511978,2558
2025-05-20 10:18:25.011993,2559
2025-05-20 10:18:25.511997,2560
2025-05-20 10:18:26.011987,2561
2025-05-20 10:18:26.511994,2562
2025-05-20 10:18:27.011812,2563
2025-05-20 10:18:27.512002,2564
2025-05-20 10:18:28.011663,2565
2025-05-20 10:18:28.512025,2566
2025-05-20 10:18:29.011975,2567
2025-05-20 10:18:29.512015,2568
2025-05-20 10:18:30.011900,2569
2025-05-20 10:18:30.511915,2570
2025-05-20 10:18:31.011982,2571
2025-05-20 10:18:31.511619,2572
2025-05-20 10:18:32.011904,2573
2025-05-20 10:18:32.511991,2574
2025-05-20 10:18:33.011999,2575
2025-05-20 10:18:33.512006,2576
2025-05-20 10:18:34.011994,2577
2025-05-20 10:18:34.511975,2578
2025-05-20 10:18:35.011989,2579
2025-05-20 10:18:35.512012,2580
2025-05-20 10:18:36.011972,2581
2025-05-20 10:18:36.511980,2582
2025-05-20 10:18:37.011966,2583
2025-05-20 10:18:37.511869,2584
2025-05-20 10:18:38.011990,2585
2025-05-20 10:18:38.511995,2586
2025-05-20 10:18:39.011995,2587
2025-05-20 10:18:39.511927,2588
2025-05-20 10:18:40.011964,2589
2025-05-20 10:18:40.512003,2590
2025-05-20 10:18:41.011959,2591
2025-05-20 10:18:41.511984,2592
2025-05-20 10:18:42.011997,2593
2025-05-20 10:18:42.511975,2594
2025-05-20 10:18:43.011961,2595
2025-05-20 10:18:43.512021,2596
2025-05-20 10:18:44.011971,2597
2025-05-20 10:18:44.511986,2598
2025-05-20 10:18:45.012137,2599
2025-05-20 10:18:45.511985,2600
2025-05-20 10:18:46.011992,2601
2025-05-20 10:18:46.511994,2602
2025-05-20 10:18:47.012042,2603
2025-05-20 10:18:47.512030,2604
2025-05-20 10:18:48.011940,2605
2025-05-20 10:18:48.511995,2606
2025-05-20 10:18:49.011986,2607
2025-05-20 10:18:49.511992,2608
2025-05-20 10:18:50.011987,2609
2025-05-20 10:18:50.511982,2610
2025-05-20 10:18:51.011963,2611
2025-05-20 10:18:51.511992,2612
2025-05-20 10:18:52.012002,2613
2025-05-20 10:18:52.512008,2614
2025-05-20 10:18:53.012022,2615
2025-05-20 10:18:53.512033,2616
2025-05-20 10:18:54.012038,2617
2025-05-20 10:18:54.512043,2618
2025-05-20 10:18:55.012067,2619
2025-05-20 10:18:55.511999,2620
2025-05-20 10:18:56.012018,2621
2025-05-20 10:18:56.512051,2622
2025-05-20 10:18:57.012045,2623
2025-05-20 10:18:57.511995,2624
2025-05-20 10:18:58.012000,2625
2025-05-20 10:18:58.511951,2626
2025-05-20 10:18:59.011957,2627
2025-05-20 10:18:59.511976,2628
2025-05-20 10:19:00.011912,2629
2025-05-20 10:19:00.512017,2630
2025-05-20 10:19:01.011982,2631
2025-05-20 10:19:01.512022,2632
2025-05-20 10:19:02.011976,2633
2025-05-20 10:19:02.511936,2634
2025-05-20 10:19:03.011858,2635
2025-05-20 10:19:03.511891,2636
2025-05-20 10:19:04.011969,2637
2025-05-20 10:19:04.512022,2638
2025-05-20 10:19:05.012031,2639
2025-05-20 10:19:05.511986,2640
2025-05-20 10:19:06.011981,2641
2025-05-20 10:19:06.512002,2642
2025-05-20 10:19:07.011977,2643
2025-05-20 10:19:07.511966,2644
2025-05-20 10:19:08.011972,2645
2025-05-20 10:19:08.512073,2646
2025-05-20 10:19:09.012155,2647
2025-05-20 10:19:09.511992,2648
2025-05-20 10:19:10.011474,2649
2025-05-20 10:19:10.511907,2650
2025-05-20 10:19:11.011980,2651
2025-05-20 10:19:11.511979,2652
2025-05-20 10:19:12.011919,2653
2025-05-20 10:19:12.511978,2654
2025-05-20 10:19:13.011983,2655
2025-05-20 10:19:13.511980,2656
2025-05-20 10:19:14.011969,2657
2025-05-20 10:19:14.511990,2658
2025-05-20 10:19:15.012156,2659
2025-05-20 10:19:15.512055,2660
2025-05-20 10:19:16.011598,2661
2025-05-20 10:19:16.511916,2662
2025-05-20 10:19:17.011928,2663
2025-05-20 10:19:17.511958,2664
2025-05-20 10:19:18.011923,2665
2025-05-20 10:19:18.511989,2666
2025-05-20 10:19:19.011952,2667
2025-05-20 10:19:19.511951,2668
2025-05-20 10:19:20.012048,2669
2025-05-20 10:19:20.511954,2670
2025-05-20 10:19:21.011936,2671
2025-05-20 10:19:21.511952,2672
2025-05-20 10:19:22.011942,2673
2025-05-20 10:19:22.511950,2674
2025-05-20 10:19:23.011989,2675
2025-05-20 10:19:23.511963,2676
2025-05-20 10:19:24.011964,2677
2025-05-20 10:19:24.511930,2678
2025-05-20 10:19:25.011902,2679
2025-05-20 10:19:25.511961,2680
2025-05-20 10:19:26.011934,2681
2025-05-20 10:19:26.511956,2682
2025-05-20 10:19:27.011619,2683
2025-05-20 10:19:27.512006,2684
2025-05-20 10:19:28.011833,2685
2025-05-20 10:19:28.511934,2686
2025-05-20 10:19:29.011941,2687
2025-05-20 10:19:29.511970,2688
2025-05-20 10:19:30.012127,2689
2025-05-20 10:19:30.511976,2690
2025-05-20 10:19:31.011963,2691
2025-05-20 10:19:31.511795,2692
2025-05-20 10:19:32.012040,2693
2025-05-20 10:19:32.511980,2694
2025-05-20 10:19:33.012044,2695
2025-05-20 10:19:33.511967,2696
2025-05-20 10:19:34.012081,2697
2025-05-20 10:19:34.511977,2698
2025-05-20 10:19:35.012114,2699
2025-05-20 10:19:35.511987,2700
2025-05-20 10:19:36.011922,2701
2025-05-20 10:19:36.512044,2702
2025-05-20 10:19:37.011964,2703
2025-05-20 10:19:37.511978,2704
2025-05-20 10:19:38.011919,2705
2025-05-20 10:19:38.511967,2706
2025-05-20 10:19:39.011972,2707
2025-05-20 10:19:39.511988,2708
2025-05-20 10:19:40.011892,2709
2025-05-20 10:19:40.511970,2710
2025-05-20 10:19:41.012030,2711
2025-05-20 10:19:41.511961,2712
2025-05-20 10:19:42.011927,2713
2025-05-20 10:19:42.511928,2714
2025-05-20 10:19:43.011948,2715
2025-05-20 10:19:43.511965,2716
2025-05-20 10:19:44.011960,2717
2025-05-20 10:19:44.511855,2718
2025-05-20 10:19:45.012189,2719
2025-05-20 10:19:45.512064,2720
2025-05-20 10:19:46.012030,2721
2025-05-20 10:19:46.511989,2722
2025-05-20 10:19:47.011997,2723
2025-05-20 10:19:47.512007,2724
2025-05-20 10:19:48.011988,2725
2025-05-20 10:19:48.512004,2726
2025-05-20 10:19:49.011966,2727
2025-05-20 10:19:49.512003,2728
2025-05-20 10:19:50.012195,2729
2025-05-20 10:19:50.512008,2730
2025-05-20 10:19:51.012008,2731
2025-05-20 10:19:51.511991,2732
2025-05-20 10:19:52.011993,2733
2025-05-20 10:19:52.511972,2734
2025-05-20 10:19:53.011933,2735
2025-05-20 10:19:53.512143,2736
2025-05-20 10:19:54.011998,2737
2025-05-20 10:19:54.511859,2738
2025-05-20 10:19:55.012023,2739
2025-05-20 10:19:55.511978,2740
2025-05-20 10:19:56.011990,2741
2025-05-20 10:19:56.511930,2742
2025-05-20 10:19:57.011943,2743
2025-05-20 10:19:57.511980,2744
2025-05-20 10:19:58.011931,2745
2025-05-20 10:19:58.511963,2746
2025-05-20 10:19:59.012022,2747
2025-05-20 10:19:59.511901,2748
2025-05-20 10:20:00.011658,2749
2025-05-20 10:20:00.511996,2750
2025-05-20 10:20:01.011993,2751
2025-05-20 10:20:01.512023,2752
2025-05-20 10:20:02.012028,2753
2025-05-20 10:20:02.512153,2754
2025-05-20 10:20:03.012020,2755
2025-05-20 10:20:03.512068,2756
2025-05-20 10:20:04.012038,2757
2025-05-20 10:20:04.512060,2758
2025-05-20 10:20:05.012232,2759
2025-05-20 10:20:05.511951,2760
2025-05-20 10:20:06.011990,2761
2025-05-20 10:20:06.511994,2762
2025-05-20 10:20:07.012006,2763
2025-05-20 10:20:07.512033,2764
2025-05-20 10:20:08.012037,2765
2025-05-20 10:20:08.511987,2766
2025-05-20 10:20:09.011978,2767
2025-05-20 10:20:09.511930,2768
2025-05-20 10:20:10.011339,2769
2025-05-20 10:20:10.512002,2770
2025-05-20 10:20:11.012000,2771
2025-05-20 10:20:11.511948,2772
2025-05-20 10:20:12.012019,2773
2025-05-20 10:20:12.511940,2774
2025-05-20 10:20:13.012018,2775
2025-05-20 10:20:13.511987,2776
2025-05-20 10:20:14.011986,2777
2025-05-20 10:20:14.511990,2778
2025-05-20 10:20:15.012148,2779
2025-05-20 10:20:15.511981,2780
2025-05-20 10:20:16.011636,2781
2025-05-20 10:20:16.512000,2782
2025-05-20 10:20:17.011972,2783
2025-05-20 10:20:17.511963,2784
2025-05-20 10:20:18.011979,2785
2025-05-20 10:20:18.511957,2786
2025-05-20 10:20:19.011981,2787
2025-05-20 10:20:19.511992,2788
2025-05-20 10:20:20.012019,2789
2025-05-20 10:20:20.512022,2790
2025-05-20 10:20:21.011986,2791
2025-05-20 10:20:21.511972,2792
2025-05-20 10:20:22.011962,2793
2025-05-20 10:20:22.511997,2794
2025-05-20 10:20:23.011958,2795
2025-05-20 10:20:23.511851,2796
2025-05-20 10:20:24.011964,2797
2025-05-20 10:20:24.511947,2798
2025-05-20 10:20:25.012119,2799
2025-05-20 10:20:25.512120,2800
2025-05-20 10:20:26.011999,2801
2025-05-20 10:20:26.511842,2802
2025-05-20 10:20:27.011410,2803
2025-05-20 10:20:27.511944,2804
2025-05-20 10:20:28.012015,2805
2025-05-20 10:20:28.511945,2806
2025-05-20 10:20:29.011987,2807
2025-05-20 10:20:29.511994,2808
2025-05-20 10:20:30.012017,2809
2025-05-20 10:20:30.511955,2810
2025-05-20 10:20:31.011954,2811
2025-05-20 10:20:31.511980,2812
2025-05-20 10:20:32.011906,2813
2025-05-20 10:20:32.511995,2814
2025-05-20 10:20:33.011972,2815
2025-05-20 10:20:33.511884,2816
2025-05-20 10:20:34.011970,2817
2025-05-20 10:20:34.511905,2818
2025-05-20 10:20:35.012118,2819
2025-05-20 10:20:35.511939,2820
2025-05-20 10:20:36.011995,2821
2025-05-20 10:20:36.511901,2822
2025-05-20 10:20:37.011904,2823
2025-05-20 10:20:37.512135,2824
2025-05-20 10:20:38.011961,2825
2025-05-20 10:20:38.512000,2826
2025-05-20 10:20:39.011942,2827
2025-05-20 10:20:39.511974,2828
2025-05-20 10:20:40.012108,2829
2025-05-20 10:20:40.511875,2830
2025-05-20 10:20:41.011990,2831
2025-05-20 10:20:41.511963,2832
2025-05-20 10:20:42.011939,2833
2025-05-20 10:20:42.511941,2834
2025-05-20 10:20:43.011960,2835
2025-05-20 10:20:43.511870,2836
2025-05-20 10:20:44.011965,2837
2025-05-20 10:20:44.511971,2838
2025-05-20 10:20:45.012128,2839
2025-05-20 10:20:45.511918,2840
2025-05-20 10:20:46.011943,2841
2025-05-20 10:20:46.511981,2842
2025-05-20 10:20:47.011951,2843
2025-05-20 10:20:47.511997,2844
2025-05-20 10:20:48.011976,2845
2025-05-20 10:20:48.511933,2846
2025-05-20 10:20:49.011966,2847
2025-05-20 10:20:49.511977,2848
2025-05-20 10:20:50.011995,2849
2025-05-20 10:20:50.511960,2850
2025-05-20 10:20:51.012052,2851
2025-05-20 10:20:51.511952,2852
2025-05-20 10:20:52.011942,2853
2025-05-20 10:20:52.511964,2854
2025-05-20 10:20:53.012025,2855
2025-05-20 10:20:53.512039,2856
2025-05-20 10:20:54.012005,2857
2025-05-20 10:20:54.511982,2858
2025-05-20 10:20:55.012017,2859
2025-05-20 10:20:55.511900,2860
2025-05-20 10:20:56.011921,2861
2025-05-20 10:20:56.511962,2862
2025-05-20 10:20:57.011956,2863
2025-05-20 10:20:57.511924,2864
2025-05-20 10:20:58.012133,2865
2025-05-20 10:20:58.512096,2866
2025-05-20 10:20:59.011779,2867
2025-05-20 10:20:59.511943,2868
2025-05-20 10:21:00.012041,2869
2025-05-20 10:21:00.511945,2870
2025-05-20 10:21:01.011976,2871
2025-05-20 10:21:01.511953,2872
2025-05-20 10:21:02.012016,2873
2025-05-20 10:21:02.511983,2874
2025-05-20 10:21:03.011966,2875
2025-05-20 10:21:03.511959,2876
2025-05-20 10:21:04.011949,2877
2025-05-20 10:21:04.511973,2878
2025-05-20 10:21:05.011909,2879
2025-05-20 10:21:05.511982,2880
2025-05-20 10:21:06.011994,2881
2025-05-20 10:21:06.511967,2882
2025-05-20 10:21:07.011959,2883
2025-05-20 10:21:07.511989,2884
2025-05-20 10:21:08.011996,2885
2025-05-20 10:21:08.511894,2886
2025-05-20 10:21:09.012043,2887
2025-05-20 10:21:09.512076,2888
2025-05-20 10:21:10.011828,2889
2025-05-20 10:21:10.512240,2890
2025-05-20 10:21:11.012055,2891
2025-05-20 10:21:11.512151,2892
2025-05-20 10:21:12.012186,2893
2025-05-20 10:21:12.512042,2894
2025-05-20 10:21:13.012009,2895
2025-05-20 10:21:13.512037,2896
2025-05-20 10:21:14.011956,2897
2025-05-20 10:21:14.512016,2898
2025-05-20 10:21:15.012011,2899
2025-05-20 10:21:15.511912,2900
2025-05-20 10:21:16.011810,2901
2025-05-20 10:21:16.512106,2902
2025-05-20 10:21:17.011977,2903
2025-05-20 10:21:17.512002,2904
2025-05-20 10:21:18.012010,2905
2025-05-20 10:21:18.512023,2906
2025-05-20 10:21:19.011963,2907
2025-05-20 10:21:19.512008,2908
2025-05-20 10:21:20.012001,2909
2025-05-20 10:21:20.511905,2910
2025-05-20 10:21:21.012013,2911
2025-05-20 10:21:21.512008,2912
2025-05-20 10:21:22.012004,2913
2025-05-20 10:21:22.512024,2914
2025-05-20 10:21:23.011964,2915
2025-05-20 10:21:23.511971,2916
2025-05-20 10:21:24.011969,2917
2025-05-20 10:21:24.511964,2918
2025-05-20 10:21:25.011978,2919
2025-05-20 10:21:25.512098,2920
2025-05-20 10:21:26.011971,2921
2025-05-20 10:21:26.511979,2922
2025-05-20 10:21:27.011505,2923
2025-05-20 10:21:27.511977,2924
2025-05-20 10:21:28.011775,2925
2025-05-20 10:21:28.511974,2926
2025-05-20 10:21:29.011934,2927
2025-05-20 10:21:29.511970,2928
2025-05-20 10:21:30.012173,2929
2025-05-20 10:21:30.511933,2930
2025-05-20 10:21:31.011969,2931
2025-05-20 10:21:31.511965,2932
2025-05-20 10:21:32.011973,2933
2025-05-20 10:21:32.511917,2934
2025-05-20 10:21:33.011917,2935
2025-05-20 10:21:33.511889,2936
2025-05-20 10:21:34.011969,2937
2025-05-20 10:21:34.511964,2938
2025-05-20 10:21:35.011933,2939
2025-05-20 10:21:35.512012,2940
2025-05-20 10:21:36.012171,2941
2025-05-20 10:21:36.511992,2942
2025-05-20 10:21:37.011973,2943
2025-05-20 10:21:37.511900,2944
2025-05-20 10:21:38.012028,2945
2025-05-20 10:21:38.512019,2946
2025-05-20 10:21:39.012006,2947
2025-05-20 10:21:39.511953,2948
2025-05-20 10:21:40.012117,2949
2025-05-20 10:21:40.511980,2950
2025-05-20 10:21:41.012003,2951
2025-05-20 10:21:41.511943,2952
2025-05-20 10:21:42.011998,2953
2025-05-20 10:21:42.511959,2954
2025-05-20 10:21:43.011991,2955
2025-05-20 10:21:43.511982,2956
2025-05-20 10:21:44.012004,2957
2025-05-20 10:21:44.512011,2958
2025-05-20 10:21:45.012084,2959
2025-05-20 10:21:45.511990,2960
2025-05-20 10:21:46.011914,2961
2025-05-20 10:21:46.512038,2962
2025-05-20 10:21:47.011979,2963
2025-05-20 10:21:47.511892,2964
2025-05-20 10:21:48.011921,2965
2025-05-20 10:21:48.511969,2966
2025-05-20 10:21:49.011964,2967
2025-05-20 10:21:49.512033,2968
2025-05-20 10:21:50.011977,2969
2025-05-20 10:21:50.511965,2970
2025-05-20 10:21:51.011855,2971
2025-05-20 10:21:51.511848,2972
2025-05-20 10:21:52.011898,2973
2025-05-20 10:21:52.511926,2974
2025-05-20 10:21:53.011927,2975
2025-05-20 10:21:53.511887,2976
2025-05-20 10:21:54.011902,2977
2025-05-20 10:21:54.511919,2978
2025-05-20 10:21:55.011904,2979
2025-05-20 10:21:55.511884,2980
2025-05-20 10:21:56.011936,2981
2025-05-20 10:21:56.511925,2982
2025-05-20 10:21:57.011935,2983
2025-05-20 10:21:57.511909,2984
2025-05-20 10:21:58.011903,2985
2025-05-20 10:21:58.511903,2986
2025-05-20 10:21:59.011902,2987
2025-05-20 10:21:59.511899,2988
2025-05-20 10:22:00.011904,2989
2025-05-20 10:22:00.511894,2990
2025-05-20 10:22:01.011906,2991
2025-05-20 10:22:01.511906,2992
2025-05-20 10:22:02.011899,2993
2025-05-20 10:22:02.511913,2994
2025-05-20 10:22:03.011904,2995
2025-05-20 10:22:03.511866,2996
2025-05-20 10:22:04.011931,2997
2025-05-20 10:22:04.511835,2998
2025-05-20 10:22:05.012038,2999
2025-05-20 10:22:05.511881,3000
2025-05-20 10:22:06.011936,3001
2025-05-20 10:22:06.511803,3002
2025-05-20 10:22:07.011934,3003
2025-05-20 10:22:07.511916,3004
2025-05-20 10:22:08.011902,3005
2025-05-20 10:22:08.511845,3006
2025-05-20 10:22:09.011909,3007
2025-05-20 10:22:09.511918,3008
2025-05-20 10:22:10.011808,3009
2025-05-20 10:22:10.511955,3010
2025-05-20 10:22:11.011911,3011
2025-05-20 10:22:11.511972,3012
2025-05-20 10:22:12.011956,3013
2025-05-20 10:22:12.511950,3014
2025-05-20 10:22:13.011870,3015
2025-05-20 10:22:13.511955,3016
2025-05-20 10:22:14.011929,3017
2025-05-20 10:22:14.511922,3018
2025-05-20 10:22:15.011895,3019
2025-05-20 10:22:15.511874,3020
2025-05-20 10:22:16.011869,3021
2025-05-20 10:22:16.511984,3022
2025-05-20 10:22:17.011920,3023
2025-05-20 10:22:17.511930,3024
2025-05-20 10:22:18.011928,3025
2025-05-20 10:22:18.511963,3026
2025-05-20 10:22:19.011916,3027
2025-05-20 10:22:19.511897,3028
2025-05-20 10:22:20.011910,3029
2025-05-20 10:22:20.511866,3030
2025-05-20 10:22:21.011829,3031
2025-05-20 10:22:21.511947,3032
2025-05-20 10:22:22.011936,3033
2025-05-20 10:22:22.511936,3034
2025-05-20 10:22:23.011889,3035
2025-05-20 10:22:23.511937,3036
2025-05-20 10:22:24.011922,3037
2025-05-20 10:22:24.511919,3038
2025-05-20 10:22:25.011888,3039
2025-05-20 10:22:25.511896,3040
2025-05-20 10:22:26.011927,3041
2025-05-20 10:22:26.511923,3042
2025-05-20 10:22:27.011823,3043
2025-05-20 10:22:27.511913,3044
2025-05-20 10:22:28.011532,3045
2025-05-20 10:22:28.511932,3046
2025-05-20 10:22:29.011914,3047
2025-05-20 10:22:29.511902,3048
2025-05-20 10:22:30.012008,3049
2025-05-20 10:22:30.511829,3050
2025-05-20 10:22:31.011851,3051
2025-05-20 10:22:31.511855,3052
2025-05-20 10:22:32.011873,3053
2025-05-20 10:22:32.511945,3054
2025-05-20 10:22:33.011889,3055
2025-05-20 10:22:33.511892,3056
2025-05-20 10:22:34.011882,3057
2025-05-20 10:22:34.511832,3058
2025-05-20 10:22:35.012022,3059
2025-05-20 10:22:35.511916,3060
2025-05-20 10:22:36.011872,3061
2025-05-20 10:22:36.511861,3062
2025-05-20 10:22:37.011855,3063
2025-05-20 10:22:37.511862,3064
2025-05-20 10:22:38.011858,3065
2025-05-20 10:22:38.511900,3066
2025-05-20 10:22:39.011892,3067
2025-05-20 10:22:39.511895,3068
2025-05-20 10:22:40.012059,3069
2025-05-20 10:22:40.511894,3070
2025-05-20 10:22:41.011891,3071
2025-05-20 10:22:41.511877,3072
2025-05-20 10:22:42.011827,3073
2025-05-20 10:22:42.511888,3074
2025-05-20 10:22:43.011881,3075
2025-05-20 10:22:43.511875,3076
2025-05-20 10:22:44.011881,3077
2025-05-20 10:22:44.511886,3078
2025-05-20 10:22:45.012139,3079
2025-05-20 10:22:45.511970,3080
2025-05-20 10:22:46.011975,3081
2025-05-20 10:22:46.511967,3082
2025-05-20 10:22:47.011984,3083
2025-05-20 10:22:47.511955,3084
2025-05-20 10:22:48.011943,3085
2025-05-20 10:22:48.511852,3086
2025-05-20 10:22:49.011987,3087
2025-05-20 10:22:49.511952,3088
2025-05-20 10:22:50.011611,3089
2025-05-20 10:22:50.511973,3090
2025-05-20 10:22:51.011985,3091
2025-05-20 10:22:51.511884,3092
2025-05-20 10:22:52.011875,3093
2025-05-20 10:22:52.511792,3094
2025-05-20 10:22:53.011908,3095
2025-05-20 10:22:53.511833,3096
2025-05-20 10:22:54.011897,3097
2025-05-20 10:22:54.511920,3098
2025-05-20 10:22:55.011896,3099
2025-05-20 10:22:55.511916,3100
2025-05-20 10:22:56.011880,3101
2025-05-20 10:22:56.511999,3102
2025-05-20 10:22:57.011949,3103
2025-05-20 10:22:57.511962,3104
2025-05-20 10:22:58.012026,3105
2025-05-20 10:22:58.512022,3106
2025-05-20 10:22:59.012005,3107
2025-05-20 10:22:59.511988,3108
2025-05-20 10:23:00.012007,3109
2025-05-20 10:23:00.511914,3110
2025-05-20 10:23:01.011878,3111
2025-05-20 10:23:01.511913,3112
2025-05-20 10:23:02.011918,3113
2025-05-20 10:23:02.511916,3114
2025-05-20 10:23:03.012010,3115
2025-05-20 10:23:03.511966,3116
2025-05-20 10:23:04.011895,3117
2025-05-20 10:23:04.511916,3118
2025-05-20 10:23:05.012071,3119
2025-05-20 10:23:05.511854,3120
2025-05-20 10:23:06.011913,3121
2025-05-20 10:23:06.511907,3122
2025-05-20 10:23:07.011884,3123
2025-05-20 10:23:07.511946,3124
2025-05-20 10:23:08.011948,3125
2025-05-20 10:23:08.511854,3126
2025-05-20 10:23:09.011891,3127
2025-05-20 10:23:09.511899,3128
2025-05-20 10:23:10.011390,3129
2025-05-20 10:23:10.511882,3130
2025-05-20 10:23:11.011913,3131
2025-05-20 10:23:11.511987,3132
2025-05-20 10:23:12.011928,3133
2025-05-20 10:23:12.511908,3134
2025-05-20 10:23:13.011848,3135
2025-05-20 10:23:13.511928,3136
2025-05-20 10:23:14.011897,3137
2025-05-20 10:23:14.511869,3138
2025-05-20 10:23:15.012065,3139
2025-05-20 10:23:15.511860,3140
2025-05-20 10:23:16.011521,3141
2025-05-20 10:23:16.511947,3142
2025-05-20 10:23:17.011955,3143
2025-05-20 10:23:17.511932,3144
2025-05-20 10:23:18.011910,3145
2025-05-20 10:23:18.511972,3146
2025-05-20 10:23:19.011927,3147
2025-05-20 10:23:19.511842,3148
2025-05-20 10:23:20.011841,3149
2025-05-20 10:23:20.511973,3150
2025-05-20 10:23:21.011970,3151
2025-05-20 10:23:21.511967,3152
2025-05-20 10:23:22.011987,3153
2025-05-20 10:23:22.511972,3154
2025-05-20 10:23:23.011937,3155
2025-05-20 10:23:23.511950,3156
2025-05-20 10:23:24.011956,3157
2025-05-20 10:23:24.511977,3158
2025-05-20 10:23:25.011962,3159
2025-05-20 10:23:25.511972,3160
2025-05-20 10:23:26.011970,3161
2025-05-20 10:23:26.511919,3162
2025-05-20 10:23:27.011960,3163
2025-05-20 10:23:27.511975,3164
2025-05-20 10:23:28.011953,3165
2025-05-20 10:23:28.511929,3166
2025-05-20 10:23:29.011954,3167
2025-05-20 10:23:29.511969,3168
2025-05-20 10:23:30.011839,3169
2025-05-20 10:23:30.511942,3170
2025-05-20 10:23:31.011978,3171
2025-05-20 10:23:31.511974,3172
2025-05-20 10:23:32.011974,3173
2025-05-20 10:23:32.511961,3174
2025-05-20 10:23:33.011952,3175
2025-05-20 10:23:33.511982,3176
2025-05-20 10:23:34.011982,3177
2025-05-20 10:23:34.511974,3178
2025-05-20 10:23:35.011978,3179
2025-05-20 10:23:35.512011,3180
2025-05-20 10:23:36.011903,3181
2025-05-20 10:23:36.512023,3182
2025-05-20 10:23:37.012022,3183
2025-05-20 10:23:37.511999,3184
2025-05-20 10:23:38.011941,3185
2025-05-20 10:23:38.512005,3186
2025-05-20 10:23:39.011974,3187
2025-05-20 10:23:39.511967,3188
2025-05-20 10:23:40.012157,3189
2025-05-20 10:23:40.512024,3190
2025-05-20 10:23:41.011972,3191
2025-05-20 10:23:41.512008,3192
2025-05-20 10:23:42.012013,3193
2025-05-20 10:23:42.512002,3194
2025-05-20 10:23:43.011935,3195
2025-05-20 10:23:43.512013,3196
2025-05-20 10:23:44.011970,3197
2025-05-20 10:23:44.512007,3198
2025-05-20 10:23:45.011929,3199
2025-05-20 10:23:45.511954,3200
2025-05-20 10:23:46.011950,3201
2025-05-20 10:23:46.511954,3202
2025-05-20 10:23:47.011911,3203
2025-05-20 10:23:47.512029,3204
2025-05-20 10:23:48.011973,3205
2025-05-20 10:23:48.511973,3206
2025-05-20 10:23:49.011955,3207
2025-05-20 10:23:49.511967,3208
2025-05-20 10:23:50.012127,3209
2025-05-20 10:23:50.511955,3210
2025-05-20 10:23:51.011982,3211
2025-05-20 10:23:51.511992,3212
2025-05-20 10:23:52.011987,3213
2025-05-20 10:23:52.511978,3214
2025-05-20 10:23:53.011986,3215
2025-05-20 10:23:53.511972,3216
2025-05-20 10:23:54.011985,3217
2025-05-20 10:23:54.511991,3218
2025-05-20 10:23:55.012142,3219
2025-05-20 10:23:55.511999,3220
2025-05-20 10:23:56.011892,3221
2025-05-20 10:23:56.511998,3222
2025-05-20 10:23:57.011940,3223
2025-05-20 10:23:57.512014,3224
2025-05-20 10:23:58.012002,3225
2025-05-20 10:23:58.511870,3226
2025-05-20 10:23:59.011985,3227
2025-05-20 10:23:59.512000,3228
2025-05-20 10:24:00.012000,3229
2025-05-20 10:24:00.512060,3230
2025-05-20 10:24:01.011989,3231
2025-05-20 10:24:01.511926,3232
2025-05-20 10:24:02.012015,3233
2025-05-20 10:24:02.512029,3234
2025-05-20 10:24:03.011945,3235
2025-05-20 10:24:03.511952,3236
2025-05-20 10:24:04.011983,3237
2025-05-20 10:24:04.511973,3238
2025-05-20 10:24:05.012156,3239
2025-05-20 10:24:05.511973,3240
2025-05-20 10:24:06.011979,3241
2025-05-20 10:24:06.511973,3242
2025-05-20 10:24:07.012011,3243
2025-05-20 10:24:07.511955,3244
2025-05-20 10:24:08.012013,3245
2025-05-20 10:24:08.511998,3246
2025-05-20 10:24:09.011978,3247
2025-05-20 10:24:09.511967,3248
2025-05-20 10:24:10.011840,3249
2025-05-20 10:24:10.512158,3250
2025-05-20 10:24:11.012000,3251
2025-05-20 10:24:11.512006,3252
2025-05-20 10:24:12.011235,3253
2025-05-20 10:24:12.511989,3254
2025-05-20 10:24:13.011986,3255
2025-05-20 10:24:13.511971,3256
2025-05-20 10:24:14.011997,3257
2025-05-20 10:24:14.512013,3258
2025-05-20 10:24:15.012016,3259
2025-05-20 10:24:15.511970,3260
2025-05-20 10:24:16.011637,3261
2025-05-20 10:24:16.512008,3262
2025-05-20 10:24:17.012022,3263
2025-05-20 10:24:17.512027,3264
2025-05-20 10:24:18.012009,3265
2025-05-20 10:24:18.512016,3266
2025-05-20 10:24:19.011982,3267
2025-05-20 10:24:19.512050,3268
2025-05-20 10:24:20.012115,3269
2025-05-20 10:24:20.511969,3270
2025-05-20 10:24:21.012013,3271
2025-05-20 10:24:21.511991,3272
2025-05-20 10:24:22.012012,3273
2025-05-20 10:24:22.512023,3274
2025-05-20 10:24:23.012035,3275
2025-05-20 10:24:23.512042,3276
2025-05-20 10:24:24.011983,3277
2025-05-20 10:24:24.511936,3278
2025-05-20 10:24:25.012049,3279
2025-05-20 10:24:25.511991,3280
2025-05-20 10:24:26.011996,3281
2025-05-20 10:24:26.511872,3282
2025-05-20 10:24:27.011974,3283
2025-05-20 10:24:27.512021,3284
2025-05-20 10:24:28.011631,3285
2025-05-20 10:24:28.512005,3286
2025-05-20 10:24:29.011977,3287
2025-05-20 10:24:29.511936,3288
2025-05-20 10:24:30.012076,3289
2025-05-20 10:24:30.511971,3290
2025-05-20 10:24:31.011999,3291
2025-05-20 10:24:31.511995,3292
2025-05-20 10:24:32.011953,3293
2025-05-20 10:24:32.511938,3294
2025-05-20 10:24:33.011958,3295
2025-05-20 10:24:33.512021,3296
2025-05-20 10:24:34.011976,3297
2025-05-20 10:24:34.511984,3298
2025-05-20 10:24:35.012100,3299
2025-05-20 10:24:35.512009,3300
2025-05-20 10:24:36.011978,3301
2025-05-20 10:24:36.512001,3302
2025-05-20 10:24:37.012015,3303
2025-05-20 10:24:37.512006,3304
2025-05-20 10:24:38.011968,3305
2025-05-20 10:24:38.512030,3306
2025-05-20 10:24:39.011975,3307
2025-05-20 10:24:39.511900,3308
2025-05-20 10:24:40.012056,3309
2025-05-20 10:24:40.511997,3310
2025-05-20 10:24:41.011978,3311
2025-05-20 10:24:41.512009,3312
2025-05-20 10:24:42.012008,3313
2025-05-20 10:24:42.512000,3314
2025-05-20 10:24:43.012008,3315
2025-05-20 10:24:43.511996,3316
2025-05-20 10:24:44.011988,3317
2025-05-20 10:24:44.512010,3318
2025-05-20 10:24:45.012133,3319
2025-05-20 10:24:45.511999,3320
2025-05-20 10:24:46.011968,3321
2025-05-20 10:24:46.511974,3322
2025-05-20 10:24:47.011973,3323
2025-05-20 10:24:47.511942,3324
2025-05-20 10:24:48.011944,3325
2025-05-20 10:24:48.511928,3326
2025-05-20 10:24:49.011850,3327
2025-05-20 10:24:49.511996,3328
2025-05-20 10:24:50.012151,3329
2025-05-20 10:24:50.511976,3330
2025-05-20 10:24:51.012009,3331
2025-05-20 10:24:51.511993,3332
2025-05-20 10:24:52.011992,3333
2025-05-20 10:24:52.511844,3334
2025-05-20 10:24:53.011964,3335
2025-05-20 10:24:53.512007,3336
2025-05-20 10:24:54.011991,3337
2025-05-20 10:24:54.512001,3338
2025-05-20 10:24:55.011902,3339
2025-05-20 10:24:55.512004,3340
2025-05-20 10:24:56.011998,3341
2025-05-20 10:24:56.511919,3342
2025-05-20 10:24:57.012016,3343
2025-05-20 10:24:57.512161,3344
2025-05-20 10:24:58.011973,3345
2025-05-20 10:24:58.512174,3346
2025-05-20 10:24:59.011971,3347
2025-05-20 10:24:59.512112,3348
2025-05-20 10:25:00.011946,3349
2025-05-20 10:25:00.512155,3350
2025-05-20 10:25:01.011983,3351
2025-05-20 10:25:01.511988,3352
2025-05-20 10:25:02.012038,3353
2025-05-20 10:25:02.511996,3354
2025-05-20 10:25:03.011991,3355
2025-05-20 10:25:03.512034,3356
2025-05-20 10:25:04.011957,3357
2025-05-20 10:25:04.511993,3358
2025-05-20 10:25:05.012012,3359
2025-05-20 10:25:05.512096,3360
2025-05-20 10:25:06.011949,3361
2025-05-20 10:25:06.512049,3362
2025-05-20 10:25:07.012013,3363
2025-05-20 10:25:07.511985,3364
2025-05-20 10:25:08.012092,3365
2025-05-20 10:25:08.512005,3366
2025-05-20 10:25:09.011989,3367
2025-05-20 10:25:09.511989,3368
2025-05-20 10:25:10.011835,3369
2025-05-20 10:25:10.511957,3370
2025-05-20 10:25:11.012009,3371
2025-05-20 10:25:11.511928,3372
2025-05-20 10:25:12.011977,3373
2025-05-20 10:25:12.511950,3374
2025-05-20 10:25:13.011955,3375
2025-05-20 10:25:13.511974,3376
2025-05-20 10:25:14.011949,3377
2025-05-20 10:25:14.511981,3378
2025-05-20 10:25:15.011978,3379
2025-05-20 10:25:15.511952,3380
2025-05-20 10:25:16.011512,3381
2025-05-20 10:25:16.511961,3382
2025-05-20 10:25:17.011946,3383
2025-05-20 10:25:17.511963,3384
2025-05-20 10:25:18.011973,3385
2025-05-20 10:25:18.511963,3386
2025-05-20 10:25:19.011958,3387
2025-05-20 10:25:19.511955,3388
2025-05-20 10:25:20.012059,3389
2025-05-20 10:25:20.511902,3390
2025-05-20 10:25:21.011911,3391
2025-05-20 10:25:21.511898,3392
2025-05-20 10:25:22.011956,3393
2025-05-20 10:25:22.511976,3394
2025-05-20 10:25:23.011949,3395
2025-05-20 10:25:23.511995,3396
2025-05-20 10:25:24.012007,3397
2025-05-20 10:25:24.512027,3398
2025-05-20 10:25:25.012150,3399
2025-05-20 10:25:25.511967,3400
2025-05-20 10:25:26.011946,3401
2025-05-20 10:25:26.511934,3402
2025-05-20 10:25:27.012006,3403
2025-05-20 10:25:27.512027,3404
2025-05-20 10:25:28.011850,3405
2025-05-20 10:25:28.512023,3406
2025-05-20 10:25:29.011935,3407
2025-05-20 10:25:29.511908,3408
2025-05-20 10:25:30.012105,3409
2025-05-20 10:25:30.512118,3410
2025-05-20 10:25:31.012107,3411
2025-05-20 10:25:31.512146,3412
2025-05-20 10:25:32.012008,3413
2025-05-20 10:25:32.512003,3414
2025-05-20 10:25:33.011997,3415
2025-05-20 10:25:33.511988,3416
2025-05-20 10:25:34.011957,3417
2025-05-20 10:25:34.511973,3418
2025-05-20 10:25:35.012006,3419
2025-05-20 10:25:35.511961,3420
2025-05-20 10:25:36.011959,3421
2025-05-20 10:25:36.512064,3422
2025-05-20 10:25:37.011967,3423
2025-05-20 10:25:37.512119,3424
2025-05-20 10:25:38.011962,3425
2025-05-20 10:25:38.511987,3426
2025-05-20 10:25:39.011920,3427
2025-05-20 10:25:39.511979,3428
2025-05-20 10:25:40.012145,3429
2025-05-20 10:25:40.511978,3430
2025-05-20 10:25:41.011948,3431
2025-05-20 10:25:41.511955,3432
2025-05-20 10:25:42.011834,3433
2025-05-20 10:25:42.511998,3434
2025-05-20 10:25:43.011962,3435
2025-05-20 10:25:43.511975,3436
2025-05-20 10:25:44.011978,3437
2025-05-20 10:25:44.511985,3438
2025-05-20 10:25:45.012106,3439
2025-05-20 10:25:45.511925,3440
2025-05-20 10:25:46.011957,3441
2025-05-20 10:25:46.511927,3442
2025-05-20 10:25:47.011897,3443
2025-05-20 10:25:47.511922,3444
2025-05-20 10:25:48.011952,3445
2025-05-20 10:25:48.511941,3446
2025-05-20 10:25:49.011913,3447
2025-05-20 10:25:49.511908,3448
2025-05-20 10:25:50.012114,3449
2025-05-20 10:25:50.511954,3450
2025-05-20 10:25:51.011941,3451
2025-05-20 10:25:51.511909,3452
2025-05-20 10:25:52.011942,3453
2025-05-20 10:25:52.512056,3454
2025-05-20 10:25:53.012087,3455
2025-05-20 10:25:53.512086,3456
2025-05-20 10:25:54.011983,3457
2025-05-20 10:25:54.512075,3458
2025-05-20 10:25:55.012231,3459
2025-05-20 10:25:55.512103,3460
2025-05-20 10:25:56.012020,3461
2025-05-20 10:25:56.512039,3462
2025-05-20 10:25:57.012085,3463
2025-05-20 10:25:57.512080,3464
2025-05-20 10:25:58.012036,3465
2025-05-20 10:25:58.512049,3466
2025-05-20 10:25:59.012048,3467
2025-05-20 10:25:59.512090,3468
2025-05-20 10:26:00.012323,3469
2025-05-20 10:26:00.512010,3470
2025-05-20 10:26:01.011989,3471
2025-05-20 10:26:01.511992,3472
2025-05-20 10:26:02.011965,3473
2025-05-20 10:26:02.511929,3474
2025-05-20 10:26:03.011963,3475
2025-05-20 10:26:03.511953,3476
2025-05-20 10:26:04.011962,3477
2025-05-20 10:26:04.511948,3478
2025-05-20 10:26:05.012112,3479
2025-05-20 10:26:05.511965,3480
2025-05-20 10:26:06.011911,3481
2025-05-20 10:26:06.511942,3482
2025-05-20 10:26:07.011983,3483
2025-05-20 10:26:07.511862,3484
2025-05-20 10:26:08.012168,3485
2025-05-20 10:26:08.511919,3486
2025-05-20 10:26:09.011936,3487
2025-05-20 10:26:09.511939,3488
2025-05-20 10:26:10.011839,3489
2025-05-20 10:26:10.511998,3490
2025-05-20 10:26:11.012139,3491
2025-05-20 10:26:11.511956,3492
2025-05-20 10:26:12.012001,3493
2025-05-20 10:26:12.511985,3494
2025-05-20 10:26:13.011952,3495
2025-05-20 10:26:13.511971,3496
2025-05-20 10:26:14.011971,3497
2025-05-20 10:26:14.511975,3498
2025-05-20 10:26:15.012137,3499
2025-05-20 10:26:15.511969,3500
2025-05-20 10:26:16.011725,3501
2025-05-20 10:26:16.511987,3502
2025-05-20 10:26:17.011915,3503
2025-05-20 10:26:17.511975,3504
2025-05-20 10:26:18.011926,3505
2025-05-20 10:26:18.511958,3506
2025-05-20 10:26:19.012126,3507
2025-05-20 10:26:19.512151,3508
2025-05-20 10:26:20.012031,3509
2025-05-20 10:26:20.512003,3510
2025-05-20 10:26:21.011975,3511
2025-05-20 10:26:21.511997,3512
2025-05-20 10:26:22.012012,3513
2025-05-20 10:26:22.511974,3514
2025-05-20 10:26:23.011978,3515
2025-05-20 10:26:23.511983,3516
2025-05-20 10:26:24.011969,3517
2025-05-20 10:26:24.511969,3518
2025-05-20 10:26:25.012007,3519
2025-05-20 10:26:25.512001,3520
2025-05-20 10:26:26.011964,3521
2025-05-20 10:26:26.511934,3522
2025-05-20 10:26:27.011897,3523
2025-05-20 10:26:27.511976,3524
2025-05-20 10:26:28.011853,3525
2025-05-20 10:26:28.512039,3526
2025-05-20 10:26:29.012002,3527
2025-05-20 10:26:29.512038,3528
2025-05-20 10:26:30.012038,3529
2025-05-20 10:26:30.512000,3530
2025-05-20 10:26:31.011923,3531
2025-05-20 10:26:31.511997,3532
2025-05-20 10:26:32.012037,3533
2025-05-20 10:26:32.511999,3534
2025-05-20 10:26:33.011986,3535
2025-05-20 10:26:33.511995,3536
2025-05-20 10:26:34.011973,3537
2025-05-20 10:26:34.511946,3538
2025-05-20 10:26:35.012141,3539
2025-05-20 10:26:35.511952,3540
2025-05-20 10:26:36.012004,3541
2025-05-20 10:26:36.511993,3542
2025-05-20 10:26:37.011923,3543
2025-05-20 10:26:37.511972,3544
2025-05-20 10:26:38.011951,3545
2025-05-20 10:26:38.511927,3546
2025-05-20 10:26:39.011967,3547
2025-05-20 10:26:39.512007,3548
2025-05-20 10:26:40.012170,3549
2025-05-20 10:26:40.511992,3550
2025-05-20 10:26:41.011989,3551
2025-05-20 10:26:41.511937,3552
2025-05-20 10:26:42.012000,3553
2025-05-20 10:26:42.512003,3554
2025-05-20 10:26:43.011995,3555
2025-05-20 10:26:43.511981,3556
2025-05-20 10:26:44.011972,3557
2025-05-20 10:26:44.511952,3558
2025-05-20 10:26:45.012058,3559
2025-05-20 10:26:45.512100,3560
2025-05-20 10:26:46.011962,3561
2025-05-20 10:26:46.511975,3562
2025-05-20 10:26:47.011977,3563
2025-05-20 10:26:47.512012,3564
2025-05-20 10:26:48.011979,3565
2025-05-20 10:26:48.512117,3566
2025-05-20 10:26:49.011978,3567
2025-05-20 10:26:49.512013,3568
2025-05-20 10:26:50.012121,3569
2025-05-20 10:26:50.512001,3570
2025-05-20 10:26:51.011970,3571
2025-05-20 10:26:51.512016,3572
2025-05-20 10:26:52.011918,3573
2025-05-20 10:26:52.512003,3574
2025-05-20 10:26:53.012105,3575
2025-05-20 10:26:53.511948,3576
2025-05-20 10:26:54.011927,3577
2025-05-20 10:26:54.512004,3578
2025-05-20 10:26:55.012116,3579
2025-05-20 10:26:55.511930,3580
2025-05-20 10:26:56.011965,3581
2025-05-20 10:26:56.512009,3582
2025-05-20 10:26:57.011980,3583
2025-05-20 10:26:57.511929,3584
2025-05-20 10:26:58.011979,3585
2025-05-20 10:26:58.512038,3586
2025-05-20 10:26:59.011958,3587
2025-05-20 10:26:59.511998,3588
2025-05-20 10:27:00.012090,3589
2025-05-20 10:27:00.511963,3590
2025-05-20 10:27:01.011955,3591
2025-05-20 10:27:01.511931,3592
2025-05-20 10:27:02.011982,3593
2025-05-20 10:27:02.512002,3594
2025-05-20 10:27:03.011926,3595
2025-05-20 10:27:03.512064,3596
2025-05-20 10:27:04.012024,3597
2025-05-20 10:27:04.512001,3598
2025-05-20 10:27:05.012263,3599
2025-05-20 10:27:05.512091,3600
2025-05-20 10:27:06.012068,3601
2025-05-20 10:27:06.512091,3602
2025-05-20 10:27:07.012072,3603
2025-05-20 10:27:07.512141,3604
2025-05-20 10:27:08.012082,3605
2025-05-20 10:27:08.512087,3606
2025-05-20 10:27:09.012033,3607
2025-05-20 10:27:09.512068,3608
2025-05-20 10:27:10.011942,3609
2025-05-20 10:27:10.511993,3610
2025-05-20 10:27:11.012002,3611
2025-05-20 10:27:11.511962,3612
2025-05-20 10:27:12.012004,3613
2025-05-20 10:27:12.511886,3614
2025-05-20 10:27:13.011983,3615
2025-05-20 10:27:13.511960,3616
2025-05-20 10:27:14.012012,3617
2025-05-20 10:27:14.511968,3618
2025-05-20 10:27:15.012000,3619
2025-05-20 10:27:15.511987,3620
2025-05-20 10:27:16.011628,3621
2025-05-20 10:27:16.511962,3622
2025-05-20 10:27:17.011963,3623
2025-05-20 10:27:17.511986,3624
2025-05-20 10:27:18.011942,3625
2025-05-20 10:27:18.511981,3626
2025-05-20 10:27:19.012031,3627
2025-05-20 10:27:19.511985,3628
2025-05-20 10:27:20.012125,3629
2025-05-20 10:27:20.511949,3630
2025-05-20 10:27:21.011975,3631
2025-05-20 10:27:21.511985,3632
2025-05-20 10:27:22.011986,3633
2025-05-20 10:27:22.511989,3634
2025-05-20 10:27:23.011981,3635
2025-05-20 10:27:23.511981,3636
2025-05-20 10:27:24.012006,3637
2025-05-20 10:27:24.512025,3638
2025-05-20 10:27:25.012057,3639
2025-05-20 10:27:25.511997,3640
2025-05-20 10:27:26.011937,3641
2025-05-20 10:27:26.511902,3642
2025-05-20 10:27:27.011960,3643
2025-05-20 10:27:27.511975,3644
2025-05-20 10:27:28.011546,3645
2025-05-20 10:27:28.511930,3646
2025-05-20 10:27:29.011916,3647
2025-05-20 10:27:29.511897,3648
2025-05-20 10:27:30.011927,3649
2025-05-20 10:27:30.511923,3650
2025-05-20 10:27:31.011984,3651
2025-05-20 10:27:31.511871,3652
2025-05-20 10:27:32.012016,3653
2025-05-20 10:27:32.511994,3654
2025-05-20 10:27:33.012030,3655
2025-05-20 10:27:33.512058,3656
2025-05-20 10:27:34.012003,3657
2025-05-20 10:27:34.511950,3658
2025-05-20 10:27:35.012165,3659
2025-05-20 10:27:35.511960,3660
2025-05-20 10:27:36.012046,3661
2025-05-20 10:27:36.511986,3662
2025-05-20 10:27:37.012001,3663
2025-05-20 10:27:37.512012,3664
2025-05-20 10:27:38.011969,3665
2025-05-20 10:27:38.511968,3666
2025-05-20 10:27:39.011952,3667
2025-05-20 10:27:39.511959,3668
2025-05-20 10:27:40.012170,3669
2025-05-20 10:27:40.512005,3670
2025-05-20 10:27:41.011975,3671
2025-05-20 10:27:41.511978,3672
2025-05-20 10:27:42.011999,3673
2025-05-20 10:27:42.511986,3674
2025-05-20 10:27:43.011991,3675
2025-05-20 10:27:43.511988,3676
2025-05-20 10:27:44.011996,3677
2025-05-20 10:27:44.512005,3678
2025-05-20 10:27:45.012073,3679
2025-05-20 10:27:45.511962,3680
2025-05-20 10:27:46.011959,3681
2025-05-20 10:27:46.512113,3682
2025-05-20 10:27:47.011878,3683
2025-05-20 10:27:47.511961,3684
2025-05-20 10:27:48.011977,3685
2025-05-20 10:27:48.511959,3686
2025-05-20 10:27:49.011982,3687
2025-05-20 10:27:49.511962,3688
2025-05-20 10:27:50.012090,3689
2025-05-20 10:27:50.511986,3690
2025-05-20 10:27:51.011983,3691
2025-05-20 10:27:51.511977,3692
2025-05-20 10:27:52.011958,3693
2025-05-20 10:27:52.511989,3694
2025-05-20 10:27:53.011886,3695
2025-05-20 10:27:53.512134,3696
2025-05-20 10:27:54.011965,3697
2025-05-20 10:27:54.511945,3698
2025-05-20 10:27:55.012102,3699
2025-05-20 10:27:55.512045,3700
2025-05-20 10:27:56.011973,3701
2025-05-20 10:27:56.512089,3702
2025-05-20 10:27:57.012032,3703
2025-05-20 10:27:57.512001,3704
2025-05-20 10:27:58.011970,3705
2025-05-20 10:27:58.511960,3706
2025-05-20 10:27:59.011985,3707
2025-05-20 10:27:59.511940,3708
2025-05-20 10:28:00.011864,3709
2025-05-20 10:28:00.511944,3710
2025-05-20 10:28:01.011929,3711
2025-05-20 10:28:01.512007,3712
2025-05-20 10:28:02.011960,3713
2025-05-20 10:28:02.511989,3714
2025-05-20 10:28:03.011990,3715
2025-05-20 10:28:03.512000,3716
2025-05-20 10:28:04.011989,3717
2025-05-20 10:28:04.511990,3718
2025-05-20 10:28:05.012099,3719
2025-05-20 10:28:05.511912,3720
2025-05-20 10:28:06.011964,3721
2025-05-20 10:28:06.511957,3722
2025-05-20 10:28:07.011993,3723
2025-05-20 10:28:07.511926,3724
2025-05-20 10:28:08.011922,3725
2025-05-20 10:28:08.512013,3726
2025-05-20 10:28:09.011999,3727
2025-05-20 10:28:09.511926,3728
2025-05-20 10:28:10.011981,3729
2025-05-20 10:28:10.511988,3730
2025-05-20 10:28:11.011937,3731
2025-05-20 10:28:11.511973,3732
2025-05-20 10:28:12.011972,3733
2025-05-20 10:28:12.512007,3734
2025-05-20 10:28:13.011992,3735
2025-05-20 10:28:13.512001,3736
2025-05-20 10:28:14.011950,3737
2025-05-20 10:28:14.511927,3738
2025-05-20 10:28:15.012088,3739
2025-05-20 10:28:15.511966,3740
2025-05-20 10:28:16.011845,3741
2025-05-20 10:28:16.511971,3742
2025-05-20 10:28:17.012022,3743
2025-05-20 10:28:17.511993,3744
2025-05-20 10:28:18.012007,3745
2025-05-20 10:28:18.511976,3746
2025-05-20 10:28:19.011975,3747
2025-05-20 10:28:19.511976,3748
2025-05-20 10:28:20.012128,3749
2025-05-20 10:28:20.511846,3750
2025-05-20 10:28:21.011986,3751
2025-05-20 10:28:21.511996,3752
2025-05-20 10:28:22.011966,3753
2025-05-20 10:28:22.511986,3754
2025-05-20 10:28:23.011946,3755
2025-05-20 10:28:23.511964,3756
2025-05-20 10:28:24.011924,3757
2025-05-20 10:28:24.511923,3758
2025-05-20 10:28:25.012235,3759
2025-05-20 10:28:25.512140,3760
2025-05-20 10:28:26.011924,3761
2025-05-20 10:28:26.511944,3762
2025-05-20 10:28:27.011952,3763
2025-05-20 10:28:27.512016,3764
2025-05-20 10:28:28.011627,3765
2025-05-20 10:28:28.511990,3766
2025-05-20 10:28:29.011988,3767
2025-05-20 10:28:29.511962,3768
2025-05-20 10:28:30.011957,3769
2025-05-20 10:28:30.512004,3770
2025-05-20 10:28:31.011970,3771
2025-05-20 10:28:31.511974,3772
2025-05-20 10:28:32.011945,3773
2025-05-20 10:28:32.511990,3774
2025-05-20 10:28:33.011981,3775
2025-05-20 10:28:33.511912,3776
2025-05-20 10:28:34.011960,3777
2025-05-20 10:28:34.511941,3778
2025-05-20 10:28:35.011996,3779
2025-05-20 10:28:35.512018,3780
2025-05-20 10:28:36.012007,3781
2025-05-20 10:28:36.511998,3782
2025-05-20 10:28:37.011997,3783
2025-05-20 10:28:37.511968,3784
2025-05-20 10:28:38.011967,3785
2025-05-20 10:28:38.512063,3786
2025-05-20 10:28:39.012020,3787
2025-05-20 10:28:39.511975,3788
2025-05-20 10:28:40.012162,3789
2025-05-20 10:28:40.511977,3790
2025-05-20 10:28:41.012139,3791
2025-05-20 10:28:41.512095,3792
2025-05-20 10:28:42.012120,3793
2025-05-20 10:28:42.511934,3794
2025-05-20 10:28:43.012044,3795
2025-05-20 10:28:43.511980,3796
2025-05-20 10:28:44.011960,3797
2025-05-20 10:28:44.511939,3798
2025-05-20 10:28:45.012152,3799
2025-05-20 10:28:45.512008,3800
2025-05-20 10:28:46.011967,3801
2025-05-20 10:28:46.511961,3802
2025-05-20 10:28:47.011912,3803
2025-05-20 10:28:47.512006,3804
2025-05-20 10:28:48.011965,3805
2025-05-20 10:28:48.511991,3806
2025-05-20 10:28:49.011968,3807
2025-05-20 10:28:49.511987,3808
2025-05-20 10:28:50.012119,3809
2025-05-20 10:28:50.511993,3810
2025-05-20 10:28:51.011957,3811
2025-05-20 10:28:51.511956,3812
2025-05-20 10:28:52.011979,3813
2025-05-20 10:28:52.511958,3814
2025-05-20 10:28:53.011998,3815
2025-05-20 10:28:53.512001,3816
2025-05-20 10:28:54.011881,3817
2025-05-20 10:28:54.512011,3818
2025-05-20 10:28:55.012058,3819
2025-05-20 10:28:55.512019,3820
2025-05-20 10:28:56.011969,3821
2025-05-20 10:28:56.511947,3822
2025-05-20 10:28:57.011978,3823
2025-05-20 10:28:57.511977,3824
2025-05-20 10:28:58.011966,3825
2025-05-20 10:28:58.511913,3826
2025-05-20 10:28:59.011877,3827
2025-05-20 10:28:59.511982,3828
2025-05-20 10:29:00.012013,3829
2025-05-20 10:29:00.511786,3830
2025-05-20 10:29:01.012001,3831
2025-05-20 10:29:01.511992,3832
2025-05-20 10:29:02.011980,3833
2025-05-20 10:29:02.511866,3834
2025-05-20 10:29:03.011975,3835
2025-05-20 10:29:03.511980,3836
2025-05-20 10:29:04.011965,3837
2025-05-20 10:29:04.511999,3838
2025-05-20 10:29:05.012087,3839
2025-05-20 10:29:05.511998,3840
2025-05-20 10:29:06.011950,3841
2025-05-20 10:29:06.511951,3842
2025-05-20 10:29:07.011970,3843
2025-05-20 10:29:07.511974,3844
2025-05-20 10:29:08.011990,3845
2025-05-20 10:29:08.512004,3846
2025-05-20 10:29:09.012009,3847
2025-05-20 10:29:09.511849,3848
2025-05-20 10:29:10.011827,3849
2025-05-20 10:29:10.512195,3850
2025-05-20 10:29:11.012002,3851
2025-05-20 10:29:11.511952,3852
2025-05-20 10:29:12.012003,3853
2025-05-20 10:29:12.511968,3854
2025-05-20 10:29:13.012002,3855
2025-05-20 10:29:13.511977,3856
2025-05-20 10:29:14.011983,3857
2025-05-20 10:29:14.511957,3858
2025-05-20 10:29:15.012162,3859
2025-05-20 10:29:15.511983,3860
2025-05-20 10:29:16.011790,3861
2025-05-20 10:29:16.511981,3862
2025-05-20 10:29:17.012019,3863
2025-05-20 10:29:17.511982,3864
2025-05-20 10:29:18.012008,3865
2025-05-20 10:29:18.511997,3866
2025-05-20 10:29:19.011959,3867
2025-05-20 10:29:19.511972,3868
2025-05-20 10:29:20.012035,3869
2025-05-20 10:29:20.511961,3870
2025-05-20 10:29:21.011982,3871
2025-05-20 10:29:21.511966,3872
2025-05-20 10:29:22.011989,3873
2025-05-20 10:29:22.511832,3874
2025-05-20 10:29:23.011923,3875
2025-05-20 10:29:23.511950,3876
2025-05-20 10:29:24.011964,3877
2025-05-20 10:29:24.511955,3878
2025-05-20 10:29:25.011942,3879
2025-05-20 10:29:25.511984,3880
2025-05-20 10:29:26.012003,3881
2025-05-20 10:29:26.511988,3882
2025-05-20 10:29:27.012014,3883
2025-05-20 10:29:27.511966,3884
2025-05-20 10:29:28.012004,3885
2025-05-20 10:29:28.511915,3886
2025-05-20 10:29:29.011953,3887
2025-05-20 10:29:29.512018,3888
2025-05-20 10:29:30.012140,3889
2025-05-20 10:29:30.511975,3890
2025-05-20 10:29:31.011905,3891
2025-05-20 10:29:31.511966,3892
2025-05-20 10:29:32.011967,3893
2025-05-20 10:29:32.511990,3894
2025-05-20 10:29:33.011970,3895
2025-05-20 10:29:33.512014,3896
2025-05-20 10:29:34.012003,3897
2025-05-20 10:29:34.511988,3898
2025-05-20 10:29:35.012161,3899
2025-05-20 10:29:35.511943,3900
2025-05-20 10:29:36.012020,3901
2025-05-20 10:29:36.511974,3902
2025-05-20 10:29:37.011996,3903
2025-05-20 10:29:37.511977,3904
2025-05-20 10:29:38.011925,3905
2025-05-20 10:29:38.511979,3906
2025-05-20 10:29:39.012011,3907
2025-05-20 10:29:39.512003,3908
2025-05-20 10:29:40.012111,3909
2025-05-20 10:29:40.512003,3910
2025-05-20 10:29:41.011997,3911
2025-05-20 10:29:41.511987,3912
2025-05-20 10:29:42.011961,3913
2025-05-20 10:29:42.512009,3914
2025-05-20 10:29:43.011959,3915
2025-05-20 10:29:43.511963,3916
2025-05-20 10:29:44.011991,3917
2025-05-20 10:29:44.511951,3918
2025-05-20 10:29:45.012133,3919
2025-05-20 10:29:45.511922,3920
2025-05-20 10:29:46.011902,3921
2025-05-20 10:29:46.511914,3922
2025-05-20 10:29:47.011906,3923
2025-05-20 10:29:47.511881,3924
2025-05-20 10:29:48.011969,3925
2025-05-20 10:29:48.511929,3926
2025-05-20 10:29:49.011972,3927
2025-05-20 10:29:49.511559,3928
2025-05-20 10:29:50.012104,3929
2025-05-20 10:29:50.511970,3930
2025-05-20 10:29:51.011962,3931
2025-05-20 10:29:51.511949,3932
2025-05-20 10:29:52.011909,3933
2025-05-20 10:29:52.511980,3934
2025-05-20 10:29:53.011978,3935
2025-05-20 10:29:53.511993,3936
2025-05-20 10:29:54.011948,3937
2025-05-20 10:29:54.511934,3938
2025-05-20 10:29:55.012132,3939
2025-05-20 10:29:55.512132,3940
2025-05-20 10:29:56.012235,3941
2025-05-20 10:29:56.512179,3942
2025-05-20 10:29:57.012152,3943
2025-05-20 10:29:57.512249,3944
2025-05-20 10:29:58.012251,3945
2025-05-20 10:29:58.512074,3946
2025-05-20 10:29:59.012034,3947
2025-05-20 10:29:59.512100,3948
2025-05-20 10:30:00.012240,3949
2025-05-20 10:30:00.512106,3950
2025-05-20 10:30:01.012029,3951
2025-05-20 10:30:01.511941,3952
2025-05-20 10:30:02.011999,3953
2025-05-20 10:30:02.512009,3954
2025-05-20 10:30:03.011976,3955
2025-05-20 10:30:03.511996,3956
2025-05-20 10:30:04.011979,3957
2025-05-20 10:30:04.512004,3958
2025-05-20 10:30:05.012065,3959
2025-05-20 10:30:05.512000,3960
2025-05-20 10:30:06.011970,3961
2025-05-20 10:30:06.511984,3962
2025-05-20 10:30:07.011974,3963
2025-05-20 10:30:07.512007,3964
2025-05-20 10:30:08.011958,3965
2025-05-20 10:30:08.512004,3966
2025-05-20 10:30:09.011966,3967
2025-05-20 10:30:09.511954,3968
2025-05-20 10:30:10.011963,3969
2025-05-20 10:30:10.511972,3970
2025-05-20 10:30:11.011935,3971
2025-05-20 10:30:11.512013,3972
2025-05-20 10:30:12.011921,3973
2025-05-20 10:30:12.512003,3974
2025-05-20 10:30:13.012010,3975
2025-05-20 10:30:13.511986,3976
2025-05-20 10:30:14.012009,3977
2025-05-20 10:30:14.512008,3978
2025-05-20 10:30:15.011986,3979
2025-05-20 10:30:15.512007,3980
2025-05-20 10:30:16.011493,3981
2025-05-20 10:30:16.511953,3982
2025-05-20 10:30:17.011487,3983
2025-05-20 10:30:17.511981,3984
2025-05-20 10:30:18.011986,3985
2025-05-20 10:30:18.511971,3986
2025-05-20 10:30:19.011997,3987
2025-05-20 10:30:19.511964,3988
2025-05-20 10:30:20.012057,3989
2025-05-20 10:30:20.511896,3990
2025-05-20 10:30:21.011839,3991
2025-05-20 10:30:21.511912,3992
2025-05-20 10:30:22.011931,3993
2025-05-20 10:30:22.511952,3994
2025-05-20 10:30:23.011939,3995
2025-05-20 10:30:23.511908,3996
2025-05-20 10:30:24.012000,3997
2025-05-20 10:30:24.512123,3998
2025-05-20 10:30:25.011972,3999
2025-05-20 10:30:25.511999,4000
2025-05-20 10:30:26.011986,4001
2025-05-20 10:30:26.511912,4002
2025-05-20 10:30:27.011953,4003
2025-05-20 10:30:27.511955,4004
2025-05-20 10:30:28.011444,4005
2025-05-20 10:30:28.511974,4006
2025-05-20 10:30:29.011960,4007
2025-05-20 10:30:29.512035,4008
2025-05-20 10:30:30.012008,4009
2025-05-20 10:30:30.512056,4010
2025-05-20 10:30:31.011971,4011
2025-05-20 10:30:31.511996,4012
2025-05-20 10:30:32.011990,4013
2025-05-20 10:30:32.511970,4014
2025-05-20 10:30:33.011949,4015
2025-05-20 10:30:33.512008,4016
2025-05-20 10:30:34.011964,4017
2025-05-20 10:30:34.511991,4018
2025-05-20 10:30:35.012035,4019
2025-05-20 10:30:35.511975,4020
2025-05-20 10:30:36.012070,4021
2025-05-20 10:30:36.512062,4022
2025-05-20 10:30:37.011991,4023
2025-05-20 10:30:37.511957,4024
2025-05-20 10:30:38.011988,4025
2025-05-20 10:30:38.511955,4026
2025-05-20 10:30:39.012004,4027
2025-05-20 10:30:39.512001,4028
2025-05-20 10:30:40.011815,4029
2025-05-20 10:30:40.512007,4030
2025-05-20 10:30:41.011954,4031
2025-05-20 10:30:41.511996,4032
2025-05-20 10:30:42.011993,4033
2025-05-20 10:30:42.512032,4034
2025-05-20 10:30:43.012036,4035
2025-05-20 10:30:43.512009,4036
2025-05-20 10:30:44.011996,4037
2025-05-20 10:30:44.511944,4038
2025-05-20 10:30:45.012194,4039
2025-05-20 10:30:45.512040,4040
2025-05-20 10:30:46.012038,4041
2025-05-20 10:30:46.512027,4042
2025-05-20 10:30:47.011928,4043
2025-05-20 10:30:47.512001,4044
2025-05-20 10:30:48.012008,4045
2025-05-20 10:30:48.512005,4046
2025-05-20 10:30:49.012024,4047
2025-05-20 10:30:49.511959,4048
2025-05-20 10:30:50.012148,4049
2025-05-20 10:30:50.512156,4050
2025-05-20 10:30:51.012006,4051
2025-05-20 10:30:51.511985,4052
2025-05-20 10:30:52.012010,4053
2025-05-20 10:30:52.512087,4054
2025-05-20 10:30:53.011934,4055
2025-05-20 10:30:53.511976,4056
2025-05-20 10:30:54.012008,4057
2025-05-20 10:30:54.511976,4058
2025-05-20 10:30:55.012152,4059
2025-05-20 10:30:55.511986,4060
2025-05-20 10:30:56.012014,4061
2025-05-20 10:30:56.511981,4062
2025-05-20 10:30:57.011988,4063
2025-05-20 10:30:57.512014,4064
2025-05-20 10:30:58.012018,4065
2025-05-20 10:30:58.512037,4066
2025-05-20 10:30:59.011984,4067
2025-05-20 10:30:59.511989,4068
2025-05-20 10:31:00.012139,4069
2025-05-20 10:31:00.511938,4070
2025-05-20 10:31:01.011943,4071
2025-05-20 10:31:01.511945,4072
2025-05-20 10:31:02.011968,4073
2025-05-20 10:31:02.511938,4074
2025-05-20 10:31:03.011919,4075
2025-05-20 10:31:03.511923,4076
2025-05-20 10:31:04.011941,4077
2025-05-20 10:31:04.511956,4078
2025-05-20 10:31:05.012006,4079
2025-05-20 10:31:05.512017,4080
2025-05-20 10:31:06.011978,4081
2025-05-20 10:31:06.511960,4082
2025-05-20 10:31:07.011978,4083
2025-05-20 10:31:07.512005,4084
2025-05-20 10:31:08.011998,4085
2025-05-20 10:31:08.511944,4086
2025-05-20 10:31:09.011966,4087
2025-05-20 10:31:09.511992,4088
2025-05-20 10:31:10.011947,4089
2025-05-20 10:31:10.512049,4090
2025-05-20 10:31:11.011967,4091
2025-05-20 10:31:11.512153,4092
2025-05-20 10:31:12.012123,4093
2025-05-20 10:31:12.511976,4094
2025-05-20 10:31:13.011967,4095
2025-05-20 10:31:13.511904,4096
2025-05-20 10:31:14.011974,4097
2025-05-20 10:31:14.512005,4098
2025-05-20 10:31:15.012148,4099
2025-05-20 10:31:15.511997,4100
2025-05-20 10:31:16.011719,4101
2025-05-20 10:31:16.511904,4102
2025-05-20 10:31:17.011970,4103
2025-05-20 10:31:17.511952,4104
2025-05-20 10:31:18.011968,4105
2025-05-20 10:31:18.511989,4106
2025-05-20 10:31:19.011970,4107
2025-05-20 10:31:19.511951,4108
2025-05-20 10:31:20.012141,4109
2025-05-20 10:31:20.511950,4110
2025-05-20 10:31:21.011996,4111
2025-05-20 10:31:21.512011,4112
2025-05-20 10:31:22.012066,4113
2025-05-20 10:31:22.512023,4114
2025-05-20 10:31:23.012002,4115
2025-05-20 10:31:23.512031,4116
2025-05-20 10:31:24.012048,4117
2025-05-20 10:31:24.512057,4118
2025-05-20 10:31:25.012096,4119
2025-05-20 10:31:25.512026,4120
2025-05-20 10:31:26.011908,4121
2025-05-20 10:31:26.512005,4122
2025-05-20 10:31:27.012013,4123
2025-05-20 10:31:27.512052,4124
2025-05-20 10:31:28.011530,4125
2025-05-20 10:31:28.512025,4126
2025-05-20 10:31:29.012007,4127
2025-05-20 10:31:29.512068,4128
2025-05-20 10:31:30.012214,4129
2025-05-20 10:31:30.512008,4130
2025-05-20 10:31:31.012021,4131
2025-05-20 10:31:31.512221,4132
2025-05-20 10:31:32.012012,4133
2025-05-20 10:31:32.512019,4134
2025-05-20 10:31:33.012004,4135
2025-05-20 10:31:33.512027,4136
2025-05-20 10:31:34.012011,4137
2025-05-20 10:31:34.512028,4138
2025-05-20 10:31:35.012186,4139
2025-05-20 10:31:35.512066,4140
2025-05-20 10:31:36.012002,4141
2025-05-20 10:31:36.511989,4142
2025-05-20 10:31:37.012005,4143
2025-05-20 10:31:37.512032,4144
2025-05-20 10:31:38.012014,4145
2025-05-20 10:31:38.512037,4146
2025-05-20 10:31:39.012042,4147
2025-05-20 10:31:39.511975,4148
2025-05-20 10:31:40.012039,4149
2025-05-20 10:31:40.512023,4150
2025-05-20 10:31:41.011942,4151
2025-05-20 10:31:41.511938,4152
2025-05-20 10:31:42.011942,4153
2025-05-20 10:31:42.511979,4154
2025-05-20 10:31:43.012012,4155
2025-05-20 10:31:43.511949,4156
2025-05-20 10:31:44.011949,4157
2025-05-20 10:31:44.511925,4158
2025-05-20 10:31:45.011975,4159
2025-05-20 10:31:45.512002,4160
2025-05-20 10:31:46.011934,4161
2025-05-20 10:31:46.511993,4162
2025-05-20 10:31:47.012169,4163
2025-05-20 10:31:47.512010,4164
2025-05-20 10:31:48.012008,4165
2025-05-20 10:31:48.512013,4166
2025-05-20 10:31:49.011974,4167
2025-05-20 10:31:49.512034,4168
2025-05-20 10:31:50.012162,4169
2025-05-20 10:31:50.511933,4170
2025-05-20 10:31:51.011949,4171
2025-05-20 10:31:51.511942,4172
2025-05-20 10:31:52.012053,4173
2025-05-20 10:31:52.511968,4174
2025-05-20 10:31:53.011937,4175
2025-05-20 10:31:53.511936,4176
2025-05-20 10:31:54.011936,4177
2025-05-20 10:31:54.511931,4178
2025-05-20 10:31:55.012063,4179
2025-05-20 10:31:55.511927,4180
2025-05-20 10:31:56.011922,4181
2025-05-20 10:31:56.511957,4182
2025-05-20 10:31:57.011977,4183
2025-05-20 10:31:57.511974,4184
2025-05-20 10:31:58.011950,4185
2025-05-20 10:31:58.511930,4186
2025-05-20 10:31:59.011953,4187
2025-05-20 10:31:59.511978,4188
2025-05-20 10:32:00.012137,4189
2025-05-20 10:32:00.511982,4190
2025-05-20 10:32:01.011603,4191
2025-05-20 10:32:01.511952,4192
2025-05-20 10:32:02.011982,4193
2025-05-20 10:32:02.511999,4194
2025-05-20 10:32:03.011939,4195
2025-05-20 10:32:03.511869,4196
2025-05-20 10:32:04.011965,4197
2025-05-20 10:32:04.511973,4198
2025-05-20 10:32:05.012065,4199
2025-05-20 10:32:05.512010,4200
2025-05-20 10:32:06.011942,4201
2025-05-20 10:32:06.511956,4202
2025-05-20 10:32:07.011957,4203
2025-05-20 10:32:07.511952,4204
2025-05-20 10:32:08.011977,4205
2025-05-20 10:32:08.511942,4206
2025-05-20 10:32:09.011976,4207
2025-05-20 10:32:09.511968,4208
2025-05-20 10:32:10.011845,4209
2025-05-20 10:32:10.511987,4210
2025-05-20 10:32:11.012093,4211
2025-05-20 10:32:11.512024,4212
2025-05-20 10:32:12.011973,4213
2025-05-20 10:32:12.511993,4214
2025-05-20 10:32:13.011971,4215
2025-05-20 10:32:13.512042,4216
2025-05-20 10:32:14.012006,4217
2025-05-20 10:32:14.512017,4218
2025-05-20 10:32:15.012090,4219
2025-05-20 10:32:15.512026,4220
2025-05-20 10:32:16.011806,4221
2025-05-20 10:32:16.511985,4222
2025-05-20 10:32:17.011985,4223
2025-05-20 10:32:17.511961,4224
2025-05-20 10:32:18.012025,4225
2025-05-20 10:32:18.512119,4226
2025-05-20 10:32:19.012011,4227
2025-05-20 10:32:19.511979,4228
2025-05-20 10:32:20.012155,4229
2025-05-20 10:32:20.512016,4230
2025-05-20 10:32:21.011993,4231
2025-05-20 10:32:21.512008,4232
2025-05-20 10:32:22.011995,4233
2025-05-20 10:32:22.511996,4234
2025-05-20 10:32:23.011998,4235
2025-05-20 10:32:23.512113,4236
2025-05-20 10:32:24.011994,4237
2025-05-20 10:32:24.512021,4238
2025-05-20 10:32:25.012122,4239
2025-05-20 10:32:25.512008,4240
2025-05-20 10:32:26.011976,4241
2025-05-20 10:32:26.512020,4242
2025-05-20 10:32:27.011957,4243
2025-05-20 10:32:27.512109,4244
2025-05-20 10:32:28.011651,4245
2025-05-20 10:32:28.512060,4246
2025-05-20 10:32:29.012017,4247
2025-05-20 10:32:29.511994,4248
2025-05-20 10:32:30.012254,4249
2025-05-20 10:32:30.511986,4250
2025-05-20 10:32:31.011943,4251
2025-05-20 10:32:31.511981,4252
2025-05-20 10:32:32.011990,4253
2025-05-20 10:32:32.512025,4254
2025-05-20 10:32:33.012012,4255
2025-05-20 10:32:33.511988,4256
2025-05-20 10:32:34.012014,4257
2025-05-20 10:32:34.511992,4258
2025-05-20 10:32:35.012168,4259
2025-05-20 10:32:35.511990,4260
2025-05-20 10:32:36.012012,4261
2025-05-20 10:32:36.511930,4262
2025-05-20 10:32:37.011941,4263
2025-05-20 10:32:37.511983,4264
2025-05-20 10:32:38.012010,4265
2025-05-20 10:32:38.511968,4266
2025-05-20 10:32:39.011994,4267
2025-05-20 10:32:39.511941,4268
2025-05-20 10:32:40.012166,4269
2025-05-20 10:32:40.512019,4270
2025-05-20 10:32:41.012016,4271
2025-05-20 10:32:41.512015,4272
2025-05-20 10:32:42.011943,4273
2025-05-20 10:32:42.511943,4274
2025-05-20 10:32:43.011979,4275
2025-05-20 10:32:43.512018,4276
2025-05-20 10:32:44.012059,4277
2025-05-20 10:32:44.511991,4278
2025-05-20 10:32:45.012148,4279
2025-05-20 10:32:45.511986,4280
2025-05-20 10:32:46.012154,4281
2025-05-20 10:32:46.512186,4282
2025-05-20 10:32:47.012188,4283
2025-05-20 10:32:47.512047,4284
2025-05-20 10:32:48.012149,4285
2025-05-20 10:32:48.512063,4286
2025-05-20 10:32:49.012060,4287
2025-05-20 10:32:49.512010,4288
2025-05-20 10:32:50.012169,4289
2025-05-20 10:32:50.512011,4290
2025-05-20 10:32:51.012008,4291
2025-05-20 10:32:51.512037,4292
2025-05-20 10:32:52.011912,4293
2025-05-20 10:32:52.512022,4294
2025-05-20 10:32:53.012050,4295
2025-05-20 10:32:53.511992,4296
2025-05-20 10:32:54.011982,4297
2025-05-20 10:32:54.512039,4298
2025-05-20 10:32:55.012048,4299
2025-05-20 10:32:55.512005,4300
2025-05-20 10:32:56.012003,4301
2025-05-20 10:32:56.512005,4302
2025-05-20 10:32:57.012016,4303
2025-05-20 10:32:57.511981,4304
2025-05-20 10:32:58.012015,4305
2025-05-20 10:32:58.511976,4306
2025-05-20 10:32:59.012002,4307
2025-05-20 10:32:59.512001,4308
2025-05-20 10:33:00.011991,4309
2025-05-20 10:33:00.511939,4310
2025-05-20 10:33:01.011998,4311
2025-05-20 10:33:01.512003,4312
2025-05-20 10:33:02.012012,4313
2025-05-20 10:33:02.512006,4314
2025-05-20 10:33:03.011971,4315
2025-05-20 10:33:03.512030,4316
2025-05-20 10:33:04.011934,4317
2025-05-20 10:33:04.511948,4318
2025-05-20 10:33:05.012138,4319
2025-05-20 10:33:05.511945,4320
2025-05-20 10:33:06.011998,4321
2025-05-20 10:33:06.512017,4322
2025-05-20 10:33:07.012026,4323
2025-05-20 10:33:07.512016,4324
2025-05-20 10:33:08.012015,4325
2025-05-20 10:33:08.512118,4326
2025-05-20 10:33:09.011993,4327
2025-05-20 10:33:09.512129,4328
2025-05-20 10:33:10.011916,4329
2025-05-20 10:33:10.511973,4330
2025-05-20 10:33:11.012006,4331
2025-05-20 10:33:11.511996,4332
2025-05-20 10:33:12.012019,4333
2025-05-20 10:33:12.511999,4334
2025-05-20 10:33:13.011998,4335
2025-05-20 10:33:13.511933,4336
2025-05-20 10:33:14.012118,4337
2025-05-20 10:33:14.511940,4338
2025-05-20 10:33:15.012150,4339
2025-05-20 10:33:15.511994,4340
2025-05-20 10:33:16.011568,4341
2025-05-20 10:33:16.511935,4342
2025-05-20 10:33:17.011941,4343
2025-05-20 10:33:17.512007,4344
2025-05-20 10:33:18.011964,4345
2025-05-20 10:33:18.511991,4346
2025-05-20 10:33:19.012024,4347
2025-05-20 10:33:19.512038,4348
2025-05-20 10:33:20.012133,4349
2025-05-20 10:33:20.512049,4350
2025-05-20 10:33:21.011988,4351
2025-05-20 10:33:21.511992,4352
2025-05-20 10:33:22.012005,4353
2025-05-20 10:33:22.512005,4354
2025-05-20 10:33:23.012051,4355
2025-05-20 10:33:23.511928,4356
2025-05-20 10:33:24.012018,4357
2025-05-20 10:33:24.511946,4358
2025-05-20 10:33:25.012272,4359
2025-05-20 10:33:25.511909,4360
2025-05-20 10:33:26.012037,4361
2025-05-20 10:33:26.512001,4362
2025-05-20 10:33:27.012038,4363
2025-05-20 10:33:27.511939,4364
2025-05-20 10:33:28.011736,4365
2025-05-20 10:33:28.511925,4366
2025-05-20 10:33:29.011963,4367
2025-05-20 10:33:29.511974,4368
2025-05-20 10:33:30.012131,4369
2025-05-20 10:33:30.511975,4370
2025-05-20 10:33:31.011964,4371
2025-05-20 10:33:31.511961,4372
2025-05-20 10:33:32.011930,4373
2025-05-20 10:33:32.511968,4374
2025-05-20 10:33:33.011968,4375
2025-05-20 10:33:33.511963,4376
2025-05-20 10:33:34.011954,4377
2025-05-20 10:33:34.511952,4378
2025-05-20 10:33:35.012098,4379
2025-05-20 10:33:35.511919,4380
2025-05-20 10:33:36.011928,4381
2025-05-20 10:33:36.511963,4382
2025-05-20 10:33:37.011976,4383
2025-05-20 10:33:37.512032,4384
2025-05-20 10:33:38.012075,4385
2025-05-20 10:33:38.512125,4386
2025-05-20 10:33:39.011982,4387
2025-05-20 10:33:39.511962,4388
2025-05-20 10:33:40.012119,4389
2025-05-20 10:33:40.511929,4390
2025-05-20 10:33:41.011928,4391
2025-05-20 10:33:41.511932,4392
2025-05-20 10:33:42.011927,4393
2025-05-20 10:33:42.511926,4394
2025-05-20 10:33:43.011966,4395
2025-05-20 10:33:43.511967,4396
2025-05-20 10:33:44.011954,4397
2025-05-20 10:33:44.511962,4398
2025-05-20 10:33:45.012126,4399
2025-05-20 10:33:45.511945,4400
2025-05-20 10:33:46.011974,4401
2025-05-20 10:33:46.511968,4402
2025-05-20 10:33:47.012073,4403
2025-05-20 10:33:47.511917,4404
2025-05-20 10:33:48.011961,4405
2025-05-20 10:33:48.511839,4406
2025-05-20 10:33:49.012038,4407
2025-05-20 10:33:49.511955,4408
2025-05-20 10:33:50.012125,4409
2025-05-20 10:33:50.511935,4410
2025-05-20 10:33:51.012006,4411
2025-05-20 10:33:51.512009,4412
2025-05-20 10:33:52.012012,4413
2025-05-20 10:33:52.511993,4414
2025-05-20 10:33:53.012006,4415
2025-05-20 10:33:53.512177,4416
2025-05-20 10:33:54.011986,4417
2025-05-20 10:33:54.511988,4418
2025-05-20 10:33:55.012135,4419
2025-05-20 10:33:55.511962,4420
2025-05-20 10:33:56.011973,4421
2025-05-20 10:33:56.511962,4422
2025-05-20 10:33:57.011976,4423
2025-05-20 10:33:57.511967,4424
2025-05-20 10:33:58.011967,4425
2025-05-20 10:33:58.511956,4426
2025-05-20 10:33:59.011932,4427
2025-05-20 10:33:59.511965,4428
2025-05-20 10:34:00.012146,4429
2025-05-20 10:34:00.512002,4430
2025-05-20 10:34:01.011951,4431
2025-05-20 10:34:01.511973,4432
2025-05-20 10:34:02.011945,4433
2025-05-20 10:34:02.511958,4434
2025-05-20 10:34:03.011931,4435
2025-05-20 10:34:03.511937,4436
2025-05-20 10:34:04.011915,4437
2025-05-20 10:34:04.511923,4438
2025-05-20 10:34:05.012129,4439
2025-05-20 10:34:05.511957,4440
2025-05-20 10:34:06.011982,4441
2025-05-20 10:34:06.511982,4442
2025-05-20 10:34:07.011948,4443
2025-05-20 10:34:07.511983,4444
2025-05-20 10:34:08.011993,4445
2025-05-20 10:34:08.511956,4446
2025-05-20 10:34:09.011967,4447
2025-05-20 10:34:09.511996,4448
2025-05-20 10:34:10.012034,4449
2025-05-20 10:34:10.512203,4450
2025-05-20 10:34:11.012142,4451
2025-05-20 10:34:11.512180,4452
2025-05-20 10:34:12.012086,4453
2025-05-20 10:34:12.512169,4454
2025-05-20 10:34:13.011912,4455
2025-05-20 10:34:13.512283,4456
2025-05-20 10:34:14.012179,4457
2025-05-20 10:34:14.511877,4458
2025-05-20 10:34:15.012166,4459
2025-05-20 10:34:15.511974,4460
2025-05-20 10:34:16.011522,4461
2025-05-20 10:34:16.511956,4462
2025-05-20 10:34:17.011955,4463
2025-05-20 10:34:17.511965,4464
2025-05-20 10:34:18.011929,4465
2025-05-20 10:34:18.511994,4466
2025-05-20 10:34:19.011969,4467
2025-05-20 10:34:19.512015,4468
2025-05-20 10:34:20.012108,4469
2025-05-20 10:34:20.511963,4470
2025-05-20 10:34:21.012001,4471
2025-05-20 10:34:21.511993,4472
2025-05-20 10:34:22.011996,4473
2025-05-20 10:34:22.511971,4474
2025-05-20 10:34:23.011960,4475
2025-05-20 10:34:23.512005,4476
2025-05-20 10:34:24.011900,4477
2025-05-20 10:34:24.511998,4478
2025-05-20 10:34:25.012009,4479
2025-05-20 10:34:25.512169,4480
2025-05-20 10:34:26.011990,4481
2025-05-20 10:34:26.512002,4482
2025-05-20 10:34:27.011986,4483
2025-05-20 10:34:27.511988,4484
2025-05-20 10:34:28.011859,4485
2025-05-20 10:34:28.511927,4486
2025-05-20 10:34:29.011983,4487
2025-05-20 10:34:29.511940,4488
2025-05-20 10:34:30.011880,4489
2025-05-20 10:34:30.511936,4490
2025-05-20 10:34:31.012059,4491
2025-05-20 10:34:31.512069,4492
2025-05-20 10:34:32.011780,4493
2025-05-20 10:34:32.511957,4494
2025-05-20 10:34:33.011923,4495
2025-05-20 10:34:33.511950,4496
2025-05-20 10:34:34.012002,4497
2025-05-20 10:34:34.511937,4498
2025-05-20 10:34:35.012019,4499
2025-05-20 10:34:35.511957,4500
2025-05-20 10:34:36.011907,4501
2025-05-20 10:34:36.511940,4502
2025-05-20 10:34:37.011895,4503
2025-05-20 10:34:37.511922,4504
2025-05-20 10:34:38.011777,4505
2025-05-20 10:34:38.511952,4506
2025-05-20 10:34:39.011932,4507
2025-05-20 10:34:39.511918,4508
2025-05-20 10:34:40.012100,4509
2025-05-20 10:34:40.511944,4510
2025-05-20 10:34:41.011969,4511
2025-05-20 10:34:41.511932,4512
2025-05-20 10:34:42.011963,4513
2025-05-20 10:34:42.511957,4514
2025-05-20 10:34:43.011804,4515
2025-05-20 10:34:43.511917,4516
2025-05-20 10:34:44.011964,4517
2025-05-20 10:34:44.511946,4518
2025-05-20 10:34:45.012052,4519
2025-05-20 10:34:45.511954,4520
2025-05-20 10:34:46.011952,4521
2025-05-20 10:34:46.511861,4522
2025-05-20 10:34:47.011914,4523
2025-05-20 10:34:47.511958,4524
2025-05-20 10:34:48.011959,4525
2025-05-20 10:34:48.511953,4526
2025-05-20 10:34:49.011929,4527
2025-05-20 10:34:49.511962,4528
2025-05-20 10:34:50.012149,4529
2025-05-20 10:34:50.511954,4530
2025-05-20 10:34:51.011994,4531
2025-05-20 10:34:51.511949,4532
2025-05-20 10:34:52.011952,4533
2025-05-20 10:34:52.511934,4534
2025-05-20 10:34:53.011939,4535
2025-05-20 10:34:53.511942,4536
2025-05-20 10:34:54.011948,4537
2025-05-20 10:34:54.511965,4538
2025-05-20 10:34:55.012249,4539
2025-05-20 10:34:55.511946,4540
2025-05-20 10:34:56.012014,4541
2025-05-20 10:34:56.512120,4542
2025-05-20 10:34:57.011964,4543
2025-05-20 10:34:57.511968,4544
2025-05-20 10:34:58.011973,4545
2025-05-20 10:34:58.511959,4546
2025-05-20 10:34:59.011995,4547
2025-05-20 10:34:59.511964,4548
2025-05-20 10:35:00.012119,4549
2025-05-20 10:35:00.511966,4550
2025-05-20 10:35:01.011940,4551
2025-05-20 10:35:01.511942,4552
2025-05-20 10:35:02.011979,4553
2025-05-20 10:35:02.511932,4554
2025-05-20 10:35:03.011908,4555
2025-05-20 10:35:03.511940,4556
2025-05-20 10:35:04.011974,4557
2025-05-20 10:35:04.511954,4558
2025-05-20 10:35:05.012098,4559
2025-05-20 10:35:05.511945,4560
2025-05-20 10:35:06.011943,4561
2025-05-20 10:35:06.511967,4562
2025-05-20 10:35:07.011997,4563
2025-05-20 10:35:07.511926,4564
2025-05-20 10:35:08.011945,4565
2025-05-20 10:35:08.511977,4566
2025-05-20 10:35:09.011971,4567
2025-05-20 10:35:09.511885,4568
2025-05-20 10:35:10.011972,4569
2025-05-20 10:35:10.511975,4570
2025-05-20 10:35:11.012142,4571
2025-05-20 10:35:11.512018,4572
2025-05-20 10:35:12.011958,4573
2025-05-20 10:35:12.512018,4574
2025-05-20 10:35:13.011988,4575
2025-05-20 10:35:13.511985,4576
2025-05-20 10:35:14.011981,4577
2025-05-20 10:35:14.512011,4578
2025-05-20 10:35:15.012147,4579
2025-05-20 10:35:15.512019,4580
2025-05-20 10:35:16.011536,4581
2025-05-20 10:35:16.511978,4582
2025-05-20 10:35:17.012021,4583
2025-05-20 10:35:17.512020,4584
2025-05-20 10:35:18.011993,4585
2025-05-20 10:35:18.511981,4586
2025-05-20 10:35:19.011987,4587
2025-05-20 10:35:19.512017,4588
2025-05-20 10:35:20.012120,4589
2025-05-20 10:35:20.511512,4590
2025-05-20 10:35:21.011973,4591
2025-05-20 10:35:21.512009,4592
2025-05-20 10:35:22.012007,4593
2025-05-20 10:35:22.511971,4594
2025-05-20 10:35:23.011960,4595
2025-05-20 10:35:23.511970,4596
2025-05-20 10:35:24.011963,4597
2025-05-20 10:35:24.511942,4598
2025-05-20 10:35:25.012048,4599
2025-05-20 10:35:25.512017,4600
2025-05-20 10:35:26.012092,4601
2025-05-20 10:35:26.512129,4602
2025-05-20 10:35:27.011994,4603
2025-05-20 10:35:27.511968,4604
2025-05-20 10:35:28.011735,4605
2025-05-20 10:35:28.511974,4606
2025-05-20 10:35:29.011901,4607
2025-05-20 10:35:29.511968,4608
2025-05-20 10:35:30.011884,4609
2025-05-20 10:35:30.511978,4610
2025-05-20 10:35:31.011909,4611
2025-05-20 10:35:31.511903,4612
2025-05-20 10:35:32.011939,4613
2025-05-20 10:35:32.511945,4614
2025-05-20 10:35:33.011948,4615
2025-05-20 10:35:33.511888,4616
2025-05-20 10:35:34.011940,4617
2025-05-20 10:35:34.511873,4618
2025-05-20 10:35:35.012123,4619
2025-05-20 10:35:35.511971,4620
2025-05-20 10:35:36.011941,4621
2025-05-20 10:35:36.511971,4622
2025-05-20 10:35:37.011937,4623
2025-05-20 10:35:37.511970,4624
2025-05-20 10:35:38.011891,4625
2025-05-20 10:35:38.511971,4626
2025-05-20 10:35:39.011929,4627
2025-05-20 10:35:39.511970,4628
2025-05-20 10:35:40.012132,4629
2025-05-20 10:35:40.511946,4630
2025-05-20 10:35:41.011954,4631
2025-05-20 10:35:41.511990,4632
2025-05-20 10:35:42.012063,4633
2025-05-20 10:35:42.511945,4634
2025-05-20 10:35:43.011974,4635
2025-05-20 10:35:43.511900,4636
2025-05-20 10:35:44.011969,4637
2025-05-20 10:35:44.511977,4638
2025-05-20 10:35:45.012123,4639
2025-05-20 10:35:45.511953,4640
2025-05-20 10:35:46.011925,4641
2025-05-20 10:35:46.511971,4642
2025-05-20 10:35:47.011934,4643
2025-05-20 10:35:47.511967,4644
2025-05-20 10:35:48.011906,4645
2025-05-20 10:35:48.511983,4646
2025-05-20 10:35:49.011972,4647
2025-05-20 10:35:49.511996,4648
2025-05-20 10:35:50.012181,4649
2025-05-20 10:35:50.511239,4650
2025-05-20 10:35:51.011925,4651
2025-05-20 10:35:51.511958,4652
2025-05-20 10:35:52.011969,4653
2025-05-20 10:35:52.511920,4654
2025-05-20 10:35:53.011886,4655
2025-05-20 10:35:53.511895,4656
2025-05-20 10:35:54.011958,4657
2025-05-20 10:35:54.511961,4658
2025-05-20 10:35:55.012146,4659
2025-05-20 10:35:55.512034,4660
2025-05-20 10:35:56.012075,4661
2025-05-20 10:35:56.511983,4662
2025-05-20 10:35:57.011943,4663
2025-05-20 10:35:57.512037,4664
2025-05-20 10:35:58.012027,4665
2025-05-20 10:35:58.512009,4666
2025-05-20 10:35:59.012055,4667
2025-05-20 10:35:59.512058,4668
2025-05-20 10:36:00.012142,4669
2025-05-20 10:36:00.512013,4670
2025-05-20 10:36:01.012016,4671
2025-05-20 10:36:01.512005,4672
2025-05-20 10:36:02.012025,4673
2025-05-20 10:36:02.512010,4674
2025-05-20 10:36:03.011980,4675
2025-05-20 10:36:03.512018,4676
2025-05-20 10:36:04.011928,4677
2025-05-20 10:36:04.512025,4678
2025-05-20 10:36:05.012095,4679
2025-05-20 10:36:05.511941,4680
2025-05-20 10:36:06.011896,4681
2025-05-20 10:36:06.511931,4682
2025-05-20 10:36:07.011922,4683
2025-05-20 10:36:07.511991,4684
2025-05-20 10:36:08.011995,4685
2025-05-20 10:36:08.512015,4686
2025-05-20 10:36:09.011983,4687
2025-05-20 10:36:09.511984,4688
2025-05-20 10:36:10.011940,4689
2025-05-20 10:36:10.512146,4690
2025-05-20 10:36:11.012152,4691
2025-05-20 10:36:11.512078,4692
2025-05-20 10:36:12.012180,4693
2025-05-20 10:36:12.512156,4694
2025-05-20 10:36:13.011945,4695
2025-05-20 10:36:13.512186,4696
2025-05-20 10:36:14.011984,4697
2025-05-20 10:36:14.511983,4698
2025-05-20 10:36:15.012149,4699
2025-05-20 10:36:15.511977,4700
2025-05-20 10:36:16.011644,4701
2025-05-20 10:36:16.512040,4702
2025-05-20 10:36:17.011987,4703
2025-05-20 10:36:17.511994,4704
2025-05-20 10:36:18.012002,4705
2025-05-20 10:36:18.511988,4706
2025-05-20 10:36:19.011971,4707
2025-05-20 10:36:19.512002,4708
2025-05-20 10:36:20.012082,4709
2025-05-20 10:36:20.511973,4710
2025-05-20 10:36:21.012016,4711
2025-05-20 10:36:21.511928,4712
2025-05-20 10:36:22.011975,4713
2025-05-20 10:36:22.511984,4714
2025-05-20 10:36:23.011984,4715
2025-05-20 10:36:23.511993,4716
2025-05-20 10:36:24.012002,4717
2025-05-20 10:36:24.511975,4718
2025-05-20 10:36:25.011934,4719
2025-05-20 10:36:25.512006,4720
2025-05-20 10:36:26.011981,4721
2025-05-20 10:36:26.511973,4722
2025-05-20 10:36:27.011821,4723
2025-05-20 10:36:27.511964,4724
2025-05-20 10:36:28.011808,4725
2025-05-20 10:36:28.511984,4726
2025-05-20 10:36:29.011995,4727
2025-05-20 10:36:29.511979,4728
2025-05-20 10:36:30.012146,4729
2025-05-20 10:36:30.511985,4730
2025-05-20 10:36:31.011929,4731
2025-05-20 10:36:31.511910,4732
2025-05-20 10:36:32.011968,4733
2025-05-20 10:36:32.511871,4734
2025-05-20 10:36:33.011916,4735
2025-05-20 10:36:33.511901,4736
2025-05-20 10:36:34.011883,4737
2025-05-20 10:36:34.512006,4738
2025-05-20 10:36:35.012153,4739
2025-05-20 10:36:35.512012,4740
2025-05-20 10:36:36.012011,4741
2025-05-20 10:36:36.511924,4742
2025-05-20 10:36:37.011989,4743
2025-05-20 10:36:37.511925,4744
2025-05-20 10:36:38.011966,4745
2025-05-20 10:36:38.511953,4746
2025-05-20 10:36:39.011945,4747
2025-05-20 10:36:39.511948,4748
2025-05-20 10:36:40.012114,4749
2025-05-20 10:36:40.511930,4750
2025-05-20 10:36:41.011973,4751
2025-05-20 10:36:41.511933,4752
2025-05-20 10:36:42.011986,4753
2025-05-20 10:36:42.511974,4754
2025-05-20 10:36:43.011977,4755
2025-05-20 10:36:43.511959,4756
2025-05-20 10:36:44.011984,4757
2025-05-20 10:36:44.511975,4758
2025-05-20 10:36:45.012033,4759
2025-05-20 10:36:45.512108,4760
2025-05-20 10:36:46.011950,4761
2025-05-20 10:36:46.511944,4762
2025-05-20 10:36:47.011916,4763
2025-05-20 10:36:47.512014,4764
2025-05-20 10:36:48.011989,4765
2025-05-20 10:36:48.512132,4766
2025-05-20 10:36:49.012135,4767
2025-05-20 10:36:49.512004,4768
2025-05-20 10:36:50.011994,4769
2025-05-20 10:36:50.512009,4770
2025-05-20 10:36:51.011982,4771
2025-05-20 10:36:51.511976,4772
2025-05-20 10:36:52.012032,4773
2025-05-20 10:36:52.511982,4774
2025-05-20 10:36:53.011921,4775
2025-05-20 10:36:53.511944,4776
2025-05-20 10:36:54.011999,4777
2025-05-20 10:36:54.511972,4778
2025-05-20 10:36:55.012113,4779
2025-05-20 10:36:55.512039,4780
2025-05-20 10:36:56.011997,4781
2025-05-20 10:36:56.511973,4782
2025-05-20 10:36:57.011975,4783
2025-05-20 10:36:57.511983,4784
2025-05-20 10:36:58.011991,4785
2025-05-20 10:36:58.511983,4786
2025-05-20 10:36:59.011984,4787
2025-05-20 10:36:59.511940,4788
2025-05-20 10:37:00.012364,4789
2025-05-20 10:37:00.512163,4790
2025-05-20 10:37:01.011111,4791
2025-05-20 10:37:01.512025,4792
2025-05-20 10:37:02.011521,4793
2025-05-20 10:37:02.512098,4794
2025-05-20 10:37:03.012105,4795
2025-05-20 10:37:03.512128,4796
2025-05-20 10:37:04.012128,4797
2025-05-20 10:37:04.512104,4798
2025-05-20 10:37:05.012101,4799
2025-05-20 10:37:05.512013,4800
2025-05-20 10:37:06.012195,4801
2025-05-20 10:37:06.512080,4802
2025-05-20 10:37:07.012070,4803
2025-05-20 10:37:07.512109,4804
2025-05-20 10:37:08.012038,4805
2025-05-20 10:37:08.512158,4806
2025-05-20 10:37:09.012412,4807
2025-05-20 10:37:09.512155,4808
2025-05-20 10:37:10.011967,4809
2025-05-20 10:37:10.512134,4810
2025-05-20 10:37:11.012136,4811
2025-05-20 10:37:11.512082,4812
2025-05-20 10:37:12.012120,4813
2025-05-20 10:37:12.512173,4814
2025-05-20 10:37:13.012115,4815
2025-05-20 10:37:13.512331,4816
2025-05-20 10:37:14.012102,4817
2025-05-20 10:37:14.512075,4818
2025-05-20 10:37:15.012185,4819
2025-05-20 10:37:15.512091,4820
2025-05-20 10:37:16.011644,4821
2025-05-20 10:37:16.512114,4822
2025-05-20 10:37:17.012085,4823
2025-05-20 10:37:17.512126,4824
2025-05-20 10:37:18.012279,4825
2025-05-20 10:37:18.512083,4826
2025-05-20 10:37:19.012093,4827
2025-05-20 10:37:19.512114,4828
2025-05-20 10:37:20.012137,4829
2025-05-20 10:37:20.512147,4830
2025-05-20 10:37:21.012148,4831
2025-05-20 10:37:21.512027,4832
2025-05-20 10:37:22.012139,4833
2025-05-20 10:37:22.512089,4834
2025-05-20 10:37:23.012105,4835
2025-05-20 10:37:23.512135,4836
2025-05-20 10:37:24.012165,4837
2025-05-20 10:37:24.512105,4838
2025-05-20 10:37:25.012155,4839
2025-05-20 10:37:25.512112,4840
2025-05-20 10:37:26.012147,4841
2025-05-20 10:37:26.512138,4842
2025-05-20 10:37:27.012186,4843
2025-05-20 10:37:27.512106,4844
2025-05-20 10:37:28.012144,4845
2025-05-20 10:37:28.512129,4846
2025-05-20 10:37:29.012145,4847
2025-05-20 10:37:29.512133,4848
2025-05-20 10:37:30.012161,4849
2025-05-20 10:37:30.512116,4850
2025-05-20 10:37:31.012121,4851
2025-05-20 10:37:31.512161,4852
2025-05-20 10:37:32.011934,4853
2025-05-20 10:37:32.511977,4854
2025-05-20 10:37:33.011995,4855
2025-05-20 10:37:33.511990,4856
2025-05-20 10:37:34.012009,4857
2025-05-20 10:37:34.511994,4858
2025-05-20 10:37:35.011929,4859
2025-05-20 10:37:35.511966,4860
2025-05-20 10:37:36.012159,4861
2025-05-20 10:37:36.512007,4862
2025-05-20 10:37:37.012022,4863
2025-05-20 10:37:37.511997,4864
2025-05-20 10:37:38.012008,4865
2025-05-20 10:37:38.512002,4866
2025-05-20 10:37:39.011976,4867
2025-05-20 10:37:39.511961,4868
2025-05-20 10:37:40.012059,4869
2025-05-20 10:37:40.511840,4870
2025-05-20 10:37:41.011986,4871
2025-05-20 10:37:41.511968,4872
2025-05-20 10:37:42.012009,4873
2025-05-20 10:37:42.511845,4874
2025-05-20 10:37:43.011970,4875
2025-05-20 10:37:43.511926,4876
2025-05-20 10:37:44.011993,4877
2025-05-20 10:37:44.511961,4878
2025-05-20 10:37:45.012040,4879
2025-05-20 10:37:45.511955,4880
2025-05-20 10:37:46.011953,4881
2025-05-20 10:37:46.511992,4882
2025-05-20 10:37:47.011993,4883
2025-05-20 10:37:47.512002,4884
2025-05-20 10:37:48.011971,4885
2025-05-20 10:37:48.511984,4886
2025-05-20 10:37:49.011976,4887
2025-05-20 10:37:49.511953,4888
2025-05-20 10:37:50.012230,4889
2025-05-20 10:37:50.511961,4890
2025-05-20 10:37:51.011946,4891
2025-05-20 10:37:51.512015,4892
2025-05-20 10:37:52.011995,4893
2025-05-20 10:37:52.511998,4894
2025-05-20 10:37:53.011991,4895
2025-05-20 10:37:53.512015,4896
2025-05-20 10:37:54.012004,4897
2025-05-20 10:37:54.511993,4898
2025-05-20 10:37:55.012012,4899
2025-05-20 10:37:55.511985,4900
2025-05-20 10:37:56.011989,4901
2025-05-20 10:37:56.511975,4902
2025-05-20 10:37:57.011977,4903
2025-05-20 10:37:57.512008,4904
2025-05-20 10:37:58.011999,4905
2025-05-20 10:37:58.511977,4906
2025-05-20 10:37:59.012004,4907
2025-05-20 10:37:59.511959,4908
2025-05-20 10:38:00.012173,4909
2025-05-20 10:38:00.511914,4910
2025-05-20 10:38:01.012000,4911
2025-05-20 10:38:01.511959,4912
2025-05-20 10:38:02.011980,4913
2025-05-20 10:38:02.512007,4914
2025-05-20 10:38:03.012069,4915
2025-05-20 10:38:03.512001,4916
2025-05-20 10:38:04.012056,4917
2025-05-20 10:38:04.512004,4918
2025-05-20 10:38:05.012159,4919
2025-05-20 10:38:05.512038,4920
2025-05-20 10:38:06.012034,4921
2025-05-20 10:38:06.512049,4922
2025-05-20 10:38:07.012059,4923
2025-05-20 10:38:07.511951,4924
2025-05-20 10:38:08.011934,4925
2025-05-20 10:38:08.511998,4926
2025-05-20 10:38:09.012015,4927
2025-05-20 10:38:09.511961,4928
2025-05-20 10:38:10.011837,4929
2025-05-20 10:38:10.512122,4930
2025-05-20 10:38:11.011984,4931
2025-05-20 10:38:11.511957,4932
2025-05-20 10:38:12.011968,4933
2025-05-20 10:38:12.511970,4934
2025-05-20 10:38:13.011935,4935
2025-05-20 10:38:13.511966,4936
2025-05-20 10:38:14.011984,4937
2025-05-20 10:38:14.511993,4938
2025-05-20 10:38:15.011941,4939
2025-05-20 10:38:15.511936,4940
2025-05-20 10:38:16.011863,4941
2025-05-20 10:38:16.511965,4942
2025-05-20 10:38:17.012095,4943
2025-05-20 10:38:17.511957,4944
2025-05-20 10:38:18.011999,4945
2025-05-20 10:38:18.511960,4946
2025-05-20 10:38:19.011973,4947
2025-05-20 10:38:19.511956,4948
2025-05-20 10:38:20.012147,4949
2025-05-20 10:38:20.511962,4950
2025-05-20 10:38:21.011965,4951
2025-05-20 10:38:21.511957,4952
2025-05-20 10:38:22.011958,4953
2025-05-20 10:38:22.511989,4954
2025-05-20 10:38:23.011939,4955
2025-05-20 10:38:23.512000,4956
2025-05-20 10:38:24.012016,4957
2025-05-20 10:38:24.511978,4958
2025-05-20 10:38:25.011977,4959
2025-05-20 10:38:25.511981,4960
2025-05-20 10:38:26.011964,4961
2025-05-20 10:38:26.512006,4962
2025-05-20 10:38:27.011931,4963
2025-05-20 10:38:27.511921,4964
2025-05-20 10:38:28.011933,4965
2025-05-20 10:38:28.511791,4966
2025-05-20 10:38:29.011936,4967
2025-05-20 10:38:29.511913,4968
2025-05-20 10:38:30.012023,4969
2025-05-20 10:38:30.512104,4970
2025-05-20 10:38:31.011964,4971
2025-05-20 10:38:31.511955,4972
2025-05-20 10:38:32.011925,4973
2025-05-20 10:38:32.511971,4974
2025-05-20 10:38:33.011997,4975
2025-05-20 10:38:33.511989,4976
2025-05-20 10:38:34.011962,4977
2025-05-20 10:38:34.512098,4978
2025-05-20 10:38:35.012025,4979
2025-05-20 10:38:35.512145,4980
2025-05-20 10:38:36.012116,4981
2025-05-20 10:38:36.512170,4982
2025-05-20 10:38:37.012106,4983
2025-05-20 10:38:37.511975,4984
2025-05-20 10:38:38.011976,4985
2025-05-20 10:38:38.511991,4986
2025-05-20 10:38:39.011966,4987
2025-05-20 10:38:39.511961,4988
2025-05-20 10:38:40.012085,4989
2025-05-20 10:38:40.511989,4990
2025-05-20 10:38:41.011963,4991
2025-05-20 10:38:41.511957,4992
2025-05-20 10:38:42.011981,4993
2025-05-20 10:38:42.512110,4994
2025-05-20 10:38:43.011944,4995
2025-05-20 10:38:43.511989,4996
2025-05-20 10:38:44.011945,4997
2025-05-20 10:38:44.511957,4998
2025-05-20 10:38:45.011966,4999
2025-05-20 10:38:45.511993,5000
2025-05-20 10:38:46.011964,5001
2025-05-20 10:38:46.511968,5002
2025-05-20 10:38:47.011993,5003
2025-05-20 10:38:47.511988,5004
2025-05-20 10:38:48.011999,5005
2025-05-20 10:38:48.511953,5006
2025-05-20 10:38:49.011876,5007
2025-05-20 10:38:49.511982,5008
2025-05-20 10:38:50.012165,5009
2025-05-20 10:38:50.511989,5010
2025-05-20 10:38:51.012007,5011
2025-05-20 10:38:51.511995,5012
2025-05-20 10:38:52.012119,5013
2025-05-20 10:38:52.511871,5014
2025-05-20 10:38:53.011975,5015
2025-05-20 10:38:53.512003,5016
2025-05-20 10:38:54.012019,5017
2025-05-20 10:38:54.511935,5018
2025-05-20 10:38:55.012198,5019
2025-05-20 10:38:55.512017,5020
2025-05-20 10:38:56.012045,5021
2025-05-20 10:38:56.512043,5022
2025-05-20 10:38:57.012039,5023
2025-05-20 10:38:57.512036,5024
2025-05-20 10:38:58.012037,5025
2025-05-20 10:38:58.512022,5026
2025-05-20 10:38:59.012020,5027
2025-05-20 10:38:59.511910,5028
2025-05-20 10:39:00.012212,5029
2025-05-20 10:39:00.512028,5030
2025-05-20 10:39:01.012009,5031
2025-05-20 10:39:01.512024,5032
2025-05-20 10:39:02.012021,5033
2025-05-20 10:39:02.511978,5034
2025-05-20 10:39:03.011911,5035
2025-05-20 10:39:03.512037,5036
2025-05-20 10:39:04.012051,5037
2025-05-20 10:39:04.512095,5038
2025-05-20 10:39:05.012264,5039
2025-05-20 10:39:05.511979,5040
2025-05-20 10:39:06.012007,5041
2025-05-20 10:39:06.512011,5042
2025-05-20 10:39:07.011990,5043
2025-05-20 10:39:07.511980,5044
2025-05-20 10:39:08.012050,5045
2025-05-20 10:39:08.512007,5046
2025-05-20 10:39:09.011942,5047
2025-05-20 10:39:09.512032,5048
2025-05-20 10:39:10.011859,5049
2025-05-20 10:39:10.511977,5050
2025-05-20 10:39:11.012002,5051
2025-05-20 10:39:11.512000,5052
2025-05-20 10:39:12.011982,5053
2025-05-20 10:39:12.511983,5054
2025-05-20 10:39:13.011977,5055
2025-05-20 10:39:13.511984,5056
2025-05-20 10:39:14.011977,5057
2025-05-20 10:39:14.512007,5058
2025-05-20 10:39:15.012150,5059
2025-05-20 10:39:15.512005,5060
2025-05-20 10:39:16.011711,5061
2025-05-20 10:39:16.511977,5062
2025-05-20 10:39:17.011983,5063
2025-05-20 10:39:17.512005,5064
2025-05-20 10:39:18.012002,5065
2025-05-20 10:39:18.512034,5066
2025-05-20 10:39:19.011926,5067
2025-05-20 10:39:19.511937,5068
2025-05-20 10:39:20.012032,5069
2025-05-20 10:39:20.511941,5070
2025-05-20 10:39:21.012004,5071
2025-05-20 10:39:21.512025,5072
2025-05-20 10:39:22.012028,5073
2025-05-20 10:39:22.511988,5074
2025-05-20 10:39:23.012030,5075
2025-05-20 10:39:23.512028,5076
2025-05-20 10:39:24.011989,5077
2025-05-20 10:39:24.512025,5078
2025-05-20 10:39:25.012068,5079
2025-05-20 10:39:25.511987,5080
2025-05-20 10:39:26.012013,5081
2025-05-20 10:39:26.512014,5082
2025-05-20 10:39:27.011973,5083
2025-05-20 10:39:27.512012,5084
2025-05-20 10:39:28.011818,5085
2025-05-20 10:39:28.511988,5086
2025-05-20 10:39:29.011995,5087
2025-05-20 10:39:29.511986,5088
2025-05-20 10:39:30.012038,5089
2025-05-20 10:39:30.511976,5090
2025-05-20 10:39:31.011970,5091
2025-05-20 10:39:31.511967,5092
2025-05-20 10:39:32.011988,5093
2025-05-20 10:39:32.511992,5094
2025-05-20 10:39:33.011979,5095
2025-05-20 10:39:33.511925,5096
2025-05-20 10:39:34.011921,5097
2025-05-20 10:39:34.511989,5098
2025-05-20 10:39:35.012061,5099
2025-05-20 10:39:35.511970,5100
2025-05-20 10:39:36.011954,5101
2025-05-20 10:39:36.512019,5102
2025-05-20 10:39:37.011969,5103
2025-05-20 10:39:37.511946,5104
2025-05-20 10:39:38.011963,5105
2025-05-20 10:39:38.511995,5106
2025-05-20 10:39:39.011995,5107
2025-05-20 10:39:39.511991,5108
2025-05-20 10:39:40.012042,5109
2025-05-20 10:39:40.511937,5110
2025-05-20 10:39:41.011922,5111
2025-05-20 10:39:41.511997,5112
2025-05-20 10:39:42.011968,5113
2025-05-20 10:39:42.511993,5114
2025-05-20 10:39:43.011996,5115
2025-05-20 10:39:43.511929,5116
2025-05-20 10:39:44.011990,5117
2025-05-20 10:39:44.511861,5118
2025-05-20 10:39:45.012092,5119
2025-05-20 10:39:45.511909,5120
2025-05-20 10:39:46.011909,5121
2025-05-20 10:39:46.511919,5122
2025-05-20 10:39:47.011940,5123
2025-05-20 10:39:47.511962,5124
2025-05-20 10:39:48.011944,5125
2025-05-20 10:39:48.511961,5126
2025-05-20 10:39:49.012024,5127
2025-05-20 10:39:49.511923,5128
2025-05-20 10:39:50.012124,5129
2025-05-20 10:39:50.511977,5130
2025-05-20 10:39:51.012130,5131
2025-05-20 10:39:51.512187,5132
2025-05-20 10:39:52.011988,5133
2025-05-20 10:39:52.511827,5134
2025-05-20 10:39:53.011997,5135
2025-05-20 10:39:53.511125,5136
2025-05-20 10:39:54.012115,5137
2025-05-20 10:39:54.511982,5138
2025-05-20 10:39:55.012185,5139
2025-05-20 10:39:55.511853,5140
2025-05-20 10:39:56.011971,5141
2025-05-20 10:39:56.512122,5142
2025-05-20 10:39:57.012104,5143
2025-05-20 10:39:57.511842,5144
2025-05-20 10:39:58.011806,5145
2025-05-20 10:39:58.512106,5146
2025-05-20 10:39:59.011947,5147
2025-05-20 10:39:59.511981,5148
2025-05-20 10:40:00.012163,5149
2025-05-20 10:40:00.511968,5150
2025-05-20 10:40:01.012000,5151
2025-05-20 10:40:01.512053,5152
2025-05-20 10:40:02.011861,5153
2025-05-20 10:40:02.511991,5154
2025-05-20 10:40:03.012005,5155
2025-05-20 10:40:03.512014,5156
2025-05-20 10:40:04.011973,5157
2025-05-20 10:40:04.512087,5158
2025-05-20 10:40:05.012150,5159
2025-05-20 10:40:05.511966,5160
2025-05-20 10:40:06.012003,5161
2025-05-20 10:40:06.511962,5162
2025-05-20 10:40:07.012006,5163
2025-05-20 10:40:07.512056,5164
2025-05-20 10:40:08.012022,5165
2025-05-20 10:40:08.512013,5166
2025-05-20 10:40:09.011971,5167
2025-05-20 10:40:09.511928,5168
2025-05-20 10:40:10.011942,5169
2025-05-20 10:40:10.512164,5170
2025-05-20 10:40:11.012032,5171
2025-05-20 10:40:11.512003,5172
2025-05-20 10:40:12.011936,5173
2025-05-20 10:40:12.511972,5174
2025-05-20 10:40:13.011965,5175
2025-05-20 10:40:13.511916,5176
2025-05-20 10:40:14.012002,5177
2025-05-20 10:40:14.511963,5178
2025-05-20 10:40:15.011968,5179
2025-05-20 10:40:15.511947,5180
2025-05-20 10:40:16.011510,5181
2025-05-20 10:40:16.512031,5182
2025-05-20 10:40:17.012001,5183
2025-05-20 10:40:17.512016,5184
2025-05-20 10:40:18.011933,5185
2025-05-20 10:40:18.511981,5186
2025-05-20 10:40:19.011988,5187
2025-05-20 10:40:19.512101,5188
2025-05-20 10:40:20.012264,5189
2025-05-20 10:40:20.512006,5190
2025-05-20 10:40:21.012009,5191
2025-05-20 10:40:21.511919,5192
2025-05-20 10:40:22.012006,5193
2025-05-20 10:40:22.512057,5194
2025-05-20 10:40:23.011979,5195
2025-05-20 10:40:23.511899,5196
2025-05-20 10:40:24.011995,5197
2025-05-20 10:40:24.512010,5198
2025-05-20 10:40:25.012193,5199
2025-05-20 10:40:25.512083,5200
2025-05-20 10:40:26.011990,5201
2025-05-20 10:40:26.511989,5202
2025-05-20 10:40:27.011977,5203
2025-05-20 10:40:27.511933,5204
2025-05-20 10:40:28.011707,5205
2025-05-20 10:40:28.512093,5206
2025-05-20 10:40:29.012075,5207
2025-05-20 10:40:29.512062,5208
2025-05-20 10:40:30.012220,5209
2025-05-20 10:40:30.512067,5210
2025-05-20 10:40:31.012049,5211
2025-05-20 10:40:31.512082,5212
2025-05-20 10:40:32.012056,5213
2025-05-20 10:40:32.512109,5214
2025-05-20 10:40:33.012101,5215
2025-05-20 10:40:33.511956,5216
2025-05-20 10:40:34.012261,5217
2025-05-20 10:40:34.512234,5218
2025-05-20 10:40:35.012212,5219
2025-05-20 10:40:35.512229,5220
2025-05-20 10:40:36.012191,5221
2025-05-20 10:40:36.512180,5222
2025-05-20 10:40:37.012248,5223
2025-05-20 10:40:37.512212,5224
2025-05-20 10:40:38.011959,5225
2025-05-20 10:40:38.512102,5226
2025-05-20 10:40:39.012021,5227
2025-05-20 10:40:39.512209,5228
2025-05-20 10:40:40.012228,5229
2025-05-20 10:40:40.512220,5230
2025-05-20 10:40:41.012054,5231
2025-05-20 10:40:41.512050,5232
2025-05-20 10:40:42.012032,5233
2025-05-20 10:40:42.512083,5234
2025-05-20 10:40:43.011978,5235
2025-05-20 10:40:43.512064,5236
2025-05-20 10:40:44.012021,5237
2025-05-20 10:40:44.512049,5238
2025-05-20 10:40:45.012182,5239
2025-05-20 10:40:45.512065,5240
2025-05-20 10:40:46.012025,5241
2025-05-20 10:40:46.512035,5242
2025-05-20 10:40:47.012004,5243
2025-05-20 10:40:47.512073,5244
2025-05-20 10:40:48.012052,5245
2025-05-20 10:40:48.512084,5246
2025-05-20 10:40:49.012033,5247
2025-05-20 10:40:49.512049,5248
2025-05-20 10:40:50.012075,5249
2025-05-20 10:40:50.512028,5250
2025-05-20 10:40:51.012049,5251
2025-05-20 10:40:51.512040,5252
2025-05-20 10:40:52.012064,5253
2025-05-20 10:40:52.512047,5254
2025-05-20 10:40:53.011962,5255
2025-05-20 10:40:53.511973,5256
2025-05-20 10:40:54.012119,5257
2025-05-20 10:40:54.512055,5258
2025-05-20 10:40:55.012261,5259
2025-05-20 10:40:55.512076,5260
2025-05-20 10:40:56.012056,5261
2025-05-20 10:40:56.512006,5262
2025-05-20 10:40:57.012042,5263
2025-05-20 10:40:57.512065,5264
2025-05-20 10:40:58.012063,5265
2025-05-20 10:40:58.512074,5266
2025-05-20 10:40:59.012066,5267
2025-05-20 10:40:59.512019,5268
2025-05-20 10:41:00.012272,5269
2025-05-20 10:41:00.512158,5270
2025-05-20 10:41:01.012035,5271
2025-05-20 10:41:01.511983,5272
2025-05-20 10:41:02.012077,5273
2025-05-20 10:41:02.512087,5274
2025-05-20 10:41:03.012103,5275
2025-05-20 10:41:03.512050,5276
2025-05-20 10:41:04.012074,5277
2025-05-20 10:41:04.512142,5278
2025-05-20 10:41:05.012192,5279
2025-05-20 10:41:05.512135,5280
2025-05-20 10:41:06.012128,5281
2025-05-20 10:41:06.512057,5282
2025-05-20 10:41:07.011990,5283
2025-05-20 10:41:07.512060,5284
2025-05-20 10:41:08.012017,5285
2025-05-20 10:41:08.512016,5286
2025-05-20 10:41:09.012012,5287
2025-05-20 10:41:09.512029,5288
2025-05-20 10:41:10.011751,5289
2025-05-20 10:41:10.512163,5290
2025-05-20 10:41:11.012154,5291
2025-05-20 10:41:11.512136,5292
2025-05-20 10:41:12.011944,5293
2025-05-20 10:41:12.511957,5294
2025-05-20 10:41:13.012000,5295
2025-05-20 10:41:13.511988,5296
2025-05-20 10:41:14.012008,5297
2025-05-20 10:41:14.512017,5298
2025-05-20 10:41:15.012070,5299
2025-05-20 10:41:15.511978,5300
2025-05-20 10:41:16.012016,5301
2025-05-20 10:41:16.511917,5302
2025-05-20 10:41:17.011975,5303
2025-05-20 10:41:17.511942,5304
2025-05-20 10:41:18.011938,5305
2025-05-20 10:41:18.511926,5306
2025-05-20 10:41:19.011961,5307
2025-05-20 10:41:19.512059,5308
2025-05-20 10:41:20.012089,5309
2025-05-20 10:41:20.511938,5310
2025-05-20 10:41:21.011961,5311
2025-05-20 10:41:21.511871,5312
2025-05-20 10:41:22.011958,5313
2025-05-20 10:41:22.511824,5314
2025-05-20 10:41:23.011925,5315
2025-05-20 10:41:23.511972,5316
2025-05-20 10:41:24.011969,5317
2025-05-20 10:41:24.512076,5318
2025-05-20 10:41:25.012115,5319
2025-05-20 10:41:25.512277,5320
2025-05-20 10:41:26.012018,5321
2025-05-20 10:41:26.512004,5322
2025-05-20 10:41:27.011979,5323
2025-05-20 10:41:27.512005,5324
2025-05-20 10:41:28.011975,5325
2025-05-20 10:41:28.511979,5326
2025-05-20 10:41:29.011932,5327
2025-05-20 10:41:29.512271,5328
2025-05-20 10:41:30.012135,5329
2025-05-20 10:41:30.511945,5330
2025-05-20 10:41:31.011992,5331
2025-05-20 10:41:31.512127,5332
2025-05-20 10:41:32.012078,5333
2025-05-20 10:41:32.512112,5334
2025-05-20 10:41:33.012001,5335
2025-05-20 10:41:33.512009,5336
2025-05-20 10:41:34.011962,5337
2025-05-20 10:41:34.512005,5338
2025-05-20 10:41:35.012039,5339
2025-05-20 10:41:35.511939,5340
2025-05-20 10:41:36.011882,5341
2025-05-20 10:41:36.511922,5342
2025-05-20 10:41:37.011916,5343
2025-05-20 10:41:37.511905,5344
2025-05-20 10:41:38.011891,5345
2025-05-20 10:41:38.511908,5346
2025-05-20 10:41:39.011892,5347
2025-05-20 10:41:39.511910,5348
2025-05-20 10:41:40.012036,5349
2025-05-20 10:41:40.511897,5350
2025-05-20 10:41:41.011910,5351
2025-05-20 10:41:41.511906,5352
2025-05-20 10:41:42.011839,5353
2025-05-20 10:41:42.511931,5354
2025-05-20 10:41:43.011907,5355
2025-05-20 10:41:43.511925,5356
2025-05-20 10:41:44.011922,5357
2025-05-20 10:41:44.511904,5358
2025-05-20 10:41:45.011985,5359
2025-05-20 10:41:45.511895,5360
2025-05-20 10:41:46.011926,5361
2025-05-20 10:41:46.511890,5362
2025-05-20 10:41:47.011882,5363
2025-05-20 10:41:47.511944,5364
2025-05-20 10:41:48.011911,5365
2025-05-20 10:41:48.511767,5366
2025-05-20 10:41:49.011841,5367
2025-05-20 10:41:49.511878,5368
2025-05-20 10:41:50.012027,5369
2025-05-20 10:41:50.511903,5370
2025-05-20 10:41:51.011885,5371
2025-05-20 10:41:51.511899,5372
2025-05-20 10:41:52.011900,5373
2025-05-20 10:41:52.511900,5374
2025-05-20 10:41:53.012023,5375
2025-05-20 10:41:53.511944,5376
2025-05-20 10:41:54.011938,5377
2025-05-20 10:41:54.511963,5378
2025-05-20 10:41:55.012120,5379
2025-05-20 10:41:55.512056,5380
2025-05-20 10:41:56.011972,5381
2025-05-20 10:41:56.511979,5382
2025-05-20 10:41:57.011981,5383
2025-05-20 10:41:57.511969,5384
2025-05-20 10:41:58.011997,5385
2025-05-20 10:41:58.511941,5386
2025-05-20 10:41:59.011951,5387
2025-05-20 10:41:59.511937,5388
2025-05-20 10:42:00.012214,5389
2025-05-20 10:42:00.511999,5390
2025-05-20 10:42:01.011966,5391
2025-05-20 10:42:01.511984,5392
2025-05-20 10:42:02.011970,5393
2025-05-20 10:42:02.511926,5394
2025-05-20 10:42:03.011964,5395
2025-05-20 10:42:03.511986,5396
2025-05-20 10:42:04.011973,5397
2025-05-20 10:42:04.511984,5398
2025-05-20 10:42:05.012137,5399
2025-05-20 10:42:05.511991,5400
2025-05-20 10:42:06.011991,5401
2025-05-20 10:42:06.511979,5402
2025-05-20 10:42:07.011976,5403
2025-05-20 10:42:07.511971,5404
2025-05-20 10:42:08.012013,5405
2025-05-20 10:42:08.512035,5406
2025-05-20 10:42:09.011916,5407
2025-05-20 10:42:09.511997,5408
2025-05-20 10:42:10.011922,5409
2025-05-20 10:42:10.511982,5410
2025-05-20 10:42:11.012072,5411
2025-05-20 10:42:11.512037,5412
2025-05-20 10:42:12.012013,5413
2025-05-20 10:42:12.512027,5414
2025-05-20 10:42:13.012004,5415
2025-05-20 10:42:13.512007,5416
2025-05-20 10:42:14.012014,5417
2025-05-20 10:42:14.512027,5418
2025-05-20 10:42:15.012083,5419
2025-05-20 10:42:15.511903,5420
2025-05-20 10:42:16.011711,5421
2025-05-20 10:42:16.511990,5422
2025-05-20 10:42:17.011990,5423
2025-05-20 10:42:17.512003,5424
2025-05-20 10:42:18.012018,5425
2025-05-20 10:42:18.511945,5426
2025-05-20 10:42:19.011977,5427
2025-05-20 10:42:19.511971,5428
2025-05-20 10:42:20.012106,5429
2025-05-20 10:42:20.511975,5430
2025-05-20 10:42:21.012068,5431
2025-05-20 10:42:21.511998,5432
2025-05-20 10:42:22.011983,5433
2025-05-20 10:42:22.511890,5434
2025-05-20 10:42:23.011947,5435
2025-05-20 10:42:23.511953,5436
2025-05-20 10:42:24.011856,5437
2025-05-20 10:42:24.512005,5438
2025-05-20 10:42:25.012162,5439
2025-05-20 10:42:25.512042,5440
2025-05-20 10:42:26.011997,5441
2025-05-20 10:42:26.511968,5442
2025-05-20 10:42:27.011972,5443
2025-05-20 10:42:27.511961,5444
2025-05-20 10:42:28.011636,5445
2025-05-20 10:42:28.512004,5446
2025-05-20 10:42:29.012039,5447
2025-05-20 10:42:29.511965,5448
2025-05-20 10:42:30.011996,5449
2025-05-20 10:42:30.512010,5450
2025-05-20 10:42:31.012033,5451
2025-05-20 10:42:31.511936,5452
2025-05-20 10:42:32.012003,5453
2025-05-20 10:42:32.511932,5454
2025-05-20 10:42:33.011982,5455
2025-05-20 10:42:33.511927,5456
2025-05-20 10:42:34.011992,5457
2025-05-20 10:42:34.511991,5458
2025-05-20 10:42:35.012150,5459
2025-05-20 10:42:35.511986,5460
2025-05-20 10:42:36.011978,5461
2025-05-20 10:42:36.511973,5462
2025-05-20 10:42:37.012003,5463
2025-05-20 10:42:37.512058,5464
2025-05-20 10:42:38.011937,5465
2025-05-20 10:42:38.511969,5466
2025-05-20 10:42:39.011946,5467
2025-05-20 10:42:39.511968,5468
2025-05-20 10:42:40.012151,5469
2025-05-20 10:42:40.512219,5470
2025-05-20 10:42:41.012031,5471
2025-05-20 10:42:41.511964,5472
2025-05-20 10:42:42.012002,5473
2025-05-20 10:42:42.512012,5474
2025-05-20 10:42:43.011964,5475
2025-05-20 10:42:43.511977,5476
2025-05-20 10:42:44.012008,5477
2025-05-20 10:42:44.511993,5478
2025-05-20 10:42:45.012209,5479
2025-05-20 10:42:45.511975,5480
2025-05-20 10:42:46.011998,5481
2025-05-20 10:42:46.511906,5482
2025-05-20 10:42:47.011969,5483
2025-05-20 10:42:47.512004,5484
2025-05-20 10:42:48.011967,5485
2025-05-20 10:42:48.512004,5486
2025-05-20 10:42:49.011999,5487
2025-05-20 10:42:49.511979,5488
2025-05-20 10:42:50.012022,5489
2025-05-20 10:42:50.511946,5490
2025-05-20 10:42:51.011948,5491
2025-05-20 10:42:51.511951,5492
2025-05-20 10:42:52.011944,5493
2025-05-20 10:42:52.511965,5494
2025-05-20 10:42:53.011952,5495
2025-05-20 10:42:53.511946,5496
2025-05-20 10:42:54.011981,5497
2025-05-20 10:42:54.512007,5498
2025-05-20 10:42:55.012022,5499
2025-05-20 10:42:55.511863,5500
2025-05-20 10:42:56.011977,5501
2025-05-20 10:42:56.511966,5502
2025-05-20 10:42:57.011935,5503
2025-05-20 10:42:57.512013,5504
2025-05-20 10:42:58.012002,5505
2025-05-20 10:42:58.511992,5506
2025-05-20 10:42:59.011849,5507
2025-05-20 10:42:59.511995,5508
2025-05-20 10:43:00.012170,5509
2025-05-20 10:43:00.511930,5510
2025-05-20 10:43:01.011962,5511
2025-05-20 10:43:01.511977,5512
2025-05-20 10:43:02.011997,5513
2025-05-20 10:43:02.511988,5514
2025-05-20 10:43:03.011982,5515
2025-05-20 10:43:03.511996,5516
2025-05-20 10:43:04.012009,5517
2025-05-20 10:43:04.511885,5518
2025-05-20 10:43:05.012037,5519
2025-05-20 10:43:05.511977,5520
2025-05-20 10:43:06.012037,5521
2025-05-20 10:43:06.511968,5522
2025-05-20 10:43:07.011948,5523
2025-05-20 10:43:07.512015,5524
2025-05-20 10:43:08.011999,5525
2025-05-20 10:43:08.511929,5526
2025-05-20 10:43:09.012020,5527
2025-05-20 10:43:09.511949,5528
2025-05-20 10:43:10.011898,5529
2025-05-20 10:43:10.511966,5530
2025-05-20 10:43:11.011986,5531
2025-05-20 10:43:11.511953,5532
2025-05-20 10:43:12.012012,5533
2025-05-20 10:43:12.512015,5534
2025-05-20 10:43:13.011954,5535
2025-05-20 10:43:13.511983,5536
2025-05-20 10:43:14.012007,5537
2025-05-20 10:43:14.511954,5538
2025-05-20 10:43:15.011939,5539
2025-05-20 10:43:15.511935,5540
2025-05-20 10:43:16.011653,5541
2025-05-20 10:43:16.511939,5542
2025-05-20 10:43:17.011965,5543
2025-05-20 10:43:17.511948,5544
2025-05-20 10:43:18.011951,5545
2025-05-20 10:43:18.511957,5546
2025-05-20 10:43:19.011971,5547
2025-05-20 10:43:19.511929,5548
2025-05-20 10:43:20.012104,5549
2025-05-20 10:43:20.511950,5550
2025-05-20 10:43:21.011961,5551
2025-05-20 10:43:21.511933,5552
2025-05-20 10:43:22.011960,5553
2025-05-20 10:43:22.511991,5554
2025-05-20 10:43:23.011955,5555
2025-05-20 10:43:23.511936,5556
2025-05-20 10:43:24.011938,5557
2025-05-20 10:43:24.511988,5558
2025-05-20 10:43:25.011955,5559
2025-05-20 10:43:25.511919,5560
2025-05-20 10:43:26.011923,5561
2025-05-20 10:43:26.511954,5562
2025-05-20 10:43:27.011952,5563
2025-05-20 10:43:27.511928,5564
2025-05-20 10:43:28.011503,5565
2025-05-20 10:43:28.511935,5566
2025-05-20 10:43:29.011948,5567
2025-05-20 10:43:29.511974,5568
2025-05-20 10:43:30.011931,5569
2025-05-20 10:43:30.511904,5570
2025-05-20 10:43:31.011959,5571
2025-05-20 10:43:31.511844,5572
2025-05-20 10:43:32.011989,5573
2025-05-20 10:43:32.511854,5574
2025-05-20 10:43:33.011987,5575
2025-05-20 10:43:33.512005,5576
2025-05-20 10:43:34.011915,5577
2025-05-20 10:43:34.511986,5578
2025-05-20 10:43:35.011919,5579
2025-05-20 10:43:35.511943,5580
2025-05-20 10:43:36.011984,5581
2025-05-20 10:43:36.511953,5582
2025-05-20 10:43:37.011907,5583
2025-05-20 10:43:37.511987,5584
2025-05-20 10:43:38.011930,5585
2025-05-20 10:43:38.511981,5586
2025-05-20 10:43:39.011931,5587
2025-05-20 10:43:39.511958,5588
2025-05-20 10:43:40.012117,5589
2025-05-20 10:43:40.511939,5590
2025-05-20 10:43:41.011966,5591
2025-05-20 10:43:41.511969,5592
2025-05-20 10:43:42.011955,5593
2025-05-20 10:43:42.511888,5594
2025-05-20 10:43:43.011944,5595
2025-05-20 10:43:43.511954,5596
2025-05-20 10:43:44.011919,5597
2025-05-20 10:43:44.511992,5598
2025-05-20 10:43:45.011974,5599
2025-05-20 10:43:45.511970,5600
2025-05-20 10:43:46.011949,5601
2025-05-20 10:43:46.511995,5602
2025-05-20 10:43:47.011965,5603
2025-05-20 10:43:47.512097,5604
2025-05-20 10:43:48.011984,5605
2025-05-20 10:43:48.511965,5606
2025-05-20 10:43:49.011931,5607
2025-05-20 10:43:49.511940,5608
2025-05-20 10:43:50.012045,5609
2025-05-20 10:43:50.511962,5610
2025-05-20 10:43:51.012001,5611
2025-05-20 10:43:51.511858,5612
2025-05-20 10:43:52.011935,5613
2025-05-20 10:43:52.511863,5614
2025-05-20 10:43:53.011957,5615
2025-05-20 10:43:53.511968,5616
2025-05-20 10:43:54.011965,5617
2025-05-20 10:43:54.511960,5618
2025-05-20 10:43:55.012104,5619
2025-05-20 10:43:55.511965,5620
2025-05-20 10:43:56.011975,5621
2025-05-20 10:43:56.511898,5622
2025-05-20 10:43:57.011951,5623
2025-05-20 10:43:57.511963,5624
2025-05-20 10:43:58.011948,5625
2025-05-20 10:43:58.511959,5626
2025-05-20 10:43:59.011948,5627
2025-05-20 10:43:59.511968,5628
2025-05-20 10:44:00.012160,5629
2025-05-20 10:44:00.511967,5630
2025-05-20 10:44:01.011919,5631
2025-05-20 10:44:01.511962,5632
2025-05-20 10:44:02.011974,5633
2025-05-20 10:44:02.511970,5634
2025-05-20 10:44:03.011972,5635
2025-05-20 10:44:03.511917,5636
2025-05-20 10:44:04.011946,5637
2025-05-20 10:44:04.511961,5638
2025-05-20 10:44:05.012089,5639
2025-05-20 10:44:05.511971,5640
2025-05-20 10:44:06.011959,5641
2025-05-20 10:44:06.511955,5642
2025-05-20 10:44:07.011937,5643
2025-05-20 10:44:07.511929,5644
2025-05-20 10:44:08.011910,5645
2025-05-20 10:44:08.511934,5646
2025-05-20 10:44:09.012051,5647
2025-05-20 10:44:09.511977,5648
2025-05-20 10:44:10.011853,5649
2025-05-20 10:44:10.511928,5650
2025-05-20 10:44:11.011967,5651
2025-05-20 10:44:11.511998,5652
2025-05-20 10:44:12.011956,5653
2025-05-20 10:44:12.511869,5654
2025-05-20 10:44:13.012029,5655
2025-05-20 10:44:13.511934,5656
2025-05-20 10:44:14.011964,5657
2025-05-20 10:44:14.511963,5658
2025-05-20 10:44:15.011951,5659
2025-05-20 10:44:15.511963,5660
2025-05-20 10:44:16.011746,5661
2025-05-20 10:44:16.511831,5662
2025-05-20 10:44:17.011951,5663
2025-05-20 10:44:17.511943,5664
2025-05-20 10:44:18.011970,5665
2025-05-20 10:44:18.511974,5666
2025-05-20 10:44:19.011975,5667
2025-05-20 10:44:19.512139,5668
2025-05-20 10:44:20.012118,5669
2025-05-20 10:44:20.512114,5670
2025-05-20 10:44:21.012130,5671
2025-05-20 10:44:21.511998,5672
2025-05-20 10:44:22.011971,5673
2025-05-20 10:44:22.512041,5674
2025-05-20 10:44:23.012013,5675
2025-05-20 10:44:23.511993,5676
2025-05-20 10:44:24.011962,5677
2025-05-20 10:44:24.511988,5678
2025-05-20 10:44:25.012125,5679
2025-05-20 10:44:25.512005,5680
2025-05-20 10:44:26.011973,5681
2025-05-20 10:44:26.511957,5682
2025-05-20 10:44:27.011953,5683
2025-05-20 10:44:27.511960,5684
2025-05-20 10:44:28.011640,5685
2025-05-20 10:44:28.511951,5686
2025-05-20 10:44:29.011928,5687
2025-05-20 10:44:29.511934,5688
2025-05-20 10:44:30.012116,5689
2025-05-20 10:44:30.511954,5690
2025-05-20 10:44:31.011930,5691
2025-05-20 10:44:31.511971,5692
2025-05-20 10:44:32.011965,5693
2025-05-20 10:44:32.511964,5694
2025-05-20 10:44:33.011951,5695
2025-05-20 10:44:33.511967,5696
2025-05-20 10:44:34.011955,5697
2025-05-20 10:44:34.511962,5698
2025-05-20 10:44:35.012135,5699
2025-05-20 10:44:35.511980,5700
2025-05-20 10:44:36.011940,5701
2025-05-20 10:44:36.511932,5702
2025-05-20 10:44:37.011930,5703
2025-05-20 10:44:37.511944,5704
2025-05-20 10:44:38.011947,5705
2025-05-20 10:44:38.511964,5706
2025-05-20 10:44:39.011953,5707
2025-05-20 10:44:39.511898,5708
2025-05-20 10:44:40.011532,5709
2025-05-20 10:44:40.511958,5710
2025-05-20 10:44:41.011959,5711
2025-05-20 10:44:41.511936,5712
2025-05-20 10:44:42.011920,5713
2025-05-20 10:44:42.511896,5714
2025-05-20 10:44:43.011922,5715
2025-05-20 10:44:43.511925,5716
2025-05-20 10:44:44.011881,5717
2025-05-20 10:44:44.511953,5718
2025-05-20 10:44:45.012096,5719
2025-05-20 10:44:45.512017,5720
2025-05-20 10:44:46.011979,5721
2025-05-20 10:44:46.512096,5722
2025-05-20 10:44:47.011965,5723
2025-05-20 10:44:47.511914,5724
2025-05-20 10:44:48.012010,5725
2025-05-20 10:44:48.511842,5726
2025-05-20 10:44:49.011949,5727
2025-05-20 10:44:49.511970,5728
2025-05-20 10:44:50.012093,5729
2025-05-20 10:44:50.512107,5730
2025-05-20 10:44:51.011947,5731
2025-05-20 10:44:51.511979,5732
2025-05-20 10:44:52.011973,5733
2025-05-20 10:44:52.511952,5734
2025-05-20 10:44:53.011912,5735
2025-05-20 10:44:53.511960,5736
2025-05-20 10:44:54.011871,5737
2025-05-20 10:44:54.511977,5738
2025-05-20 10:44:55.012091,5739
2025-05-20 10:44:55.511939,5740
2025-05-20 10:44:56.011938,5741
2025-05-20 10:44:56.512123,5742
2025-05-20 10:44:57.011935,5743
2025-05-20 10:44:57.511942,5744
2025-05-20 10:44:58.011949,5745
2025-05-20 10:44:58.511881,5746
2025-05-20 10:44:59.012235,5747
2025-05-20 10:44:59.511972,5748
2025-05-20 10:45:00.012138,5749
2025-05-20 10:45:00.511996,5750
2025-05-20 10:45:01.012045,5751
2025-05-20 10:45:01.512027,5752
2025-05-20 10:45:02.011986,5753
2025-05-20 10:45:02.512016,5754
2025-05-20 10:45:03.011986,5755
2025-05-20 10:45:03.511995,5756
2025-05-20 10:45:04.011934,5757
2025-05-20 10:45:04.511945,5758
2025-05-20 10:45:05.012112,5759
2025-05-20 10:45:05.512016,5760
2025-05-20 10:45:06.011966,5761
2025-05-20 10:45:06.511878,5762
2025-05-20 10:45:07.011873,5763
2025-05-20 10:45:07.511887,5764
2025-05-20 10:45:08.011946,5765
2025-05-20 10:45:08.511958,5766
2025-05-20 10:45:09.011921,5767
2025-05-20 10:45:09.511902,5768
2025-05-20 10:45:10.011832,5769
2025-05-20 10:45:10.511946,5770
2025-05-20 10:45:11.011925,5771
2025-05-20 10:45:11.511952,5772
2025-05-20 10:45:12.011924,5773
2025-05-20 10:45:12.511931,5774
2025-05-20 10:45:13.011905,5775
2025-05-20 10:45:13.511956,5776
2025-05-20 10:45:14.011947,5777
2025-05-20 10:45:14.511969,5778
2025-05-20 10:45:15.012075,5779
2025-05-20 10:45:15.511961,5780
2025-05-20 10:45:16.011572,5781
2025-05-20 10:45:16.511937,5782
2025-05-20 10:45:17.011941,5783
2025-05-20 10:45:17.511851,5784
2025-05-20 10:45:18.011949,5785
2025-05-20 10:45:18.511986,5786
2025-05-20 10:45:19.011935,5787
2025-05-20 10:45:19.511957,5788
2025-05-20 10:45:20.012263,5789
2025-05-20 10:45:20.512011,5790
2025-05-20 10:45:21.012001,5791
2025-05-20 10:45:21.512003,5792
2025-05-20 10:45:22.011942,5793
2025-05-20 10:45:22.511898,5794
2025-05-20 10:45:23.012025,5795
2025-05-20 10:45:23.511971,5796
2025-05-20 10:45:24.011988,5797
2025-05-20 10:45:24.511946,5798
2025-05-20 10:45:25.012068,5799
2025-05-20 10:45:25.511938,5800
2025-05-20 10:45:26.012104,5801
2025-05-20 10:45:26.511933,5802
2025-05-20 10:45:27.011862,5803
2025-05-20 10:45:27.511881,5804
2025-05-20 10:45:28.011775,5805
2025-05-20 10:45:28.511954,5806
2025-05-20 10:45:29.011895,5807
2025-05-20 10:45:29.511930,5808
2025-05-20 10:45:30.011920,5809
2025-05-20 10:45:30.511954,5810
2025-05-20 10:45:31.011934,5811
2025-05-20 10:45:31.511957,5812
2025-05-20 10:45:32.011967,5813
2025-05-20 10:45:32.511963,5814
2025-05-20 10:45:33.011957,5815
2025-05-20 10:45:33.511953,5816
2025-05-20 10:45:34.011944,5817
2025-05-20 10:45:34.511758,5818
2025-05-20 10:45:35.012102,5819
2025-05-20 10:45:35.512051,5820
2025-05-20 10:45:36.011961,5821
2025-05-20 10:45:36.511931,5822
2025-05-20 10:45:37.011945,5823
2025-05-20 10:45:37.511915,5824
2025-05-20 10:45:38.011927,5825
2025-05-20 10:45:38.511918,5826
2025-05-20 10:45:39.011962,5827
2025-05-20 10:45:39.511859,5828
2025-05-20 10:45:40.012093,5829
2025-05-20 10:45:40.512115,5830
2025-05-20 10:45:41.011962,5831
2025-05-20 10:45:41.511929,5832
2025-05-20 10:45:42.011951,5833
2025-05-20 10:45:42.511915,5834
2025-05-20 10:45:43.011919,5835
2025-05-20 10:45:43.511897,5836
2025-05-20 10:45:44.012001,5837
2025-05-20 10:45:44.511980,5838
2025-05-20 10:45:45.012085,5839
2025-05-20 10:45:45.511992,5840
2025-05-20 10:45:46.011973,5841
2025-05-20 10:45:46.511993,5842
2025-05-20 10:45:47.011998,5843
2025-05-20 10:45:47.512014,5844
2025-05-20 10:45:48.011963,5845
2025-05-20 10:45:48.511977,5846
2025-05-20 10:45:49.011940,5847
2025-05-20 10:45:49.512030,5848
2025-05-20 10:45:50.011985,5849
2025-05-20 10:45:50.511930,5850
2025-05-20 10:45:51.011907,5851
2025-05-20 10:45:51.511891,5852
2025-05-20 10:45:52.011964,5853
2025-05-20 10:45:52.511859,5854
2025-05-20 10:45:53.011888,5855
2025-05-20 10:45:53.511891,5856
2025-05-20 10:45:54.011914,5857
2025-05-20 10:45:54.511458,5858
2025-05-20 10:45:55.011914,5859
2025-05-20 10:45:55.511898,5860
2025-05-20 10:45:56.011926,5861
2025-05-20 10:45:56.511928,5862
2025-05-20 10:45:57.011921,5863
2025-05-20 10:45:57.511919,5864
2025-05-20 10:45:58.011874,5865
2025-05-20 10:45:58.511953,5866
2025-05-20 10:45:59.011931,5867
2025-05-20 10:45:59.511964,5868
2025-05-20 10:46:00.012191,5869
2025-05-20 10:46:00.511963,5870
2025-05-20 10:46:01.011924,5871
2025-05-20 10:46:01.512215,5872
2025-05-20 10:46:02.011953,5873
2025-05-20 10:46:02.511928,5874
2025-05-20 10:46:03.011927,5875
2025-05-20 10:46:03.511787,5876
2025-05-20 10:46:04.011922,5877
2025-05-20 10:46:04.512101,5878
2025-05-20 10:46:05.012157,5879
2025-05-20 10:46:05.512019,5880
2025-05-20 10:46:06.011964,5881
2025-05-20 10:46:06.511983,5882
2025-05-20 10:46:07.011942,5883
2025-05-20 10:46:07.511971,5884
2025-05-20 10:46:08.011819,5885
2025-05-20 10:46:08.511969,5886
2025-05-20 10:46:09.012064,5887
2025-05-20 10:46:09.512065,5888
2025-05-20 10:46:10.011271,5889
2025-05-20 10:46:10.512098,5890
2025-05-20 10:46:11.012102,5891
2025-05-20 10:46:11.512124,5892
2025-05-20 10:46:12.012104,5893
2025-05-20 10:46:12.512107,5894
2025-05-20 10:46:13.012091,5895
2025-05-20 10:46:13.512036,5896
2025-05-20 10:46:14.011961,5897
2025-05-20 10:46:14.511972,5898
2025-05-20 10:46:15.012105,5899
2025-05-20 10:46:15.511926,5900
2025-05-20 10:46:16.011987,5901
2025-05-20 10:46:16.511966,5902
2025-05-20 10:46:17.011974,5903
2025-05-20 10:46:17.511976,5904
2025-05-20 10:46:18.011963,5905
2025-05-20 10:46:18.511945,5906
2025-05-20 10:46:19.011957,5907
2025-05-20 10:46:19.511945,5908
2025-05-20 10:46:20.011890,5909
2025-05-20 10:46:20.511976,5910
2025-05-20 10:46:21.011967,5911
2025-05-20 10:46:21.511967,5912
2025-05-20 10:46:22.012083,5913
2025-05-20 10:46:22.511962,5914
2025-05-20 10:46:23.011962,5915
2025-05-20 10:46:23.512067,5916
2025-05-20 10:46:24.011964,5917
2025-05-20 10:46:24.511973,5918
2025-05-20 10:46:25.011858,5919
2025-05-20 10:46:25.511963,5920
2025-05-20 10:46:26.011929,5921
2025-05-20 10:46:26.512072,5922
2025-05-20 10:46:27.011961,5923
2025-05-20 10:46:27.511952,5924
2025-05-20 10:46:28.011758,5925
2025-05-20 10:46:28.511962,5926
2025-05-20 10:46:29.011874,5927
2025-05-20 10:46:29.511960,5928
2025-05-20 10:46:30.011944,5929
2025-05-20 10:46:30.511889,5930
2025-05-20 10:46:31.011934,5931
2025-05-20 10:46:31.511990,5932
2025-05-20 10:46:32.011970,5933
2025-05-20 10:46:32.511973,5934
2025-05-20 10:46:33.011979,5935
2025-05-20 10:46:33.511973,5936
2025-05-20 10:46:34.011954,5937
2025-05-20 10:46:34.511959,5938
2025-05-20 10:46:35.011949,5939
2025-05-20 10:46:35.511987,5940
2025-05-20 10:46:36.011932,5941
2025-05-20 10:46:36.511968,5942
2025-05-20 10:46:37.011959,5943
2025-05-20 10:46:37.511966,5944
2025-05-20 10:46:38.011997,5945
2025-05-20 10:46:38.511950,5946
2025-05-20 10:46:39.011968,5947
2025-05-20 10:46:39.511984,5948
2025-05-20 10:46:40.011966,5949
2025-05-20 10:46:40.511888,5950
2025-05-20 10:46:41.011944,5951
2025-05-20 10:46:41.511917,5952
2025-05-20 10:46:42.011920,5953
2025-05-20 10:46:42.511968,5954
2025-05-20 10:46:43.011957,5955
2025-05-20 10:46:43.511930,5956
2025-05-20 10:46:44.011983,5957
2025-05-20 10:46:44.511972,5958
2025-05-20 10:46:45.011984,5959
2025-05-20 10:46:45.511966,5960
2025-05-20 10:46:46.011955,5961
2025-05-20 10:46:46.511971,5962
2025-05-20 10:46:47.011992,5963
2025-05-20 10:46:47.511962,5964
2025-05-20 10:46:48.011964,5965
2025-05-20 10:46:48.511965,5966
2025-05-20 10:46:49.011967,5967
2025-05-20 10:46:49.511939,5968
2025-05-20 10:46:50.012072,5969
2025-05-20 10:46:50.511977,5970
2025-05-20 10:46:51.011942,5971
2025-05-20 10:46:51.511966,5972
2025-05-20 10:46:52.011980,5973
2025-05-20 10:46:52.511932,5974
2025-05-20 10:46:53.011973,5975
2025-05-20 10:46:53.511961,5976
2025-05-20 10:46:54.011963,5977
2025-05-20 10:46:54.511950,5978
2025-05-20 10:46:55.012058,5979
2025-05-20 10:46:55.512073,5980
2025-05-20 10:46:56.011959,5981
2025-05-20 10:46:56.511945,5982
2025-05-20 10:46:57.012050,5983
2025-05-20 10:46:57.511947,5984
2025-05-20 10:46:58.011949,5985
2025-05-20 10:46:58.511948,5986
2025-05-20 10:46:59.011920,5987
2025-05-20 10:46:59.511961,5988
2025-05-20 10:47:00.011839,5989
2025-05-20 10:47:00.511957,5990
2025-05-20 10:47:01.011964,5991
2025-05-20 10:47:01.511952,5992
2025-05-20 10:47:02.011950,5993
2025-05-20 10:47:02.511935,5994
2025-05-20 10:47:03.012035,5995
2025-05-20 10:47:03.512111,5996
2025-05-20 10:47:04.012110,5997
2025-05-20 10:47:04.512098,5998
2025-05-20 10:47:05.012003,5999
2025-05-20 10:47:05.512119,6000
2025-05-20 10:47:06.011944,6001
2025-05-20 10:47:06.511942,6002
2025-05-20 10:47:07.011948,6003
2025-05-20 10:47:07.511867,6004
2025-05-20 10:47:08.011907,6005
2025-05-20 10:47:08.511994,6006
2025-05-20 10:47:09.011991,6007
2025-05-20 10:47:09.511999,6008
2025-05-20 10:47:10.011916,6009
2025-05-20 10:47:10.512068,6010
2025-05-20 10:47:11.011976,6011
2025-05-20 10:47:11.511972,6012
2025-05-20 10:47:12.012002,6013
2025-05-20 10:47:12.511988,6014
2025-05-20 10:47:13.011981,6015
2025-05-20 10:47:13.511998,6016
2025-05-20 10:47:14.011978,6017
2025-05-20 10:47:14.511995,6018
2025-05-20 10:47:15.012046,6019
2025-05-20 10:47:15.511990,6020
2025-05-20 10:47:16.011512,6021
2025-05-20 10:47:16.511911,6022
2025-05-20 10:47:17.012107,6023
2025-05-20 10:47:17.511951,6024
2025-05-20 10:47:18.011961,6025
2025-05-20 10:47:18.511984,6026
2025-05-20 10:47:19.011958,6027
2025-05-20 10:47:19.512139,6028
2025-05-20 10:47:20.011663,6029
2025-05-20 10:47:20.512126,6030
2025-05-20 10:47:21.011972,6031
2025-05-20 10:47:21.512101,6032
2025-05-20 10:47:22.011945,6033
2025-05-20 10:47:22.511990,6034
2025-05-20 10:47:23.011948,6035
2025-05-20 10:47:23.511972,6036
2025-05-20 10:47:24.011975,6037
2025-05-20 10:47:24.511969,6038
2025-05-20 10:47:25.012049,6039
2025-05-20 10:47:25.511836,6040
2025-05-20 10:47:26.011949,6041
2025-05-20 10:47:26.511929,6042
2025-05-20 10:47:27.011929,6043
2025-05-20 10:47:27.511980,6044
2025-05-20 10:47:28.011988,6045
2025-05-20 10:47:28.511921,6046
2025-05-20 10:47:29.012042,6047
2025-05-20 10:47:29.512004,6048
2025-05-20 10:47:30.011933,6049
2025-05-20 10:47:30.511957,6050
2025-05-20 10:47:31.011996,6051
2025-05-20 10:47:31.512035,6052
2025-05-20 10:47:32.011907,6053
2025-05-20 10:47:32.512096,6054
2025-05-20 10:47:33.012049,6055
2025-05-20 10:47:33.512031,6056
2025-05-20 10:47:34.011990,6057
2025-05-20 10:47:34.512069,6058
2025-05-20 10:47:35.012168,6059
2025-05-20 10:47:35.511987,6060
2025-05-20 10:47:36.011999,6061
2025-05-20 10:47:36.511975,6062
2025-05-20 10:47:37.011888,6063
2025-05-20 10:47:37.511992,6064
2025-05-20 10:47:38.012003,6065
2025-05-20 10:47:38.512002,6066
2025-05-20 10:47:39.011992,6067
2025-05-20 10:47:39.511965,6068
2025-05-20 10:47:40.011471,6069
2025-05-20 10:47:40.511973,6070
2025-05-20 10:47:41.012014,6071
2025-05-20 10:47:41.511984,6072
2025-05-20 10:47:42.011955,6073
2025-05-20 10:47:42.512126,6074
2025-05-20 10:47:43.012000,6075
2025-05-20 10:47:43.511988,6076
2025-05-20 10:47:44.012007,6077
2025-05-20 10:47:44.512008,6078
2025-05-20 10:47:45.011431,6079
2025-05-20 10:47:45.511989,6080
2025-05-20 10:47:46.011858,6081
2025-05-20 10:47:46.511865,6082
2025-05-20 10:47:47.011857,6083
2025-05-20 10:47:47.511873,6084
2025-05-20 10:47:48.011852,6085
2025-05-20 10:47:48.511870,6086
2025-05-20 10:47:49.011901,6087
2025-05-20 10:47:49.511878,6088
2025-05-20 10:47:50.011173,6089
2025-05-20 10:47:50.511940,6090
2025-05-20 10:47:51.011881,6091
2025-05-20 10:47:51.511930,6092
2025-05-20 10:47:52.011911,6093
2025-05-20 10:47:52.511936,6094
2025-05-20 10:47:53.011942,6095
2025-05-20 10:47:53.511943,6096
2025-05-20 10:47:54.011933,6097
2025-05-20 10:47:54.511890,6098
2025-05-20 10:47:55.011881,6099
2025-05-20 10:47:55.511899,6100
2025-05-20 10:47:56.012018,6101
2025-05-20 10:47:56.511951,6102
2025-05-20 10:47:57.011928,6103
2025-05-20 10:47:57.511924,6104
2025-05-20 10:47:58.011904,6105
2025-05-20 10:47:58.511971,6106
2025-05-20 10:47:59.011892,6107
2025-05-20 10:47:59.512043,6108
2025-05-20 10:48:00.011325,6109
2025-05-20 10:48:00.511995,6110
2025-05-20 10:48:01.012148,6111
2025-05-20 10:48:01.512045,6112
2025-05-20 10:48:02.011917,6113
2025-05-20 10:48:02.511998,6114
2025-05-20 10:48:03.011937,6115
2025-05-20 10:48:03.511983,6116
2025-05-20 10:48:04.011922,6117
2025-05-20 10:48:04.511988,6118
2025-05-20 10:48:05.012055,6119
2025-05-20 10:48:05.512010,6120
2025-05-20 10:48:06.011984,6121
2025-05-20 10:48:06.512020,6122
2025-05-20 10:48:07.011999,6123
2025-05-20 10:48:07.511981,6124
2025-05-20 10:48:08.011966,6125
2025-05-20 10:48:08.511994,6126
2025-05-20 10:48:09.011964,6127
2025-05-20 10:48:09.511995,6128
2025-05-20 10:48:10.011979,6129
2025-05-20 10:48:10.511971,6130
2025-05-20 10:48:11.011892,6131
2025-05-20 10:48:11.512006,6132
2025-05-20 10:48:12.011961,6133
2025-05-20 10:48:12.511982,6134
2025-05-20 10:48:13.011979,6135
2025-05-20 10:48:13.511943,6136
2025-05-20 10:48:14.011951,6137
2025-05-20 10:48:14.512001,6138
2025-05-20 10:48:15.011727,6139
2025-05-20 10:48:15.511989,6140
2025-05-20 10:48:16.011707,6141
2025-05-20 10:48:16.511980,6142
2025-05-20 10:48:17.011973,6143
2025-05-20 10:48:17.511997,6144
2025-05-20 10:48:18.011823,6145
2025-05-20 10:48:18.511991,6146
2025-05-20 10:48:19.011908,6147
2025-05-20 10:48:19.512151,6148
2025-05-20 10:48:20.011459,6149
2025-05-20 10:48:20.512046,6150
2025-05-20 10:48:21.011986,6151
2025-05-20 10:48:21.511985,6152
2025-05-20 10:48:22.011941,6153
2025-05-20 10:48:22.511950,6154
2025-05-20 10:48:23.011872,6155
2025-05-20 10:48:23.511939,6156
2025-05-20 10:48:24.011904,6157
2025-05-20 10:48:24.511991,6158
2025-05-20 10:48:25.011665,6159
2025-05-20 10:48:25.512048,6160
2025-05-20 10:48:26.011893,6161
2025-05-20 10:48:26.511833,6162
2025-05-20 10:48:27.011887,6163
2025-05-20 10:48:27.511913,6164
2025-05-20 10:48:28.011455,6165
2025-05-20 10:48:28.511867,6166
2025-05-20 10:48:29.011986,6167
2025-05-20 10:48:29.511914,6168
2025-05-20 10:48:30.011602,6169
2025-05-20 10:48:30.511895,6170
2025-05-20 10:48:31.011921,6171
2025-05-20 10:48:31.512023,6172
2025-05-20 10:48:32.011823,6173
2025-05-20 10:48:32.511913,6174
2025-05-20 10:48:33.011911,6175
2025-05-20 10:48:33.511888,6176
2025-05-20 10:48:34.011993,6177
2025-05-20 10:48:34.511931,6178
2025-05-20 10:48:35.011446,6179
2025-05-20 10:48:35.511987,6180
2025-05-20 10:48:36.011994,6181
2025-05-20 10:48:36.511983,6182
2025-05-20 10:48:37.011959,6183
2025-05-20 10:48:37.511976,6184
2025-05-20 10:48:38.011906,6185
2025-05-20 10:48:38.511905,6186
2025-05-20 10:48:39.011982,6187
2025-05-20 10:48:39.511988,6188
2025-05-20 10:48:40.011426,6189
2025-05-20 10:48:40.511983,6190
2025-05-20 10:48:41.011958,6191
2025-05-20 10:48:41.511973,6192
2025-05-20 10:48:42.011962,6193
2025-05-20 10:48:42.511987,6194
2025-05-20 10:48:43.011958,6195
2025-05-20 10:48:43.511959,6196
2025-05-20 10:48:44.011993,6197
2025-05-20 10:48:44.511987,6198
2025-05-20 10:48:45.011478,6199
2025-05-20 10:48:45.511935,6200
2025-05-20 10:48:46.011922,6201
2025-05-20 10:48:46.511897,6202
2025-05-20 10:48:47.011892,6203
2025-05-20 10:48:47.511925,6204
2025-05-20 10:48:48.011901,6205
2025-05-20 10:48:48.511907,6206
2025-05-20 10:48:49.011903,6207
2025-05-20 10:48:49.511830,6208
2025-05-20 10:48:50.011870,6209
2025-05-20 10:48:50.511887,6210
2025-05-20 10:48:51.011239,6211
2025-05-20 10:48:51.512120,6212
2025-05-20 10:48:52.012047,6213
2025-05-20 10:48:52.512064,6214
2025-05-20 10:48:53.012011,6215
2025-05-20 10:48:53.512050,6216
2025-05-20 10:48:54.012050,6217
2025-05-20 10:48:54.511996,6218
2025-05-20 10:48:55.012103,6219
2025-05-20 10:48:55.512079,6220
2025-05-20 10:48:56.012091,6221
2025-05-20 10:48:56.512128,6222
2025-05-20 10:48:57.012081,6223
2025-05-20 10:48:57.512096,6224
2025-05-20 10:48:58.012048,6225
2025-05-20 10:48:58.512076,6226
2025-05-20 10:48:59.012072,6227
2025-05-20 10:48:59.512101,6228
2025-05-20 10:49:00.011661,6229
2025-05-20 10:49:00.512075,6230
2025-05-20 10:49:01.011989,6231
2025-05-20 10:49:01.511984,6232
2025-05-20 10:49:02.012042,6233
2025-05-20 10:49:02.512045,6234
2025-05-20 10:49:03.012075,6235
2025-05-20 10:49:03.512011,6236
2025-05-20 10:49:04.012033,6237
2025-05-20 10:49:04.512099,6238
2025-05-20 10:49:05.011922,6239
2025-05-20 10:49:05.511915,6240
2025-05-20 10:49:06.012135,6241
2025-05-20 10:49:06.512113,6242
2025-05-20 10:49:07.012050,6243
2025-05-20 10:49:07.512219,6244
2025-05-20 10:49:08.012026,6245
2025-05-20 10:49:08.512089,6246
2025-05-20 10:49:09.012033,6247
2025-05-20 10:49:09.511976,6248
2025-05-20 10:49:10.011464,6249
2025-05-20 10:49:10.512238,6250
2025-05-20 10:49:11.012168,6251
2025-05-20 10:49:11.512272,6252
2025-05-20 10:49:12.012211,6253
2025-05-20 10:49:12.512248,6254
2025-05-20 10:49:13.012162,6255
2025-05-20 10:49:13.512130,6256
2025-05-20 10:49:14.012030,6257
2025-05-20 10:49:14.512092,6258
2025-05-20 10:49:15.011607,6259
2025-05-20 10:49:15.512072,6260
2025-05-20 10:49:16.011830,6261
2025-05-20 10:49:16.512052,6262
2025-05-20 10:49:17.012070,6263
2025-05-20 10:49:17.512085,6264
2025-05-20 10:49:18.012026,6265
2025-05-20 10:49:18.512051,6266
2025-05-20 10:49:19.012024,6267
2025-05-20 10:49:19.512037,6268
2025-05-20 10:49:20.011651,6269
2025-05-20 10:49:20.512045,6270
2025-05-20 10:49:21.011989,6271
2025-05-20 10:49:21.512122,6272
2025-05-20 10:49:22.012109,6273
2025-05-20 10:49:22.512084,6274
2025-05-20 10:49:23.012036,6275
2025-05-20 10:49:23.512040,6276
2025-05-20 10:49:24.012071,6277
2025-05-20 10:49:24.512209,6278
2025-05-20 10:49:25.012288,6279
2025-05-20 10:49:25.512124,6280
2025-05-20 10:49:26.012073,6281
2025-05-20 10:49:26.512044,6282
2025-05-20 10:49:27.012037,6283
2025-05-20 10:49:27.512050,6284
2025-05-20 10:49:28.011836,6285
2025-05-20 10:49:28.512057,6286
2025-05-20 10:49:29.012068,6287
2025-05-20 10:49:29.511964,6288
2025-05-20 10:49:30.011471,6289
2025-05-20 10:49:30.512000,6290
2025-05-20 10:49:31.012071,6291
2025-05-20 10:49:31.511979,6292
2025-05-20 10:49:32.012024,6293
2025-05-20 10:49:32.512071,6294
2025-05-20 10:49:33.012091,6295
2025-05-20 10:49:33.512035,6296
2025-05-20 10:49:34.012092,6297
2025-05-20 10:49:34.512060,6298
2025-05-20 10:49:35.011234,6299
2025-05-20 10:49:35.512066,6300
2025-05-20 10:49:36.012076,6301
2025-05-20 10:49:36.512073,6302
2025-05-20 10:49:37.012082,6303
2025-05-20 10:49:37.512045,6304
2025-05-20 10:49:38.012013,6305
2025-05-20 10:49:38.512015,6306
2025-05-20 10:49:39.012011,6307
2025-05-20 10:49:39.511979,6308
2025-05-20 10:49:40.012173,6309
2025-05-20 10:49:40.512053,6310
2025-05-20 10:49:41.012065,6311
2025-05-20 10:49:41.512022,6312
2025-05-20 10:49:42.012104,6313
2025-05-20 10:49:42.512024,6314
2025-05-20 10:49:43.012084,6315
2025-05-20 10:49:43.512069,6316
2025-05-20 10:49:44.012088,6317
2025-05-20 10:49:44.512014,6318
2025-05-20 10:49:45.012077,6319
2025-05-20 10:49:45.512024,6320
2025-05-20 10:49:46.012055,6321
2025-05-20 10:49:46.512098,6322
2025-05-20 10:49:47.012081,6323
2025-05-20 10:49:47.512099,6324
2025-05-20 10:49:48.012089,6325
2025-05-20 10:49:48.512094,6326
2025-05-20 10:49:49.012101,6327
2025-05-20 10:49:49.511841,6328
2025-05-20 10:49:50.011710,6329
2025-05-20 10:49:50.512157,6330
2025-05-20 10:49:51.012067,6331
2025-05-20 10:49:51.512097,6332
2025-05-20 10:49:52.012076,6333
2025-05-20 10:49:52.512079,6334
2025-05-20 10:49:53.012085,6335
2025-05-20 10:49:53.512107,6336
2025-05-20 10:49:54.012094,6337
2025-05-20 10:49:54.512187,6338
2025-05-20 10:49:55.011600,6339
2025-05-20 10:49:55.512085,6340
2025-05-20 10:49:56.012159,6341
2025-05-20 10:49:56.512234,6342
2025-05-20 10:49:57.012033,6343
2025-05-20 10:49:57.511999,6344
2025-05-20 10:49:58.012059,6345
2025-05-20 10:49:58.512050,6346
2025-05-20 10:49:59.012083,6347
2025-05-20 10:49:59.512017,6348
2025-05-20 10:50:00.011443,6349
2025-05-20 10:50:00.511967,6350
2025-05-20 10:50:01.011974,6351
2025-05-20 10:50:01.512004,6352
2025-05-20 10:50:02.011907,6353
2025-05-20 10:50:02.512000,6354
2025-05-20 10:50:03.011994,6355
2025-05-20 10:50:03.511993,6356
2025-05-20 10:50:04.011976,6357
2025-05-20 10:50:04.511982,6358
2025-05-20 10:50:05.011383,6359
2025-05-20 10:50:05.512015,6360
2025-05-20 10:50:06.011989,6361
2025-05-20 10:50:06.511981,6362
2025-05-20 10:50:07.011937,6363
2025-05-20 10:50:07.512052,6364
2025-05-20 10:50:08.012095,6365
2025-05-20 10:50:08.512005,6366
2025-05-20 10:50:09.011960,6367
2025-05-20 10:50:09.511975,6368
2025-05-20 10:50:10.011532,6369
2025-05-20 10:50:10.512077,6370
2025-05-20 10:50:11.011975,6371
2025-05-20 10:50:11.512054,6372
2025-05-20 10:50:12.011988,6373
2025-05-20 10:50:12.511991,6374
2025-05-20 10:50:13.011988,6375
2025-05-20 10:50:13.511940,6376
2025-05-20 10:50:14.011919,6377
2025-05-20 10:50:14.512004,6378
2025-05-20 10:50:15.011936,6379
2025-05-20 10:50:15.511970,6380
2025-05-20 10:50:16.011636,6381
2025-05-20 10:50:16.511909,6382
2025-05-20 10:50:17.011994,6383
2025-05-20 10:50:17.512012,6384
2025-05-20 10:50:18.012040,6385
2025-05-20 10:50:18.512036,6386
2025-05-20 10:50:19.012124,6387
2025-05-20 10:50:19.512157,6388
2025-05-20 10:50:20.011519,6389
2025-05-20 10:50:20.512043,6390
2025-05-20 10:50:21.011970,6391
2025-05-20 10:50:21.511976,6392
2025-05-20 10:50:22.012002,6393
2025-05-20 10:50:22.512034,6394
2025-05-20 10:50:23.012018,6395
2025-05-20 10:50:23.512024,6396
2025-05-20 10:50:24.011942,6397
2025-05-20 10:50:24.511973,6398
2025-05-20 10:50:25.011984,6399
2025-05-20 10:50:25.511857,6400
2025-05-20 10:50:26.011999,6401
2025-05-20 10:50:26.512021,6402
2025-05-20 10:50:27.012042,6403
2025-05-20 10:50:27.511919,6404
2025-05-20 10:50:28.011669,6405
2025-05-20 10:50:28.511971,6406
2025-05-20 10:50:29.011997,6407
2025-05-20 10:50:29.512003,6408
2025-05-20 10:50:30.011489,6409
2025-05-20 10:50:30.512076,6410
2025-05-20 10:50:31.012096,6411
2025-05-20 10:50:31.511928,6412
2025-05-20 10:50:32.011961,6413
2025-05-20 10:50:32.511893,6414
2025-05-20 10:50:33.012125,6415
2025-05-20 10:50:33.512040,6416
2025-05-20 10:50:34.012001,6417
2025-05-20 10:50:34.512006,6418
2025-05-20 10:50:35.011629,6419
2025-05-20 10:50:35.511966,6420
2025-05-20 10:50:36.012000,6421
2025-05-20 10:50:36.511963,6422
2025-05-20 10:50:37.012037,6423
2025-05-20 10:50:37.511963,6424
2025-05-20 10:50:38.011963,6425
2025-05-20 10:50:38.511976,6426
2025-05-20 10:50:39.011967,6427
2025-05-20 10:50:39.511970,6428
2025-05-20 10:50:40.011407,6429
2025-05-20 10:50:40.512100,6430
2025-05-20 10:50:41.012004,6431
2025-05-20 10:50:41.511964,6432
2025-05-20 10:50:42.012000,6433
2025-05-20 10:50:42.511958,6434
2025-05-20 10:50:43.011993,6435
2025-05-20 10:50:43.511982,6436
2025-05-20 10:50:44.011995,6437
2025-05-20 10:50:44.511998,6438
2025-05-20 10:50:45.011335,6439
2025-05-20 10:50:45.512099,6440
2025-05-20 10:50:46.011969,6441
2025-05-20 10:50:46.512015,6442
2025-05-20 10:50:47.012017,6443
2025-05-20 10:50:47.512016,6444
2025-05-20 10:50:48.011993,6445
2025-05-20 10:50:48.512010,6446
2025-05-20 10:50:49.012063,6447
2025-05-20 10:50:49.511950,6448
2025-05-20 10:50:50.011672,6449
2025-05-20 10:50:50.512010,6450
2025-05-20 10:50:51.012001,6451
2025-05-20 10:50:51.511996,6452
2025-05-20 10:50:52.011997,6453
2025-05-20 10:50:52.511991,6454
2025-05-20 10:50:53.011980,6455
2025-05-20 10:50:53.511941,6456
2025-05-20 10:50:54.011817,6457
2025-05-20 10:50:54.512036,6458
2025-05-20 10:50:55.011572,6459
2025-05-20 10:50:55.512071,6460
2025-05-20 10:50:56.011968,6461
2025-05-20 10:50:56.511986,6462
2025-05-20 10:50:57.011973,6463
2025-05-20 10:50:57.511982,6464
2025-05-20 10:50:58.011955,6465
2025-05-20 10:50:58.511985,6466
2025-05-20 10:50:59.011933,6467
2025-05-20 10:50:59.511965,6468
2025-05-20 10:51:00.011320,6469
2025-05-20 10:51:00.512129,6470
2025-05-20 10:51:01.011999,6471
2025-05-20 10:51:01.511976,6472
2025-05-20 10:51:02.011930,6473
2025-05-20 10:51:02.511821,6474
2025-05-20 10:51:03.011949,6475
2025-05-20 10:51:03.511903,6476
2025-05-20 10:51:04.011964,6477
2025-05-20 10:51:04.511951,6478
2025-05-20 10:51:05.011942,6479
2025-05-20 10:51:05.511986,6480
2025-05-20 10:51:06.011947,6481
2025-05-20 10:51:06.511957,6482
2025-05-20 10:51:07.011839,6483
2025-05-20 10:51:07.511930,6484
2025-05-20 10:51:08.011917,6485
2025-05-20 10:51:08.511934,6486
2025-05-20 10:51:09.011996,6487
2025-05-20 10:51:09.511970,6488
2025-05-20 10:51:10.011246,6489
2025-05-20 10:51:10.512123,6490
2025-05-20 10:51:11.012133,6491
2025-05-20 10:51:11.512207,6492
2025-05-20 10:51:12.011969,6493
2025-05-20 10:51:12.511982,6494
2025-05-20 10:51:13.011999,6495
2025-05-20 10:51:13.512067,6496
2025-05-20 10:51:14.012005,6497
2025-05-20 10:51:14.511976,6498
2025-05-20 10:51:15.011585,6499
2025-05-20 10:51:15.511959,6500
2025-05-20 10:51:16.011785,6501
2025-05-20 10:51:16.511958,6502
2025-05-20 10:51:17.011997,6503
2025-05-20 10:51:17.511983,6504
2025-05-20 10:51:18.011945,6505
2025-05-20 10:51:18.511949,6506
2025-05-20 10:51:19.011936,6507
2025-05-20 10:51:19.511926,6508
2025-05-20 10:51:20.011525,6509
2025-05-20 10:51:20.512042,6510
2025-05-20 10:51:21.011900,6511
2025-05-20 10:51:21.511959,6512
2025-05-20 10:51:22.011912,6513
2025-05-20 10:51:22.511939,6514
2025-05-20 10:51:23.011936,6515
2025-05-20 10:51:23.511873,6516
2025-05-20 10:51:24.011993,6517
2025-05-20 10:51:24.511997,6518
2025-05-20 10:51:25.011943,6519
2025-05-20 10:51:25.511980,6520
2025-05-20 10:51:26.011995,6521
2025-05-20 10:51:26.511976,6522
2025-05-20 10:51:27.011972,6523
2025-05-20 10:51:27.511972,6524
2025-05-20 10:51:28.011804,6525
2025-05-20 10:51:28.511952,6526
2025-05-20 10:51:29.011980,6527
2025-05-20 10:51:29.511972,6528
2025-05-20 10:51:30.011944,6529
2025-05-20 10:51:30.511936,6530
2025-05-20 10:51:31.011951,6531
2025-05-20 10:51:31.511947,6532
2025-05-20 10:51:32.011972,6533
2025-05-20 10:51:32.511955,6534
2025-05-20 10:51:33.011969,6535
2025-05-20 10:51:33.511950,6536
2025-05-20 10:51:34.011974,6537
2025-05-20 10:51:34.511914,6538
2025-05-20 10:51:35.011985,6539
2025-05-20 10:51:35.512008,6540
2025-05-20 10:51:36.011975,6541
2025-05-20 10:51:36.511962,6542
2025-05-20 10:51:37.011965,6543
2025-05-20 10:51:37.511985,6544
2025-05-20 10:51:38.012109,6545
2025-05-20 10:51:38.512009,6546
2025-05-20 10:51:39.012068,6547
2025-05-20 10:51:39.512018,6548
2025-05-20 10:51:40.011447,6549
2025-05-20 10:51:40.512022,6550
2025-05-20 10:51:41.012170,6551
2025-05-20 10:51:41.512013,6552
2025-05-20 10:51:42.012027,6553
2025-05-20 10:51:42.512023,6554
2025-05-20 10:51:43.012010,6555
2025-05-20 10:51:43.512029,6556
2025-05-20 10:51:44.012029,6557
2025-05-20 10:51:44.512000,6558
2025-05-20 10:51:45.011440,6559
2025-05-20 10:51:45.511966,6560
2025-05-20 10:51:46.012011,6561
2025-05-20 10:51:46.512007,6562
2025-05-20 10:51:47.011995,6563
2025-05-20 10:51:47.512034,6564
2025-05-20 10:51:48.012085,6565
2025-05-20 10:51:48.512095,6566
2025-05-20 10:51:49.012019,6567
2025-05-20 10:51:49.512099,6568
2025-05-20 10:51:50.011130,6569
2025-05-20 10:51:50.512087,6570
2025-05-20 10:51:51.011845,6571
2025-05-20 10:51:51.511928,6572
2025-05-20 10:51:52.011866,6573
2025-05-20 10:51:52.511921,6574
2025-05-20 10:51:53.011861,6575
2025-05-20 10:51:53.511896,6576
2025-05-20 10:51:54.011888,6577
2025-05-20 10:51:54.511889,6578
2025-05-20 10:51:55.011429,6579
2025-05-20 10:51:55.511885,6580
2025-05-20 10:51:56.012059,6581
2025-05-20 10:51:56.511883,6582
2025-05-20 10:51:57.011968,6583
2025-05-20 10:51:57.511920,6584
2025-05-20 10:51:58.012052,6585
2025-05-20 10:51:58.511950,6586
2025-05-20 10:51:59.012045,6587
2025-05-20 10:51:59.512008,6588
2025-05-20 10:52:00.011446,6589
2025-05-20 10:52:00.511949,6590
2025-05-20 10:52:01.012051,6591
2025-05-20 10:52:01.511906,6592
2025-05-20 10:52:02.012097,6593
2025-05-20 10:52:02.511993,6594
2025-05-20 10:52:03.011967,6595
2025-05-20 10:52:03.511969,6596
2025-05-20 10:52:04.012001,6597
2025-05-20 10:52:04.511971,6598
2025-05-20 10:52:05.011483,6599
2025-05-20 10:52:05.511864,6600
2025-05-20 10:52:06.011968,6601
2025-05-20 10:52:06.511977,6602
2025-05-20 10:52:07.011938,6603
2025-05-20 10:52:07.511984,6604
2025-05-20 10:52:08.011972,6605
2025-05-20 10:52:08.511935,6606
2025-05-20 10:52:09.011964,6607
2025-05-20 10:52:09.511941,6608
2025-05-20 10:52:10.011299,6609
2025-05-20 10:52:10.512094,6610
2025-05-20 10:52:11.011942,6611
2025-05-20 10:52:11.511930,6612
2025-05-20 10:52:12.011991,6613
2025-05-20 10:52:12.511961,6614
2025-05-20 10:52:13.011979,6615
2025-05-20 10:52:13.511976,6616
2025-05-20 10:52:14.011982,6617
2025-05-20 10:52:14.511994,6618
2025-05-20 10:52:15.011474,6619
2025-05-20 10:52:15.511959,6620
2025-05-20 10:52:16.011808,6621
2025-05-20 10:52:16.511969,6622
2025-05-20 10:52:17.011973,6623
2025-05-20 10:52:17.512006,6624
2025-05-20 10:52:18.011965,6625
2025-05-20 10:52:18.511958,6626
2025-05-20 10:52:19.011993,6627
2025-05-20 10:52:19.511884,6628
2025-05-20 10:52:20.011464,6629
2025-05-20 10:52:20.511992,6630
2025-05-20 10:52:21.011825,6631
2025-05-20 10:52:21.511954,6632
2025-05-20 10:52:22.012009,6633
2025-05-20 10:52:22.511995,6634
2025-05-20 10:52:23.011978,6635
2025-05-20 10:52:23.511967,6636
2025-05-20 10:52:24.011988,6637
2025-05-20 10:52:24.512011,6638
2025-05-20 10:52:25.011851,6639
2025-05-20 10:52:25.511949,6640
2025-05-20 10:52:26.011970,6641
2025-05-20 10:52:26.511926,6642
2025-05-20 10:52:27.011973,6643
2025-05-20 10:52:27.511988,6644
2025-05-20 10:52:28.011987,6645
2025-05-20 10:52:28.511953,6646
2025-05-20 10:52:29.011972,6647
2025-05-20 10:52:29.511916,6648
2025-05-20 10:52:30.011983,6649
2025-05-20 10:52:30.511973,6650
2025-05-20 10:52:31.012197,6651
2025-05-20 10:52:31.512041,6652
2025-05-20 10:52:32.012097,6653
2025-05-20 10:52:32.512053,6654
2025-05-20 10:52:33.012110,6655
2025-05-20 10:52:33.512067,6656
2025-05-20 10:52:34.011932,6657
2025-05-20 10:52:34.512090,6658
2025-05-20 10:52:35.011932,6659
2025-05-20 10:52:35.512004,6660
2025-05-20 10:52:36.012075,6661
2025-05-20 10:52:36.512000,6662
2025-05-20 10:52:37.012042,6663
2025-05-20 10:52:37.512028,6664
2025-05-20 10:52:38.012056,6665
2025-05-20 10:52:38.512011,6666
2025-05-20 10:52:39.011985,6667
2025-05-20 10:52:39.511981,6668
2025-05-20 10:52:40.011500,6669
2025-05-20 10:52:40.512012,6670
2025-05-20 10:52:41.012043,6671
2025-05-20 10:52:41.512027,6672
2025-05-20 10:52:42.012059,6673
2025-05-20 10:52:42.512064,6674
2025-05-20 10:52:43.012028,6675
2025-05-20 10:52:43.512015,6676
2025-05-20 10:52:44.012001,6677
2025-05-20 10:52:44.512042,6678
2025-05-20 10:52:45.011512,6679
2025-05-20 10:52:45.512028,6680
2025-05-20 10:52:46.012066,6681
2025-05-20 10:52:46.512031,6682
2025-05-20 10:52:47.012009,6683
2025-05-20 10:52:47.512024,6684
2025-05-20 10:52:48.012086,6685
2025-05-20 10:52:48.512010,6686
2025-05-20 10:52:49.012057,6687
2025-05-20 10:52:49.512147,6688
2025-05-20 10:52:50.011480,6689
2025-05-20 10:52:50.512026,6690
2025-05-20 10:52:51.012083,6691
2025-05-20 10:52:51.511960,6692
2025-05-20 10:52:52.012063,6693
2025-05-20 10:52:52.512030,6694
2025-05-20 10:52:53.012048,6695
2025-05-20 10:52:53.512034,6696
2025-05-20 10:52:54.012057,6697
2025-05-20 10:52:54.512070,6698
2025-05-20 10:52:55.011551,6699
2025-05-20 10:52:55.512069,6700
2025-05-20 10:52:56.012084,6701
2025-05-20 10:52:56.512088,6702
2025-05-20 10:52:57.012073,6703
2025-05-20 10:52:57.512093,6704
2025-05-20 10:52:58.011969,6705
2025-05-20 10:52:58.512229,6706
2025-05-20 10:52:59.012009,6707
2025-05-20 10:52:59.512066,6708
2025-05-20 10:53:00.011355,6709
2025-05-20 10:53:00.512059,6710
2025-05-20 10:53:01.012007,6711
2025-05-20 10:53:01.512012,6712
2025-05-20 10:53:02.012003,6713
2025-05-20 10:53:02.512006,6714
2025-05-20 10:53:03.011968,6715
2025-05-20 10:53:03.512107,6716
2025-05-20 10:53:04.012111,6717
2025-05-20 10:53:04.512000,6718
2025-05-20 10:53:05.011483,6719
2025-05-20 10:53:05.512030,6720
2025-05-20 10:53:06.012019,6721
2025-05-20 10:53:06.511981,6722
2025-05-20 10:53:07.012007,6723
2025-05-20 10:53:07.512021,6724
2025-05-20 10:53:08.012004,6725
2025-05-20 10:53:08.512018,6726
2025-05-20 10:53:09.011997,6727
2025-05-20 10:53:09.511920,6728
2025-05-20 10:53:10.011461,6729
2025-05-20 10:53:10.512150,6730
2025-05-20 10:53:11.011942,6731
2025-05-20 10:53:11.511898,6732
2025-05-20 10:53:12.011940,6733
2025-05-20 10:53:12.511920,6734
2025-05-20 10:53:13.011880,6735
2025-05-20 10:53:13.511978,6736
2025-05-20 10:53:14.011979,6737
2025-05-20 10:53:14.511982,6738
2025-05-20 10:53:15.011184,6739
2025-05-20 10:53:15.511931,6740
2025-05-20 10:53:16.011606,6741
2025-05-20 10:53:16.511959,6742
2025-05-20 10:53:17.011963,6743
2025-05-20 10:53:17.511988,6744
2025-05-20 10:53:18.011875,6745
2025-05-20 10:53:18.511947,6746
2025-05-20 10:53:19.011917,6747
2025-05-20 10:53:19.511897,6748
2025-05-20 10:53:20.011694,6749
2025-05-20 10:53:20.511997,6750
2025-05-20 10:53:21.011924,6751
2025-05-20 10:53:21.511929,6752
2025-05-20 10:53:22.011907,6753
2025-05-20 10:53:22.511992,6754
2025-05-20 10:53:23.011983,6755
2025-05-20 10:53:23.511955,6756
2025-05-20 10:53:24.011978,6757
2025-05-20 10:53:24.511985,6758
2025-05-20 10:53:25.011510,6759
2025-05-20 10:53:25.511997,6760
2025-05-20 10:53:26.011961,6761
2025-05-20 10:53:26.512010,6762
2025-05-20 10:53:27.011996,6763
2025-05-20 10:53:27.512014,6764
2025-05-20 10:53:28.011798,6765
2025-05-20 10:53:28.511992,6766
2025-05-20 10:53:29.011995,6767
2025-05-20 10:53:29.511923,6768
2025-05-20 10:53:30.011554,6769
2025-05-20 10:53:30.512080,6770
2025-05-20 10:53:31.012101,6771
2025-05-20 10:53:31.511877,6772
2025-05-20 10:53:32.012084,6773
2025-05-20 10:53:32.511998,6774
2025-05-20 10:53:33.012012,6775
2025-05-20 10:53:33.512048,6776
2025-05-20 10:53:34.012016,6777
2025-05-20 10:53:34.512018,6778
2025-05-20 10:53:35.011400,6779
2025-05-20 10:53:35.512065,6780
2025-05-20 10:53:36.012057,6781
2025-05-20 10:53:36.512028,6782
2025-05-20 10:53:37.012100,6783
2025-05-20 10:53:37.511990,6784
2025-05-20 10:53:38.012044,6785
2025-05-20 10:53:38.512066,6786
2025-05-20 10:53:39.012012,6787
2025-05-20 10:53:39.512036,6788
2025-05-20 10:53:40.011494,6789
2025-05-20 10:53:40.512061,6790
2025-05-20 10:53:41.012058,6791
2025-05-20 10:53:41.512086,6792
2025-05-20 10:53:42.012025,6793
2025-05-20 10:53:42.512002,6794
2025-05-20 10:53:43.012020,6795
2025-05-20 10:53:43.512040,6796
2025-05-20 10:53:44.012035,6797
2025-05-20 10:53:44.512111,6798
2025-05-20 10:53:45.011516,6799
2025-05-20 10:53:45.512042,6800
2025-05-20 10:53:46.012078,6801
2025-05-20 10:53:46.512082,6802
2025-05-20 10:53:47.012047,6803
2025-05-20 10:53:47.512048,6804
2025-05-20 10:53:48.012116,6805
2025-05-20 10:53:48.512085,6806
2025-05-20 10:53:49.012049,6807
2025-05-20 10:53:49.512091,6808
2025-05-20 10:53:50.011575,6809
2025-05-20 10:53:50.512022,6810
2025-05-20 10:53:51.012046,6811
2025-05-20 10:53:51.512030,6812
2025-05-20 10:53:52.012093,6813
2025-05-20 10:53:52.512086,6814
2025-05-20 10:53:53.011979,6815
2025-05-20 10:53:53.511678,6816
2025-05-20 10:53:54.011981,6817
2025-05-20 10:53:54.512012,6818
2025-05-20 10:53:55.011403,6819
2025-05-20 10:53:55.511963,6820
2025-05-20 10:53:56.011971,6821
2025-05-20 10:53:56.511992,6822
2025-05-20 10:53:57.012016,6823
2025-05-20 10:53:57.511978,6824
2025-05-20 10:53:58.011928,6825
2025-05-20 10:53:58.511963,6826
2025-05-20 10:53:59.012000,6827
2025-05-20 10:53:59.512015,6828
2025-05-20 10:54:00.011446,6829
2025-05-20 10:54:00.511970,6830
2025-05-20 10:54:01.012031,6831
2025-05-20 10:54:01.512005,6832
2025-05-20 10:54:02.012020,6833
2025-05-20 10:54:02.512037,6834
2025-05-20 10:54:03.012013,6835
2025-05-20 10:54:03.512046,6836
2025-05-20 10:54:04.012033,6837
2025-05-20 10:54:04.512020,6838
2025-05-20 10:54:05.011381,6839
2025-05-20 10:54:05.512048,6840
2025-05-20 10:54:06.012045,6841
2025-05-20 10:54:06.512051,6842
2025-05-20 10:54:07.012027,6843
2025-05-20 10:54:07.512056,6844
2025-05-20 10:54:08.012100,6845
2025-05-20 10:54:08.511973,6846
2025-05-20 10:54:09.012066,6847
2025-05-20 10:54:09.511967,6848
2025-05-20 10:54:10.011131,6849
2025-05-20 10:54:10.512239,6850
2025-05-20 10:54:11.011952,6851
2025-05-20 10:54:11.512021,6852
2025-05-20 10:54:12.012048,6853
2025-05-20 10:54:12.512075,6854
2025-05-20 10:54:13.012017,6855
2025-05-20 10:54:13.512077,6856
2025-05-20 10:54:14.012036,6857
2025-05-20 10:54:14.512144,6858
2025-05-20 10:54:15.011625,6859
2025-05-20 10:54:15.512040,6860
2025-05-20 10:54:16.011854,6861
2025-05-20 10:54:16.512083,6862
2025-05-20 10:54:17.012108,6863
2025-05-20 10:54:17.512072,6864
2025-05-20 10:54:18.012105,6865
2025-05-20 10:54:18.512123,6866
2025-05-20 10:54:19.012047,6867
2025-05-20 10:54:19.512049,6868
2025-05-20 10:54:20.011955,6869
2025-05-20 10:54:20.512096,6870
2025-05-20 10:54:21.012069,6871
2025-05-20 10:54:21.512008,6872
2025-05-20 10:54:22.012051,6873
2025-05-20 10:54:22.512027,6874
2025-05-20 10:54:23.012031,6875
2025-05-20 10:54:23.512013,6876
2025-05-20 10:54:24.012074,6877
2025-05-20 10:54:24.511946,6878
2025-05-20 10:54:25.011159,6879
2025-05-20 10:54:25.512034,6880
2025-05-20 10:54:26.012070,6881
2025-05-20 10:54:26.512026,6882
2025-05-20 10:54:27.012077,6883
2025-05-20 10:54:27.511988,6884
2025-05-20 10:54:28.012063,6885
2025-05-20 10:54:28.512082,6886
2025-05-20 10:54:29.012051,6887
2025-05-20 10:54:29.512048,6888
2025-05-20 10:54:30.011155,6889
2025-05-20 10:54:30.512003,6890
2025-05-20 10:54:31.011979,6891
2025-05-20 10:54:31.511979,6892
2025-05-20 10:54:32.011978,6893
2025-05-20 10:54:32.511997,6894
2025-05-20 10:54:33.012000,6895
2025-05-20 10:54:33.511967,6896
2025-05-20 10:54:34.011989,6897
2025-05-20 10:54:34.512008,6898
2025-05-20 10:54:35.011093,6899
2025-05-20 10:54:35.511911,6900
2025-05-20 10:54:36.012004,6901
2025-05-20 10:54:36.512003,6902
2025-05-20 10:54:37.011978,6903
2025-05-20 10:54:37.512018,6904
2025-05-20 10:54:38.011966,6905
2025-05-20 10:54:38.511993,6906
2025-05-20 10:54:39.012113,6907
2025-05-20 10:54:39.511982,6908
2025-05-20 10:54:40.011329,6909
2025-05-20 10:54:40.511887,6910
2025-05-20 10:54:41.011940,6911
2025-05-20 10:54:41.511951,6912
2025-05-20 10:54:42.011916,6913
2025-05-20 10:54:42.511901,6914
2025-05-20 10:54:43.011894,6915
2025-05-20 10:54:43.511970,6916
2025-05-20 10:54:44.011911,6917
2025-05-20 10:54:44.512039,6918
2025-05-20 10:54:45.011913,6919
2025-05-20 10:54:45.511875,6920
2025-05-20 10:54:46.011981,6921
2025-05-20 10:54:46.511991,6922
2025-05-20 10:54:47.011952,6923
2025-05-20 10:54:47.511989,6924
2025-05-20 10:54:48.011955,6925
2025-05-20 10:54:48.511984,6926
2025-05-20 10:54:49.011946,6927
2025-05-20 10:54:49.512015,6928
2025-05-20 10:54:50.011138,6929
2025-05-20 10:54:50.511975,6930
2025-05-20 10:54:51.011930,6931
2025-05-20 10:54:51.511970,6932
2025-05-20 10:54:52.011980,6933
2025-05-20 10:54:52.511927,6934
2025-05-20 10:54:53.011910,6935
2025-05-20 10:54:53.511910,6936
2025-05-20 10:54:54.011436,6937
2025-05-20 10:54:54.511956,6938
2025-05-20 10:54:55.011297,6939
2025-05-20 10:54:55.511292,6940
2025-05-20 10:54:56.012128,6941
2025-05-20 10:54:56.512205,6942
2025-05-20 10:54:57.011974,6943
2025-05-20 10:54:57.511933,6944
2025-05-20 10:54:58.011967,6945
2025-05-20 10:54:58.511930,6946
2025-05-20 10:54:59.011922,6947
2025-05-20 10:54:59.511949,6948
2025-05-20 10:55:00.011493,6949
2025-05-20 10:55:00.512111,6950
2025-05-20 10:55:01.011937,6951
2025-05-20 10:55:01.511935,6952
2025-05-20 10:55:02.011955,6953
2025-05-20 10:55:02.512126,6954
2025-05-20 10:55:03.011974,6955
2025-05-20 10:55:03.511925,6956
2025-05-20 10:55:04.012042,6957
2025-05-20 10:55:04.511965,6958
2025-05-20 10:55:05.011256,6959
2025-05-20 10:55:05.512024,6960
2025-05-20 10:55:06.011919,6961
2025-05-20 10:55:06.512017,6962
2025-05-20 10:55:07.011974,6963
2025-05-20 10:55:07.511962,6964
2025-05-20 10:55:08.011966,6965
2025-05-20 10:55:08.511977,6966
2025-05-20 10:55:09.011974,6967
2025-05-20 10:55:09.511947,6968
2025-05-20 10:55:10.011078,6969
2025-05-20 10:55:10.511977,6970
2025-05-20 10:55:11.011895,6971
2025-05-20 10:55:11.512000,6972
2025-05-20 10:55:12.012013,6973
2025-05-20 10:55:12.511970,6974
2025-05-20 10:55:13.011875,6975
2025-05-20 10:55:13.512015,6976
2025-05-20 10:55:14.012013,6977
2025-05-20 10:55:14.511942,6978
2025-05-20 10:55:15.011486,6979
2025-05-20 10:55:15.511956,6980
2025-05-20 10:55:16.011623,6981
2025-05-20 10:55:16.511954,6982
2025-05-20 10:55:17.011945,6983
2025-05-20 10:55:17.511964,6984
2025-05-20 10:55:18.011944,6985
2025-05-20 10:55:18.511843,6986
2025-05-20 10:55:19.011903,6987
2025-05-20 10:55:19.511917,6988
2025-05-20 10:55:20.011450,6989
2025-05-20 10:55:20.511960,6990
2025-05-20 10:55:21.011961,6991
2025-05-20 10:55:21.511943,6992
2025-05-20 10:55:22.011979,6993
2025-05-20 10:55:22.511973,6994
2025-05-20 10:55:23.011956,6995
2025-05-20 10:55:23.511975,6996
2025-05-20 10:55:24.011976,6997
2025-05-20 10:55:24.511973,6998
2025-05-20 10:55:25.011186,6999
2025-05-20 10:55:25.511966,7000
2025-05-20 10:55:26.011934,7001
2025-05-20 10:55:26.511969,7002
2025-05-20 10:55:27.011949,7003
2025-05-20 10:55:27.512021,7004
2025-05-20 10:55:28.011785,7005
2025-05-20 10:55:28.511847,7006
2025-05-20 10:55:29.012004,7007
2025-05-20 10:55:29.512011,7008
2025-05-20 10:55:30.011394,7009
2025-05-20 10:55:30.511972,7010
2025-05-20 10:55:31.011901,7011
2025-05-20 10:55:31.511457,7012
2025-05-20 10:55:32.011941,7013
2025-05-20 10:55:32.512030,7014
2025-05-20 10:55:33.011932,7015
2025-05-20 10:55:33.511882,7016
2025-05-20 10:55:34.011888,7017
2025-05-20 10:55:34.511917,7018
2025-05-20 10:55:35.011849,7019
2025-05-20 10:55:35.511891,7020
2025-05-20 10:55:36.011890,7021
2025-05-20 10:55:36.511928,7022
2025-05-20 10:55:37.011898,7023
2025-05-20 10:55:37.511915,7024
2025-05-20 10:55:38.011884,7025
2025-05-20 10:55:38.511846,7026
2025-05-20 10:55:39.011882,7027
2025-05-20 10:55:39.511922,7028
2025-05-20 10:55:40.011195,7029
2025-05-20 10:55:40.511931,7030
2025-05-20 10:55:41.011996,7031
2025-05-20 10:55:41.511994,7032
2025-05-20 10:55:42.012005,7033
2025-05-20 10:55:42.511996,7034
2025-05-20 10:55:43.011983,7035
2025-05-20 10:55:43.512003,7036
2025-05-20 10:55:44.011976,7037
2025-05-20 10:55:44.511981,7038
2025-05-20 10:55:45.011228,7039
2025-05-20 10:55:45.511886,7040
2025-05-20 10:55:46.011973,7041
2025-05-20 10:55:46.511881,7042
2025-05-20 10:55:47.011940,7043
2025-05-20 10:55:47.511978,7044
2025-05-20 10:55:48.011964,7045
2025-05-20 10:55:48.511795,7046
2025-05-20 10:55:49.011915,7047
2025-05-20 10:55:49.512002,7048
2025-05-20 10:55:50.011087,7049
2025-05-20 10:55:50.511923,7050
2025-05-20 10:55:51.011924,7051
2025-05-20 10:55:51.511929,7052
2025-05-20 10:55:52.011944,7053
2025-05-20 10:55:52.511967,7054
2025-05-20 10:55:53.011967,7055
2025-05-20 10:55:53.511503,7056
2025-05-20 10:55:54.011965,7057
2025-05-20 10:55:54.511965,7058
2025-05-20 10:55:55.011268,7059
2025-05-20 10:55:55.512044,7060
2025-05-20 10:55:56.012093,7061
2025-05-20 10:55:56.512040,7062
2025-05-20 10:55:57.012070,7063
2025-05-20 10:55:57.512035,7064
2025-05-20 10:55:58.012026,7065
2025-05-20 10:55:58.512025,7066
2025-05-20 10:55:59.012069,7067
2025-05-20 10:55:59.511976,7068
2025-05-20 10:56:00.011106,7069
2025-05-20 10:56:00.512234,7070
2025-05-20 10:56:01.012134,7071
2025-05-20 10:56:01.512156,7072
2025-05-20 10:56:02.011968,7073
2025-05-20 10:56:02.511995,7074
2025-05-20 10:56:03.012032,7075
2025-05-20 10:56:03.512035,7076
2025-05-20 10:56:04.012039,7077
2025-05-20 10:56:04.512025,7078
2025-05-20 10:56:05.011219,7079
2025-05-20 10:56:05.511969,7080
2025-05-20 10:56:06.012039,7081
2025-05-20 10:56:06.512002,7082
2025-05-20 10:56:07.012035,7083
2025-05-20 10:56:07.512017,7084
2025-05-20 10:56:08.012235,7085
2025-05-20 10:56:08.512099,7086
2025-05-20 10:56:09.012019,7087
2025-05-20 10:56:09.512049,7088
2025-05-20 10:56:10.011064,7089
2025-05-20 10:56:10.512159,7090
2025-05-20 10:56:11.012211,7091
2025-05-20 10:56:11.512067,7092
2025-05-20 10:56:12.011973,7093
2025-05-20 10:56:12.511978,7094
2025-05-20 10:56:13.012024,7095
2025-05-20 10:56:13.512078,7096
2025-05-20 10:56:14.012113,7097
2025-05-20 10:56:14.512073,7098
2025-05-20 10:56:15.011076,7099
2025-05-20 10:56:15.512229,7100
2025-05-20 10:56:16.012054,7101
2025-05-20 10:56:16.511978,7102
2025-05-20 10:56:17.011977,7103
2025-05-20 10:56:17.512076,7104
2025-05-20 10:56:18.011975,7105
2025-05-20 10:56:18.511978,7106
2025-05-20 10:56:19.011960,7107
2025-05-20 10:56:19.512080,7108
2025-05-20 10:56:20.011111,7109
2025-05-20 10:56:20.512054,7110
2025-05-20 10:56:21.012034,7111
2025-05-20 10:56:21.512036,7112
2025-05-20 10:56:22.012018,7113
2025-05-20 10:56:22.512031,7114
2025-05-20 10:56:23.012084,7115
2025-05-20 10:56:23.512069,7116
2025-05-20 10:56:24.012036,7117
2025-05-20 10:56:24.512070,7118
2025-05-20 10:56:25.011111,7119
2025-05-20 10:56:25.512008,7120
2025-05-20 10:56:26.011994,7121
2025-05-20 10:56:26.512096,7122
2025-05-20 10:56:27.012084,7123
2025-05-20 10:56:27.512086,7124
2025-05-20 10:56:28.011859,7125
2025-05-20 10:56:28.512070,7126
2025-05-20 10:56:29.012074,7127
2025-05-20 10:56:29.512094,7128
2025-05-20 10:56:30.011183,7129
2025-05-20 10:56:30.512007,7130
2025-05-20 10:56:31.011979,7131
2025-05-20 10:56:31.511916,7132
2025-05-20 10:56:32.012010,7133
2025-05-20 10:56:32.511989,7134
2025-05-20 10:56:33.011990,7135
2025-05-20 10:56:33.511997,7136
2025-05-20 10:56:34.012011,7137
2025-05-20 10:56:34.511970,7138
2025-05-20 10:56:35.011228,7139
2025-05-20 10:56:35.512141,7140
2025-05-20 10:56:36.012138,7141
2025-05-20 10:56:36.511939,7142
2025-05-20 10:56:37.012001,7143
2025-05-20 10:56:37.512007,7144
2025-05-20 10:56:38.011986,7145
2025-05-20 10:56:38.511794,7146
2025-05-20 10:56:39.012031,7147
2025-05-20 10:56:39.512006,7148
2025-05-20 10:56:40.011086,7149
2025-05-20 10:56:40.511998,7150
2025-05-20 10:56:41.011917,7151
2025-05-20 10:56:41.512012,7152
2025-05-20 10:56:42.011967,7153
2025-05-20 10:56:42.512042,7154
2025-05-20 10:56:43.012013,7155
2025-05-20 10:56:43.511903,7156
2025-05-20 10:56:44.012028,7157
2025-05-20 10:56:44.512012,7158
2025-05-20 10:56:45.011297,7159
2025-05-20 10:56:45.512045,7160
2025-05-20 10:56:46.012045,7161
2025-05-20 10:56:46.512020,7162
2025-05-20 10:56:47.012023,7163
2025-05-20 10:56:47.511940,7164
2025-05-20 10:56:48.011969,7165
2025-05-20 10:56:48.511841,7166
2025-05-20 10:56:49.012005,7167
2025-05-20 10:56:49.512024,7168
2025-05-20 10:56:50.011320,7169
2025-05-20 10:56:50.512004,7170
2025-05-20 10:56:51.011891,7171
2025-05-20 10:56:51.511883,7172
2025-05-20 10:56:52.011943,7173
2025-05-20 10:56:52.511918,7174
2025-05-20 10:56:53.011917,7175
2025-05-20 10:56:53.511846,7176
2025-05-20 10:56:54.011938,7177
2025-05-20 10:56:54.511963,7178
2025-05-20 10:56:55.011262,7179
2025-05-20 10:56:55.512065,7180
2025-05-20 10:56:56.012006,7181
2025-05-20 10:56:56.512081,7182
2025-05-20 10:56:57.012046,7183
2025-05-20 10:56:57.512100,7184
2025-05-20 10:56:58.012057,7185
2025-05-20 10:56:58.512020,7186
2025-05-20 10:56:59.011994,7187
2025-05-20 10:56:59.512050,7188
2025-05-20 10:57:00.011168,7189
2025-05-20 10:57:00.511948,7190
2025-05-20 10:57:01.011954,7191
2025-05-20 10:57:01.511957,7192
2025-05-20 10:57:02.011947,7193
2025-05-20 10:57:02.511948,7194
2025-05-20 10:57:03.011935,7195
2025-05-20 10:57:03.511804,7196
2025-05-20 10:57:04.011974,7197
2025-05-20 10:57:04.511969,7198
2025-05-20 10:57:05.011162,7199
2025-05-20 10:57:05.512006,7200
2025-05-20 10:57:06.011998,7201
2025-05-20 10:57:06.511962,7202
2025-05-20 10:57:07.011957,7203
2025-05-20 10:57:07.511968,7204
2025-05-20 10:57:08.011992,7205
2025-05-20 10:57:08.511864,7206
2025-05-20 10:57:09.011966,7207
2025-05-20 10:57:09.511984,7208
2025-05-20 10:57:10.011017,7209
2025-05-20 10:57:10.512028,7210
2025-05-20 10:57:11.011993,7211
2025-05-20 10:57:11.511960,7212
2025-05-20 10:57:12.011964,7213
2025-05-20 10:57:12.512095,7214
2025-05-20 10:57:13.011872,7215
2025-05-20 10:57:13.511933,7216
2025-05-20 10:57:14.012003,7217
2025-05-20 10:57:14.512011,7218
2025-05-20 10:57:15.011163,7219
2025-05-20 10:57:15.511919,7220
2025-05-20 10:57:16.011615,7221
2025-05-20 10:57:16.511980,7222
2025-05-20 10:57:17.011940,7223
2025-05-20 10:57:17.511984,7224
2025-05-20 10:57:18.011987,7225
2025-05-20 10:57:18.511852,7226
2025-05-20 10:57:19.011952,7227
2025-05-20 10:57:19.511954,7228
2025-05-20 10:57:20.011199,7229
2025-05-20 10:57:20.512068,7230
2025-05-20 10:57:21.012010,7231
2025-05-20 10:57:21.512005,7232
2025-05-20 10:57:22.012010,7233
2025-05-20 10:57:22.512003,7234
2025-05-20 10:57:23.011958,7235
2025-05-20 10:57:23.511951,7236
2025-05-20 10:57:24.012004,7237
2025-05-20 10:57:24.511998,7238
2025-05-20 10:57:25.011175,7239
2025-05-20 10:57:25.511991,7240
2025-05-20 10:57:26.011992,7241
2025-05-20 10:57:26.512021,7242
2025-05-20 10:57:27.011831,7243
2025-05-20 10:57:27.512044,7244
2025-05-20 10:57:28.012019,7245
2025-05-20 10:57:28.511992,7246
2025-05-20 10:57:29.012004,7247
2025-05-20 10:57:29.511944,7248
2025-05-20 10:57:30.011083,7249
2025-05-20 10:57:30.512091,7250
2025-05-20 10:57:31.011996,7251
2025-05-20 10:57:31.512029,7252
2025-05-20 10:57:32.011978,7253
2025-05-20 10:57:32.511974,7254
2025-05-20 10:57:33.012001,7255
2025-05-20 10:57:33.511915,7256
2025-05-20 10:57:34.011997,7257
2025-05-20 10:57:34.511971,7258
2025-05-20 10:57:35.011209,7259
2025-05-20 10:57:35.511956,7260
2025-05-20 10:57:36.011973,7261
2025-05-20 10:57:36.512003,7262
2025-05-20 10:57:37.011995,7263
2025-05-20 10:57:37.512005,7264
2025-05-20 10:57:38.011975,7265
2025-05-20 10:57:38.512005,7266
2025-05-20 10:57:39.011995,7267
2025-05-20 10:57:39.512079,7268
2025-05-20 10:57:40.011138,7269
2025-05-20 10:57:40.511929,7270
2025-05-20 10:57:41.011964,7271
2025-05-20 10:57:41.511999,7272
2025-05-20 10:57:42.011893,7273
2025-05-20 10:57:42.511955,7274
2025-05-20 10:57:43.011999,7275
2025-05-20 10:57:43.511878,7276
2025-05-20 10:57:44.011874,7277
2025-05-20 10:57:44.511975,7278
2025-05-20 10:57:45.011091,7279
2025-05-20 10:57:45.511985,7280
2025-05-20 10:57:46.011996,7281
2025-05-20 10:57:46.511968,7282
2025-05-20 10:57:47.012005,7283
2025-05-20 10:57:47.511984,7284
2025-05-20 10:57:48.011974,7285
2025-05-20 10:57:48.511912,7286
2025-05-20 10:57:49.011974,7287
2025-05-20 10:57:49.511984,7288
2025-05-20 10:57:50.011189,7289
2025-05-20 10:57:50.512129,7290
2025-05-20 10:57:51.012088,7291
2025-05-20 10:57:51.512071,7292
2025-05-20 10:57:52.012149,7293
2025-05-20 10:57:52.511983,7294
2025-05-20 10:57:53.011972,7295
2025-05-20 10:57:53.512109,7296
2025-05-20 10:57:54.012017,7297
2025-05-20 10:57:54.512113,7298
2025-05-20 10:57:55.011204,7299
2025-05-20 10:57:55.512002,7300
2025-05-20 10:57:56.012060,7301
2025-05-20 10:57:56.512147,7302
2025-05-20 10:57:57.012033,7303
2025-05-20 10:57:57.511987,7304
2025-05-20 10:57:58.012153,7305
2025-05-20 10:57:58.511972,7306
2025-05-20 10:57:59.012047,7307
2025-05-20 10:57:59.512154,7308
2025-05-20 10:58:00.011051,7309
2025-05-20 10:58:00.511818,7310
2025-05-20 10:58:01.011998,7311
2025-05-20 10:58:01.511994,7312
2025-05-20 10:58:02.011978,7313
2025-05-20 10:58:02.511998,7314
2025-05-20 10:58:03.011985,7315
2025-05-20 10:58:03.512036,7316
2025-05-20 10:58:04.011991,7317
2025-05-20 10:58:04.511930,7318
2025-05-20 10:58:05.011170,7319
2025-05-20 10:58:05.512013,7320
2025-05-20 10:58:06.012037,7321
2025-05-20 10:58:06.511928,7322
2025-05-20 10:58:07.011979,7323
2025-05-20 10:58:07.512167,7324
2025-05-20 10:58:08.011986,7325
2025-05-20 10:58:08.511878,7326
2025-05-20 10:58:09.011948,7327
2025-05-20 10:58:09.511988,7328
2025-05-20 10:58:10.011215,7329
2025-05-20 10:58:10.512005,7330
2025-05-20 10:58:11.011982,7331
2025-05-20 10:58:11.512005,7332
2025-05-20 10:58:12.012005,7333
2025-05-20 10:58:12.511995,7334
2025-05-20 10:58:13.012010,7335
2025-05-20 10:58:13.512007,7336
2025-05-20 10:58:14.012001,7337
2025-05-20 10:58:14.511979,7338
2025-05-20 10:58:15.011095,7339
2025-05-20 10:58:15.512011,7340
2025-05-20 10:58:16.011604,7341
2025-05-20 10:58:16.512010,7342
2025-05-20 10:58:17.011998,7343
2025-05-20 10:58:17.511969,7344
2025-05-20 10:58:18.012007,7345
2025-05-20 10:58:18.511988,7346
2025-05-20 10:58:19.012009,7347
2025-05-20 10:58:19.512005,7348
2025-05-20 10:58:20.011167,7349
2025-05-20 10:58:20.512012,7350
2025-05-20 10:58:21.012006,7351
2025-05-20 10:58:21.511890,7352
2025-05-20 10:58:22.011985,7353
2025-05-20 10:58:22.511972,7354
2025-05-20 10:58:23.012014,7355
2025-05-20 10:58:23.511975,7356
2025-05-20 10:58:24.012008,7357
2025-05-20 10:58:24.512002,7358
2025-05-20 10:58:25.011302,7359
2025-05-20 10:58:25.511983,7360
2025-05-20 10:58:26.011976,7361
2025-05-20 10:58:26.512203,7362
2025-05-20 10:58:27.012006,7363
2025-05-20 10:58:27.512006,7364
2025-05-20 10:58:28.011731,7365
2025-05-20 10:58:28.511967,7366
2025-05-20 10:58:29.011992,7367
2025-05-20 10:58:29.511997,7368
2025-05-20 10:58:30.011173,7369
2025-05-20 10:58:30.512021,7370
2025-05-20 10:58:31.012002,7371
2025-05-20 10:58:31.512003,7372
2025-05-20 10:58:32.012008,7373
2025-05-20 10:58:32.512011,7374
2025-05-20 10:58:33.012000,7375
2025-05-20 10:58:33.511877,7376
2025-05-20 10:58:34.011993,7377
2025-05-20 10:58:34.511987,7378
2025-05-20 10:58:35.011131,7379
2025-05-20 10:58:35.512005,7380
2025-05-20 10:58:36.011976,7381
2025-05-20 10:58:36.511988,7382
2025-05-20 10:58:37.011916,7383
2025-05-20 10:58:37.511999,7384
2025-05-20 10:58:38.012095,7385
2025-05-20 10:58:38.511980,7386
2025-05-20 10:58:39.011970,7387
2025-05-20 10:58:39.511986,7388
2025-05-20 10:58:40.011154,7389
2025-05-20 10:58:40.511960,7390
2025-05-20 10:58:41.011965,7391
2025-05-20 10:58:41.511975,7392
2025-05-20 10:58:42.011973,7393
2025-05-20 10:58:42.511945,7394
2025-05-20 10:58:43.011956,7395
2025-05-20 10:58:43.511974,7396
2025-05-20 10:58:44.011975,7397
2025-05-20 10:58:44.512014,7398
2025-05-20 10:58:45.011069,7399
2025-05-20 10:58:45.511842,7400
2025-05-20 10:58:46.011933,7401
2025-05-20 10:58:46.511955,7402
2025-05-20 10:58:47.011938,7403
2025-05-20 10:58:47.511959,7404
2025-05-20 10:58:48.011955,7405
2025-05-20 10:58:48.511866,7406
2025-05-20 10:58:49.011939,7407
2025-05-20 10:58:49.511922,7408
2025-05-20 10:58:50.011112,7409
2025-05-20 10:58:50.512001,7410
2025-05-20 10:58:51.011944,7411
2025-05-20 10:58:51.512017,7412
2025-05-20 10:58:52.011987,7413
2025-05-20 10:58:52.512000,7414
2025-05-20 10:58:53.011987,7415
2025-05-20 10:58:53.511958,7416
2025-05-20 10:58:54.011972,7417
2025-05-20 10:58:54.511930,7418
2025-05-20 10:58:55.011140,7419
2025-05-20 10:58:55.511919,7420
2025-05-20 10:58:56.011977,7421
2025-05-20 10:58:56.511935,7422
2025-05-20 10:58:57.011962,7423
2025-05-20 10:58:57.511949,7424
2025-05-20 10:58:58.011986,7425
2025-05-20 10:58:58.511959,7426
2025-05-20 10:58:59.012013,7427
2025-05-20 10:58:59.511965,7428
2025-05-20 10:59:00.010996,7429
2025-05-20 10:59:00.511933,7430
2025-05-20 10:59:01.011934,7431
2025-05-20 10:59:01.511921,7432
2025-05-20 10:59:02.011952,7433
2025-05-20 10:59:02.511907,7434
2025-05-20 10:59:03.011913,7435
2025-05-20 10:59:03.511965,7436
2025-05-20 10:59:04.011964,7437
2025-05-20 10:59:04.511971,7438
2025-05-20 10:59:05.011117,7439
2025-05-20 10:59:05.512089,7440
2025-05-20 10:59:06.012011,7441
2025-05-20 10:59:06.512000,7442
2025-05-20 10:59:07.012016,7443
2025-05-20 10:59:07.512039,7444
2025-05-20 10:59:08.012050,7445
2025-05-20 10:59:08.512034,7446
2025-05-20 10:59:09.012003,7447
2025-05-20 10:59:09.512044,7448
2025-05-20 10:59:10.011127,7449
2025-05-20 10:59:10.511855,7450
2025-05-20 10:59:11.011961,7451
2025-05-20 10:59:11.511977,7452
2025-05-20 10:59:12.011907,7453
2025-05-20 10:59:12.511998,7454
2025-05-20 10:59:13.011931,7455
2025-05-20 10:59:13.511959,7456
2025-05-20 10:59:14.011942,7457
2025-05-20 10:59:14.511873,7458
2025-05-20 10:59:15.011117,7459
2025-05-20 10:59:15.511870,7460
2025-05-20 10:59:16.011612,7461
2025-05-20 10:59:16.511952,7462
2025-05-20 10:59:17.011890,7463
2025-05-20 10:59:17.511920,7464
2025-05-20 10:59:18.012067,7465
2025-05-20 10:59:18.511961,7466
2025-05-20 10:59:19.011935,7467
2025-05-20 10:59:19.511939,7468
2025-05-20 10:59:20.011124,7469
2025-05-20 10:59:20.512149,7470
2025-05-20 10:59:21.011924,7471
2025-05-20 10:59:21.512019,7472
2025-05-20 10:59:22.012013,7473
2025-05-20 10:59:22.511986,7474
2025-05-20 10:59:23.011926,7475
2025-05-20 10:59:23.512037,7476
2025-05-20 10:59:24.012034,7477
2025-05-20 10:59:24.512007,7478
2025-05-20 10:59:25.011162,7479
2025-05-20 10:59:25.512002,7480
2025-05-20 10:59:26.012021,7481
2025-05-20 10:59:26.511987,7482
2025-05-20 10:59:27.011997,7483
2025-05-20 10:59:27.511904,7484
2025-05-20 10:59:28.011641,7485
2025-05-20 10:59:28.512004,7486
2025-05-20 10:59:29.012008,7487
2025-05-20 10:59:29.511976,7488
2025-05-20 10:59:30.011153,7489
2025-05-20 10:59:30.512001,7490
2025-05-20 10:59:31.011977,7491
2025-05-20 10:59:31.511911,7492
2025-05-20 10:59:32.011999,7493
2025-05-20 10:59:32.511907,7494
2025-05-20 10:59:33.011826,7495
2025-05-20 10:59:33.511931,7496
2025-05-20 10:59:34.011890,7497
2025-05-20 10:59:34.511918,7498
2025-05-20 10:59:35.011209,7499
2025-05-20 10:59:35.511979,7500
2025-05-20 10:59:36.011913,7501
2025-05-20 10:59:36.511943,7502
2025-05-20 10:59:37.011966,7503
2025-05-20 10:59:37.511918,7504
2025-05-20 10:59:38.011972,7505
2025-05-20 10:59:38.511958,7506
2025-05-20 10:59:39.011933,7507
2025-05-20 10:59:39.511984,7508
2025-05-20 10:59:40.011130,7509
2025-05-20 10:59:40.511873,7510
2025-05-20 10:59:41.011943,7511
2025-05-20 10:59:41.511961,7512
2025-05-20 10:59:42.011954,7513
2025-05-20 10:59:42.511902,7514
2025-05-20 10:59:43.011918,7515
2025-05-20 10:59:43.511965,7516
2025-05-20 10:59:44.011899,7517
2025-05-20 10:59:44.511973,7518
2025-05-20 10:59:45.011114,7519
2025-05-20 10:59:45.512113,7520
2025-05-20 10:59:46.011969,7521
2025-05-20 10:59:46.511967,7522
2025-05-20 10:59:47.011934,7523
2025-05-20 10:59:47.511924,7524
2025-05-20 10:59:48.011921,7525
2025-05-20 10:59:48.511963,7526
2025-05-20 10:59:49.011955,7527
2025-05-20 10:59:49.511958,7528
2025-05-20 10:59:50.011191,7529
2025-05-20 10:59:50.512113,7530
2025-05-20 10:59:51.011868,7531
2025-05-20 10:59:51.511931,7532
2025-05-20 10:59:52.011887,7533
2025-05-20 10:59:52.512040,7534
2025-05-20 10:59:53.011980,7535
2025-05-20 10:59:53.511832,7536
2025-05-20 10:59:54.011958,7537
2025-05-20 10:59:54.511927,7538
2025-05-20 10:59:55.011092,7539
2025-05-20 10:59:55.512124,7540
2025-05-20 10:59:56.012134,7541
2025-05-20 10:59:56.511968,7542
2025-05-20 10:59:57.011974,7543
2025-05-20 10:59:57.511941,7544
2025-05-20 10:59:58.011971,7545
2025-05-20 10:59:58.511948,7546
2025-05-20 10:59:59.011997,7547
2025-05-20 10:59:59.511977,7548
2025-05-20 11:00:00.011314,7549
2025-05-20 11:00:00.511897,7550
2025-05-20 11:00:01.011918,7551
2025-05-20 11:00:01.511925,7552
2025-05-20 11:00:02.011994,7553
2025-05-20 11:00:02.511915,7554
2025-05-20 11:00:03.011931,7555
2025-05-20 11:00:03.511919,7556
2025-05-20 11:00:04.011966,7557
2025-05-20 11:00:04.511896,7558
2025-05-20 11:00:05.011217,7559
2025-05-20 11:00:05.511972,7560
2025-05-20 11:00:06.011974,7561
2025-05-20 11:00:06.511997,7562
2025-05-20 11:00:07.011939,7563
2025-05-20 11:00:07.511967,7564
2025-05-20 11:00:08.011945,7565
2025-05-20 11:00:08.511909,7566
2025-05-20 11:00:09.011938,7567
2025-05-20 11:00:09.511934,7568
2025-05-20 11:00:10.011151,7569
2025-05-20 11:00:10.512107,7570
2025-05-20 11:00:11.011939,7571
2025-05-20 11:00:11.512121,7572
2025-05-20 11:00:12.011968,7573
2025-05-20 11:00:12.512006,7574
2025-05-20 11:00:13.012006,7575
2025-05-20 11:00:13.512082,7576
2025-05-20 11:00:14.011945,7577
2025-05-20 11:00:14.511883,7578
2025-05-20 11:00:15.011111,7579
2025-05-20 11:00:15.511932,7580
2025-05-20 11:00:16.011935,7581
2025-05-20 11:00:16.511962,7582
2025-05-20 11:00:17.011936,7583
2025-05-20 11:00:17.511962,7584
2025-05-20 11:00:18.011926,7585
2025-05-20 11:00:18.511912,7586
2025-05-20 11:00:19.011968,7587
2025-05-20 11:00:19.512022,7588
2025-05-20 11:00:20.011215,7589
2025-05-20 11:00:20.512016,7590
2025-05-20 11:00:21.011873,7591
2025-05-20 11:00:21.512024,7592
2025-05-20 11:00:22.011994,7593
2025-05-20 11:00:22.511978,7594
2025-05-20 11:00:23.011995,7595
2025-05-20 11:00:23.511971,7596
2025-05-20 11:00:24.011881,7597
2025-05-20 11:00:24.511934,7598
2025-05-20 11:00:25.011199,7599
2025-05-20 11:00:25.511941,7600
2025-05-20 11:00:26.012025,7601
2025-05-20 11:00:26.511945,7602
2025-05-20 11:00:27.012007,7603
2025-05-20 11:00:27.511954,7604
2025-05-20 11:00:28.011961,7605
2025-05-20 11:00:28.511911,7606
2025-05-20 11:00:29.011952,7607
2025-05-20 11:00:29.511961,7608
2025-05-20 11:00:30.011235,7609
2025-05-20 11:00:30.511956,7610
2025-05-20 11:00:31.012010,7611
2025-05-20 11:00:31.511424,7612
2025-05-20 11:00:32.011962,7613
2025-05-20 11:00:32.511885,7614
2025-05-20 11:00:33.011946,7615
2025-05-20 11:00:33.511949,7616
2025-05-20 11:00:34.011967,7617
2025-05-20 11:00:34.511912,7618
2025-05-20 11:00:35.011198,7619
2025-05-20 11:00:35.511993,7620
2025-05-20 11:00:36.011987,7621
2025-05-20 11:00:36.511970,7622
2025-05-20 11:00:37.011889,7623
2025-05-20 11:00:37.511953,7624
2025-05-20 11:00:38.011977,7625
2025-05-20 11:00:38.511970,7626
2025-05-20 11:00:39.011844,7627
2025-05-20 11:00:39.511979,7628
2025-05-20 11:00:40.011131,7629
2025-05-20 11:00:40.511911,7630
2025-05-20 11:00:41.011821,7631
2025-05-20 11:00:41.511885,7632
2025-05-20 11:00:42.011907,7633
2025-05-20 11:00:42.511900,7634
2025-05-20 11:00:43.011870,7635
2025-05-20 11:00:43.511896,7636
2025-05-20 11:00:44.011909,7637
2025-05-20 11:00:44.511858,7638
2025-05-20 11:00:45.011196,7639
2025-05-20 11:00:45.511930,7640
2025-05-20 11:00:46.011929,7641
2025-05-20 11:00:46.512078,7642
2025-05-20 11:00:47.011929,7643
2025-05-20 11:00:47.511949,7644
2025-05-20 11:00:48.011958,7645
2025-05-20 11:00:48.511931,7646
2025-05-20 11:00:49.011950,7647
2025-05-20 11:00:49.511962,7648
2025-05-20 11:00:50.011151,7649
2025-05-20 11:00:50.512144,7650
2025-05-20 11:00:51.011929,7651
2025-05-20 11:00:51.511689,7652
2025-05-20 11:00:52.011997,7653
2025-05-20 11:00:52.512005,7654
2025-05-20 11:00:53.011925,7655
2025-05-20 11:00:53.511960,7656
2025-05-20 11:00:54.011982,7657
2025-05-20 11:00:54.511990,7658
2025-05-20 11:00:55.011141,7659
2025-05-20 11:00:55.511994,7660
2025-05-20 11:00:56.012003,7661
2025-05-20 11:00:56.511939,7662
2025-05-20 11:00:57.011989,7663
2025-05-20 11:00:57.511969,7664
2025-05-20 11:00:58.012004,7665
2025-05-20 11:00:58.511999,7666
2025-05-20 11:00:59.011938,7667
2025-05-20 11:00:59.512014,7668
2025-05-20 11:01:00.011043,7669
2025-05-20 11:01:00.512138,7670
2025-05-20 11:01:01.012109,7671
2025-05-20 11:01:01.512161,7672
2025-05-20 11:01:02.012144,7673
2025-05-20 11:01:02.512176,7674
2025-05-20 11:01:03.012151,7675
2025-05-20 11:01:03.511970,7676
2025-05-20 11:01:04.011969,7677
2025-05-20 11:01:04.512016,7678
2025-05-20 11:01:05.011202,7679
2025-05-20 11:01:05.511993,7680
2025-05-20 11:01:06.012020,7681
2025-05-20 11:01:06.512002,7682
2025-05-20 11:01:07.012000,7683
2025-05-20 11:01:07.511926,7684
2025-05-20 11:01:08.011921,7685
2025-05-20 11:01:08.511971,7686
2025-05-20 11:01:09.012007,7687
2025-05-20 11:01:09.511970,7688
2025-05-20 11:01:10.011149,7689
2025-05-20 11:01:10.511955,7690
2025-05-20 11:01:11.011969,7691
2025-05-20 11:01:11.511963,7692
2025-05-20 11:01:12.011179,7693
2025-05-20 11:01:12.511961,7694
2025-05-20 11:01:13.011931,7695
2025-05-20 11:01:13.511988,7696
2025-05-20 11:01:14.011938,7697
2025-05-20 11:01:14.511886,7698
2025-05-20 11:01:15.011177,7699
2025-05-20 11:01:15.511900,7700
2025-05-20 11:01:16.011606,7701
2025-05-20 11:01:16.511954,7702
2025-05-20 11:01:17.011930,7703
2025-05-20 11:01:17.511933,7704
2025-05-20 11:01:18.011953,7705
2025-05-20 11:01:18.511943,7706
2025-05-20 11:01:19.011920,7707
2025-05-20 11:01:19.511894,7708
2025-05-20 11:01:20.011135,7709
2025-05-20 11:01:20.511997,7710
2025-05-20 11:01:21.011908,7711
2025-05-20 11:01:21.511436,7712
2025-05-20 11:01:22.011944,7713
2025-05-20 11:01:22.511946,7714
2025-05-20 11:01:23.011947,7715
2025-05-20 11:01:23.511927,7716
2025-05-20 11:01:24.011913,7717
2025-05-20 11:01:24.511938,7718
2025-05-20 11:01:25.011174,7719
2025-05-20 11:01:25.512067,7720
2025-05-20 11:01:26.011943,7721
2025-05-20 11:01:26.511934,7722
2025-05-20 11:01:27.011941,7723
2025-05-20 11:01:27.511971,7724
2025-05-20 11:01:28.011669,7725
2025-05-20 11:01:28.511812,7726
2025-05-20 11:01:29.011917,7727
2025-05-20 11:01:29.511938,7728
2025-05-20 11:01:30.011371,7729
2025-05-20 11:01:30.512035,7730
2025-05-20 11:01:31.011992,7731
2025-05-20 11:01:31.511974,7732
2025-05-20 11:01:32.011921,7733
2025-05-20 11:01:32.512012,7734
2025-05-20 11:01:33.011908,7735
2025-05-20 11:01:33.511931,7736
2025-05-20 11:01:34.012006,7737
2025-05-20 11:01:34.512101,7738
2025-05-20 11:01:35.012077,7739
2025-05-20 11:01:35.511786,7740
2025-05-20 11:01:36.011993,7741
2025-05-20 11:01:36.512008,7742
2025-05-20 11:01:37.011928,7743
2025-05-20 11:01:37.511887,7744
2025-05-20 11:01:38.011882,7745
2025-05-20 11:01:38.511925,7746
2025-05-20 11:01:39.011986,7747
2025-05-20 11:01:39.511894,7748
2025-05-20 11:01:40.011359,7749
2025-05-20 11:01:40.511945,7750
2025-05-20 11:01:41.011859,7751
2025-05-20 11:01:41.511869,7752
2025-05-20 11:01:42.011833,7753
2025-05-20 11:01:42.511887,7754
2025-05-20 11:01:43.011942,7755
2025-05-20 11:01:43.511931,7756
2025-05-20 11:01:44.011847,7757
2025-05-20 11:01:44.512037,7758
2025-05-20 11:01:45.011892,7759
2025-05-20 11:01:45.511911,7760
2025-05-20 11:01:46.011972,7761
2025-05-20 11:01:46.511930,7762
2025-05-20 11:01:47.011885,7763
2025-05-20 11:01:47.511397,7764
2025-05-20 11:01:48.011969,7765
2025-05-20 11:01:48.512081,7766
2025-05-20 11:01:49.011960,7767
2025-05-20 11:01:49.512004,7768
2025-05-20 11:01:50.011245,7769
2025-05-20 11:01:50.511912,7770
2025-05-20 11:01:51.011971,7771
2025-05-20 11:01:51.511898,7772
2025-05-20 11:01:52.011928,7773
2025-05-20 11:01:52.511798,7774
2025-05-20 11:01:53.011981,7775
2025-05-20 11:01:53.512106,7776
2025-05-20 11:01:54.011134,7777
2025-05-20 11:01:54.512203,7778
2025-05-20 11:01:55.011216,7779
2025-05-20 11:01:55.511883,7780
2025-05-20 11:01:56.011980,7781
2025-05-20 11:01:56.512089,7782
2025-05-20 11:01:57.011899,7783
2025-05-20 11:01:57.511910,7784
2025-05-20 11:01:58.011942,7785
2025-05-20 11:01:58.511924,7786
2025-05-20 11:01:59.011914,7787
2025-05-20 11:01:59.511923,7788
2025-05-20 11:02:00.011188,7789
2025-05-20 11:02:00.511961,7790
2025-05-20 11:02:01.012014,7791
2025-05-20 11:02:01.511977,7792
2025-05-20 11:02:02.012013,7793
2025-05-20 11:02:02.511976,7794
2025-05-20 11:02:03.011913,7795
2025-05-20 11:02:03.512023,7796
2025-05-20 11:02:04.012016,7797
2025-05-20 11:02:04.511998,7798
2025-05-20 11:02:05.011206,7799
2025-05-20 11:02:05.511975,7800
2025-05-20 11:02:06.011997,7801
2025-05-20 11:02:06.512002,7802
2025-05-20 11:02:07.011936,7803
2025-05-20 11:02:07.511929,7804
2025-05-20 11:02:08.012000,7805
2025-05-20 11:02:08.511977,7806
2025-05-20 11:02:09.012028,7807
2025-05-20 11:02:09.511995,7808
2025-05-20 11:02:10.011159,7809
2025-05-20 11:02:10.512144,7810
2025-05-20 11:02:11.011953,7811
2025-05-20 11:02:11.511964,7812
2025-05-20 11:02:12.011975,7813
2025-05-20 11:02:12.511958,7814
2025-05-20 11:02:13.011966,7815
2025-05-20 11:02:13.511996,7816
2025-05-20 11:02:14.011963,7817
2025-05-20 11:02:14.511918,7818
2025-05-20 11:02:15.011160,7819
2025-05-20 11:02:15.512158,7820
2025-05-20 11:02:16.011971,7821
2025-05-20 11:02:16.512085,7822
2025-05-20 11:02:17.011978,7823
2025-05-20 11:02:17.512004,7824
2025-05-20 11:02:18.011922,7825
2025-05-20 11:02:18.512006,7826
2025-05-20 11:02:19.011915,7827
2025-05-20 11:02:19.511993,7828
2025-05-20 11:02:20.012007,7829
2025-05-20 11:02:20.512062,7830
2025-05-20 11:02:21.011980,7831
2025-05-20 11:02:21.511916,7832
2025-05-20 11:02:22.011985,7833
2025-05-20 11:02:22.511908,7834
2025-05-20 11:02:23.011966,7835
2025-05-20 11:02:23.511991,7836
2025-05-20 11:02:24.011994,7837
2025-05-20 11:02:24.511953,7838
2025-05-20 11:02:25.011418,7839
2025-05-20 11:02:25.512150,7840
2025-05-20 11:02:26.011981,7841
2025-05-20 11:02:26.512011,7842
2025-05-20 11:02:27.011972,7843
2025-05-20 11:02:27.512004,7844
2025-05-20 11:02:28.011630,7845
2025-05-20 11:02:28.511971,7846
2025-05-20 11:02:29.012000,7847
2025-05-20 11:02:29.511973,7848
2025-05-20 11:02:30.011223,7849
2025-05-20 11:02:30.512042,7850
2025-05-20 11:02:31.012032,7851
2025-05-20 11:02:31.512086,7852
2025-05-20 11:02:32.012071,7853
2025-05-20 11:02:32.512070,7854
2025-05-20 11:02:33.011994,7855
2025-05-20 11:02:33.512016,7856
2025-05-20 11:02:34.012039,7857
2025-05-20 11:02:34.511935,7858
2025-05-20 11:02:35.011949,7859
2025-05-20 11:02:35.512210,7860
2025-05-20 11:02:36.012020,7861
2025-05-20 11:02:36.512036,7862
2025-05-20 11:02:37.012024,7863
2025-05-20 11:02:37.512054,7864
2025-05-20 11:02:38.012020,7865
2025-05-20 11:02:38.512071,7866
2025-05-20 11:02:39.012009,7867
2025-05-20 11:02:39.512023,7868
2025-05-20 11:02:40.012032,7869
2025-05-20 11:02:40.512272,7870
2025-05-20 11:02:41.012029,7871
2025-05-20 11:02:41.512066,7872
2025-05-20 11:02:42.012085,7873
2025-05-20 11:02:42.512122,7874
2025-05-20 11:02:43.012053,7875
2025-05-20 11:02:43.512133,7876
2025-05-20 11:02:44.012080,7877
2025-05-20 11:02:44.512108,7878
2025-05-20 11:02:45.012006,7879
2025-05-20 11:02:45.512074,7880
2025-05-20 11:02:46.011950,7881
2025-05-20 11:02:46.511932,7882
2025-05-20 11:02:47.011910,7883
2025-05-20 11:02:47.511901,7884
2025-05-20 11:02:48.011914,7885
2025-05-20 11:02:48.512062,7886
2025-05-20 11:02:49.011944,7887
2025-05-20 11:02:49.511939,7888
2025-05-20 11:02:50.011884,7889
2025-05-20 11:02:50.512100,7890
2025-05-20 11:02:51.011969,7891
2025-05-20 11:02:51.512047,7892
2025-05-20 11:02:52.012037,7893
2025-05-20 11:02:52.511992,7894
2025-05-20 11:02:53.012051,7895
2025-05-20 11:02:53.512001,7896
2025-05-20 11:02:54.012056,7897
2025-05-20 11:02:54.511954,7898
2025-05-20 11:02:55.011172,7899
2025-05-20 11:02:55.512229,7900
2025-05-20 11:02:56.012043,7901
2025-05-20 11:02:56.512036,7902
2025-05-20 11:02:57.012074,7903
2025-05-20 11:02:57.511986,7904
2025-05-20 11:02:58.012096,7905
2025-05-20 11:02:58.512086,7906
2025-05-20 11:02:59.012052,7907
2025-05-20 11:02:59.512069,7908
2025-05-20 11:03:00.011155,7909
2025-05-20 11:03:00.512242,7910
2025-05-20 11:03:01.012039,7911
2025-05-20 11:03:01.512082,7912
2025-05-20 11:03:02.012058,7913
2025-05-20 11:03:02.512087,7914
2025-05-20 11:03:03.012045,7915
2025-05-20 11:03:03.512077,7916
2025-05-20 11:03:04.012083,7917
2025-05-20 11:03:04.511999,7918
2025-05-20 11:03:05.011171,7919
2025-05-20 11:03:05.511997,7920
2025-05-20 11:03:06.011917,7921
2025-05-20 11:03:06.511919,7922
2025-05-20 11:03:07.011937,7923
2025-05-20 11:03:07.511913,7924
2025-05-20 11:03:08.011915,7925
2025-05-20 11:03:08.511902,7926
2025-05-20 11:03:09.011888,7927
2025-05-20 11:03:09.511911,7928
2025-05-20 11:03:10.011195,7929
2025-05-20 11:03:10.512155,7930
2025-05-20 11:03:11.011952,7931
2025-05-20 11:03:11.512152,7932
2025-05-20 11:03:12.012105,7933
2025-05-20 11:03:12.511990,7934
2025-05-20 11:03:13.011976,7935
2025-05-20 11:03:13.511984,7936
2025-05-20 11:03:14.011967,7937
2025-05-20 11:03:14.511956,7938
2025-05-20 11:03:15.011212,7939
2025-05-20 11:03:15.512140,7940
2025-05-20 11:03:16.011564,7941
2025-05-20 11:03:16.511965,7942
2025-05-20 11:03:17.011948,7943
2025-05-20 11:03:17.511914,7944
2025-05-20 11:03:18.012019,7945
2025-05-20 11:03:18.512053,7946
2025-05-20 11:03:19.012018,7947
2025-05-20 11:03:19.512055,7948
2025-05-20 11:03:20.011229,7949
2025-05-20 11:03:20.511966,7950
2025-05-20 11:03:21.011939,7951
2025-05-20 11:03:21.511968,7952
2025-05-20 11:03:22.011980,7953
2025-05-20 11:03:22.511895,7954
2025-05-20 11:03:23.011922,7955
2025-05-20 11:03:23.511903,7956
2025-05-20 11:03:24.011937,7957
2025-05-20 11:03:24.511862,7958
2025-05-20 11:03:25.011156,7959
2025-05-20 11:03:25.512061,7960
2025-05-20 11:03:26.011905,7961
2025-05-20 11:03:26.511905,7962
2025-05-20 11:03:27.011915,7963
2025-05-20 11:03:27.511913,7964
2025-05-20 11:03:28.011499,7965
2025-05-20 11:03:28.511969,7966
2025-05-20 11:03:29.011911,7967
2025-05-20 11:03:29.511932,7968
2025-05-20 11:03:30.011129,7969
2025-05-20 11:03:30.511900,7970
2025-05-20 11:03:31.011915,7971
2025-05-20 11:03:31.511929,7972
2025-05-20 11:03:32.011921,7973
2025-05-20 11:03:32.511846,7974
2025-05-20 11:03:33.011918,7975
2025-05-20 11:03:33.511924,7976
2025-05-20 11:03:34.011896,7977
2025-05-20 11:03:34.511923,7978
2025-05-20 11:03:35.011138,7979
2025-05-20 11:03:35.511999,7980
2025-05-20 11:03:36.011888,7981
2025-05-20 11:03:36.511942,7982
2025-05-20 11:03:37.011978,7983
2025-05-20 11:03:37.512126,7984
2025-05-20 11:03:38.012117,7985
2025-05-20 11:03:38.512104,7986
2025-05-20 11:03:39.011971,7987
2025-05-20 11:03:39.512002,7988
2025-05-20 11:03:40.011165,7989
2025-05-20 11:03:40.512142,7990
2025-05-20 11:03:41.011741,7991
2025-05-20 11:03:41.511978,7992
2025-05-20 11:03:42.011985,7993
2025-05-20 11:03:42.511891,7994
2025-05-20 11:03:43.011959,7995
2025-05-20 11:03:43.511983,7996
2025-05-20 11:03:44.011976,7997
2025-05-20 11:03:44.511971,7998
2025-05-20 11:03:45.011269,7999
2025-05-20 11:03:45.511882,8000
2025-05-20 11:03:46.012004,8001
2025-05-20 11:03:46.511992,8002
2025-05-20 11:03:47.011973,8003
2025-05-20 11:03:47.511935,8004
2025-05-20 11:03:48.011997,8005
2025-05-20 11:03:48.511970,8006
2025-05-20 11:03:49.011968,8007
2025-05-20 11:03:49.511971,8008
2025-05-20 11:03:50.011263,8009
2025-05-20 11:03:50.512152,8010
2025-05-20 11:03:51.011966,8011
2025-05-20 11:03:51.511993,8012
2025-05-20 11:03:52.012015,8013
2025-05-20 11:03:52.511976,8014
2025-05-20 11:03:53.011970,8015
2025-05-20 11:03:53.511988,8016
2025-05-20 11:03:54.011997,8017
2025-05-20 11:03:54.511986,8018
2025-05-20 11:03:55.011383,8019
2025-05-20 11:03:55.512124,8020
2025-05-20 11:03:56.011994,8021
2025-05-20 11:03:56.511965,8022
2025-05-20 11:03:57.012104,8023
2025-05-20 11:03:57.511954,8024
2025-05-20 11:03:58.011992,8025
2025-05-20 11:03:58.512052,8026
2025-05-20 11:03:59.012109,8027
2025-05-20 11:03:59.512035,8028
2025-05-20 11:04:00.011077,8029
2025-05-20 11:04:00.512133,8030
2025-05-20 11:04:01.011981,8031
2025-05-20 11:04:01.511947,8032
2025-05-20 11:04:02.012021,8033
2025-05-20 11:04:02.512008,8034
2025-05-20 11:04:03.011915,8035
2025-05-20 11:04:03.511971,8036
2025-05-20 11:04:04.011972,8037
2025-05-20 11:04:04.511940,8038
2025-05-20 11:04:05.011351,8039
2025-05-20 11:04:05.511986,8040
2025-05-20 11:04:06.011964,8041
2025-05-20 11:04:06.511928,8042
2025-05-20 11:04:07.011952,8043
2025-05-20 11:04:07.511979,8044
2025-05-20 11:04:08.011973,8045
2025-05-20 11:04:08.511985,8046
2025-05-20 11:04:09.011963,8047
2025-05-20 11:04:09.511975,8048
2025-05-20 11:04:10.011118,8049
2025-05-20 11:04:10.512130,8050
2025-05-20 11:04:11.012116,8051
2025-05-20 11:04:11.511931,8052
2025-05-20 11:04:12.011897,8053
2025-05-20 11:04:12.511912,8054
2025-05-20 11:04:13.011914,8055
2025-05-20 11:04:13.511903,8056
2025-05-20 11:04:14.011928,8057
2025-05-20 11:04:14.511933,8058
2025-05-20 11:04:15.011174,8059
2025-05-20 11:04:15.511921,8060
2025-05-20 11:04:16.011652,8061
2025-05-20 11:04:16.511902,8062
2025-05-20 11:04:17.011915,8063
2025-05-20 11:04:17.511941,8064
2025-05-20 11:04:18.011915,8065
2025-05-20 11:04:18.511915,8066
2025-05-20 11:04:19.011914,8067
2025-05-20 11:04:19.511909,8068
2025-05-20 11:04:20.011192,8069
2025-05-20 11:04:20.511908,8070
2025-05-20 11:04:21.012005,8071
2025-05-20 11:04:21.511917,8072
2025-05-20 11:04:22.011859,8073
2025-05-20 11:04:22.511907,8074
2025-05-20 11:04:23.011893,8075
2025-05-20 11:04:23.511926,8076
2025-05-20 11:04:24.011920,8077
2025-05-20 11:04:24.511927,8078
2025-05-20 11:04:25.011150,8079
2025-05-20 11:04:25.512057,8080
2025-05-20 11:04:26.011908,8081
2025-05-20 11:04:26.512000,8082
2025-05-20 11:04:27.012064,8083
2025-05-20 11:04:27.511961,8084
2025-05-20 11:04:28.011866,8085
2025-05-20 11:04:28.511999,8086
2025-05-20 11:04:29.012001,8087
2025-05-20 11:04:29.511982,8088
2025-05-20 11:04:30.011214,8089
2025-05-20 11:04:30.512102,8090
2025-05-20 11:04:31.011929,8091
2025-05-20 11:04:31.511970,8092
2025-05-20 11:04:32.012022,8093
2025-05-20 11:04:32.512015,8094
2025-05-20 11:04:33.012019,8095
2025-05-20 11:04:33.511998,8096
2025-05-20 11:04:34.011947,8097
2025-05-20 11:04:34.511947,8098
2025-05-20 11:04:35.011408,8099
2025-05-20 11:04:35.511995,8100
2025-05-20 11:04:36.011967,8101
2025-05-20 11:04:36.511918,8102
2025-05-20 11:04:37.011956,8103
2025-05-20 11:04:37.511954,8104
2025-05-20 11:04:38.011942,8105
2025-05-20 11:04:38.511944,8106
2025-05-20 11:04:39.011960,8107
2025-05-20 11:04:39.511929,8108
2025-05-20 11:04:40.011180,8109
2025-05-20 11:04:40.512138,8110
2025-05-20 11:04:41.011917,8111
2025-05-20 11:04:41.511986,8112
2025-05-20 11:04:42.012012,8113
2025-05-20 11:04:42.511979,8114
2025-05-20 11:04:43.011990,8115
2025-05-20 11:04:43.511995,8116
2025-05-20 11:04:44.011980,8117
2025-05-20 11:04:44.511981,8118
2025-05-20 11:04:45.011215,8119
2025-05-20 11:04:45.511982,8120
2025-05-20 11:04:46.011857,8121
2025-05-20 11:04:46.511915,8122
2025-05-20 11:04:47.011866,8123
2025-05-20 11:04:47.511975,8124
2025-05-20 11:04:48.011999,8125
2025-05-20 11:04:48.512005,8126
2025-05-20 11:04:49.012009,8127
2025-05-20 11:04:49.511994,8128
2025-05-20 11:04:50.011224,8129
2025-05-20 11:04:50.511971,8130
2025-05-20 11:04:51.011994,8131
2025-05-20 11:04:51.512000,8132
2025-05-20 11:04:52.011474,8133
2025-05-20 11:04:52.511923,8134
2025-05-20 11:04:53.011817,8135
2025-05-20 11:04:53.511984,8136
2025-05-20 11:04:54.011931,8137
2025-05-20 11:04:54.512005,8138
2025-05-20 11:04:55.011220,8139
2025-05-20 11:04:55.512146,8140
2025-05-20 11:04:56.012085,8141
2025-05-20 11:04:56.511842,8142
2025-05-20 11:04:57.011991,8143
2025-05-20 11:04:57.511980,8144
2025-05-20 11:04:58.011999,8145
2025-05-20 11:04:58.511980,8146
2025-05-20 11:04:59.012003,8147
2025-05-20 11:04:59.512022,8148
2025-05-20 11:05:00.011178,8149
2025-05-20 11:05:00.511922,8150
2025-05-20 11:05:01.012025,8151
2025-05-20 11:05:01.512013,8152
2025-05-20 11:05:02.011983,8153
2025-05-20 11:05:02.512036,8154
2025-05-20 11:05:03.011979,8155
2025-05-20 11:05:03.512037,8156
2025-05-20 11:05:04.011971,8157
2025-05-20 11:05:04.512016,8158
2025-05-20 11:05:05.011293,8159
2025-05-20 11:05:05.512166,8160
2025-05-20 11:05:06.011970,8161
2025-05-20 11:05:06.511990,8162
2025-05-20 11:05:07.011996,8163
2025-05-20 11:05:07.511867,8164
2025-05-20 11:05:08.011953,8165
2025-05-20 11:05:08.511902,8166
2025-05-20 11:05:09.011894,8167
2025-05-20 11:05:09.511923,8168
2025-05-20 11:05:10.011146,8169
2025-05-20 11:05:10.511951,8170
2025-05-20 11:05:11.011876,8171
2025-05-20 11:05:11.511897,8172
2025-05-20 11:05:12.011900,8173
2025-05-20 11:05:12.511878,8174
2025-05-20 11:05:13.011988,8175
2025-05-20 11:05:13.511970,8176
2025-05-20 11:05:14.011954,8177
2025-05-20 11:05:14.511985,8178
2025-05-20 11:05:15.011235,8179
2025-05-20 11:05:15.511898,8180
2025-05-20 11:05:16.011759,8181
2025-05-20 11:05:16.511907,8182
2025-05-20 11:05:17.011889,8183
2025-05-20 11:05:17.511799,8184
2025-05-20 11:05:18.011892,8185
2025-05-20 11:05:18.511895,8186
2025-05-20 11:05:19.011868,8187
2025-05-20 11:05:19.511852,8188
2025-05-20 11:05:20.011165,8189
2025-05-20 11:05:20.512086,8190
2025-05-20 11:05:21.011889,8191
2025-05-20 11:05:21.511875,8192
2025-05-20 11:05:22.011895,8193
2025-05-20 11:05:22.511797,8194
2025-05-20 11:05:23.011814,8195
2025-05-20 11:05:23.511914,8196
2025-05-20 11:05:24.011984,8197
2025-05-20 11:05:24.511954,8198
2025-05-20 11:05:25.011286,8199
2025-05-20 11:05:25.511933,8200
2025-05-20 11:05:26.012118,8201
2025-05-20 11:05:26.511916,8202
2025-05-20 11:05:27.011972,8203
2025-05-20 11:05:27.512019,8204
2025-05-20 11:05:28.011690,8205
2025-05-20 11:05:28.511926,8206
2025-05-20 11:05:29.011875,8207
2025-05-20 11:05:29.511938,8208
2025-05-20 11:05:30.011170,8209
2025-05-20 11:05:30.512057,8210
2025-05-20 11:05:31.011848,8211
2025-05-20 11:05:31.511937,8212
2025-05-20 11:05:32.011905,8213
2025-05-20 11:05:32.512103,8214
2025-05-20 11:05:33.012004,8215
2025-05-20 11:05:33.512039,8216
2025-05-20 11:05:34.011991,8217
2025-05-20 11:05:34.512007,8218
2025-05-20 11:05:35.011215,8219
2025-05-20 11:05:35.512123,8220
2025-05-20 11:05:36.011971,8221
2025-05-20 11:05:36.511991,8222
2025-05-20 11:05:37.011918,8223
2025-05-20 11:05:37.511914,8224
2025-05-20 11:05:38.011953,8225
2025-05-20 11:05:38.511894,8226
2025-05-20 11:05:39.011949,8227
2025-05-20 11:05:39.511991,8228
2025-05-20 11:05:40.011281,8229
2025-05-20 11:05:40.512124,8230
2025-05-20 11:05:41.012006,8231
2025-05-20 11:05:41.511839,8232
2025-05-20 11:05:42.012110,8233
2025-05-20 11:05:42.511946,8234
2025-05-20 11:05:43.011977,8235
2025-05-20 11:05:43.511883,8236
2025-05-20 11:05:44.011974,8237
2025-05-20 11:05:44.511972,8238
2025-05-20 11:05:45.011304,8239
2025-05-20 11:05:45.512084,8240
2025-05-20 11:05:46.011882,8241
2025-05-20 11:05:46.511887,8242
2025-05-20 11:05:47.011973,8243
2025-05-20 11:05:47.511982,8244
2025-05-20 11:05:48.012013,8245
2025-05-20 11:05:48.511929,8246
2025-05-20 11:05:49.011971,8247
2025-05-20 11:05:49.511969,8248
2025-05-20 11:05:50.011263,8249
2025-05-20 11:05:50.511969,8250
2025-05-20 11:05:51.012052,8251
2025-05-20 11:05:51.511995,8252
2025-05-20 11:05:52.011988,8253
2025-05-20 11:05:52.511984,8254
2025-05-20 11:05:53.011993,8255
2025-05-20 11:05:53.511980,8256
2025-05-20 11:05:54.011927,8257
2025-05-20 11:05:54.511975,8258
2025-05-20 11:05:55.011266,8259
2025-05-20 11:05:55.512131,8260
2025-05-20 11:05:56.011990,8261
2025-05-20 11:05:56.511936,8262
2025-05-20 11:05:57.012006,8263
2025-05-20 11:05:57.511981,8264
2025-05-20 11:05:58.011970,8265
2025-05-20 11:05:58.512005,8266
2025-05-20 11:05:59.011967,8267
2025-05-20 11:05:59.511962,8268
2025-05-20 11:06:00.011403,8269
2025-05-20 11:06:00.511804,8270
2025-05-20 11:06:01.012130,8271
2025-05-20 11:06:01.512172,8272
2025-05-20 11:06:02.011974,8273
2025-05-20 11:06:02.511987,8274
2025-05-20 11:06:03.011937,8275
2025-05-20 11:06:03.511982,8276
2025-05-20 11:06:04.011999,8277
2025-05-20 11:06:04.511932,8278
2025-05-20 11:06:05.011307,8279
2025-05-20 11:06:05.511874,8280
2025-05-20 11:06:06.011995,8281
2025-05-20 11:06:06.511983,8282
2025-05-20 11:06:07.011965,8283
2025-05-20 11:06:07.511930,8284
2025-05-20 11:06:08.011958,8285
2025-05-20 11:06:08.511984,8286
2025-05-20 11:06:09.012046,8287
2025-05-20 11:06:09.511991,8288
2025-05-20 11:06:10.011134,8289
2025-05-20 11:06:10.512156,8290
2025-05-20 11:06:11.012173,8291
2025-05-20 11:06:11.512141,8292
2025-05-20 11:06:12.012105,8293
2025-05-20 11:06:12.511997,8294
2025-05-20 11:06:13.011970,8295
2025-05-20 11:06:13.512025,8296
2025-05-20 11:06:14.012028,8297
2025-05-20 11:06:14.512042,8298
2025-05-20 11:06:15.011744,8299
2025-05-20 11:06:15.511954,8300
2025-05-20 11:06:16.011770,8301
2025-05-20 11:06:16.511974,8302
2025-05-20 11:06:17.012007,8303
2025-05-20 11:06:17.511986,8304
2025-05-20 11:06:18.011979,8305
2025-05-20 11:06:18.511966,8306
2025-05-20 11:06:19.011932,8307
2025-05-20 11:06:19.511962,8308
2025-05-20 11:06:20.012024,8309
2025-05-20 11:06:20.511981,8310
2025-05-20 11:06:21.011933,8311
2025-05-20 11:06:21.511958,8312
2025-05-20 11:06:22.011941,8313
2025-05-20 11:06:22.511947,8314
2025-05-20 11:06:23.011943,8315
2025-05-20 11:06:23.511958,8316
2025-05-20 11:06:24.012000,8317
2025-05-20 11:06:24.511990,8318
2025-05-20 11:06:25.012005,8319
2025-05-20 11:06:25.512122,8320
2025-05-20 11:06:26.011975,8321
2025-05-20 11:06:26.511993,8322
2025-05-20 11:06:27.011994,8323
2025-05-20 11:06:27.511990,8324
2025-05-20 11:06:28.011616,8325
2025-05-20 11:06:28.511980,8326
2025-05-20 11:06:29.011959,8327
2025-05-20 11:06:29.512009,8328
2025-05-20 11:06:30.011752,8329
2025-05-20 11:06:30.512156,8330
2025-05-20 11:06:31.012116,8331
2025-05-20 11:06:31.511831,8332
2025-05-20 11:06:32.012229,8333
2025-05-20 11:06:32.511990,8334
2025-05-20 11:06:33.011991,8335
2025-05-20 11:06:33.511999,8336
2025-05-20 11:06:34.011929,8337
2025-05-20 11:06:34.511988,8338
2025-05-20 11:06:35.011610,8339
2025-05-20 11:06:35.512142,8340
2025-05-20 11:06:36.011975,8341
2025-05-20 11:06:36.511968,8342
2025-05-20 11:06:37.011904,8343
2025-05-20 11:06:37.511960,8344
2025-05-20 11:06:38.011929,8345
2025-05-20 11:06:38.511957,8346
2025-05-20 11:06:39.011951,8347
2025-05-20 11:06:39.511931,8348
2025-05-20 11:06:40.011355,8349
2025-05-20 11:06:40.511910,8350
2025-05-20 11:06:41.011935,8351
2025-05-20 11:06:41.511952,8352
2025-05-20 11:06:42.012014,8353
2025-05-20 11:06:42.511968,8354
2025-05-20 11:06:43.011981,8355
2025-05-20 11:06:43.511988,8356
2025-05-20 11:06:44.011992,8357
2025-05-20 11:06:44.511979,8358
2025-05-20 11:06:45.011793,8359
2025-05-20 11:06:45.512016,8360
2025-05-20 11:06:46.011992,8361
2025-05-20 11:06:46.511996,8362
2025-05-20 11:06:47.012014,8363
2025-05-20 11:06:47.511997,8364
2025-05-20 11:06:48.011998,8365
2025-05-20 11:06:48.512001,8366
2025-05-20 11:06:49.012003,8367
2025-05-20 11:06:49.511980,8368
2025-05-20 11:06:50.011981,8369
2025-05-20 11:06:50.512009,8370
2025-05-20 11:06:51.011995,8371
2025-05-20 11:06:51.511946,8372
2025-05-20 11:06:52.011910,8373
2025-05-20 11:06:52.511967,8374
2025-05-20 11:06:53.011418,8375
2025-05-20 11:06:53.511938,8376
2025-05-20 11:06:54.011964,8377
2025-05-20 11:06:54.511890,8378
2025-05-20 11:06:55.011795,8379
2025-05-20 11:06:55.511993,8380
2025-05-20 11:06:56.011996,8381
2025-05-20 11:06:56.512012,8382
2025-05-20 11:06:57.011981,8383
2025-05-20 11:06:57.511986,8384
2025-05-20 11:06:58.011973,8385
2025-05-20 11:06:58.511882,8386
2025-05-20 11:06:59.011997,8387
2025-05-20 11:06:59.511884,8388
2025-05-20 11:07:00.011547,8389
2025-05-20 11:07:00.512118,8390
2025-05-20 11:07:01.011887,8391
2025-05-20 11:07:01.512009,8392
2025-05-20 11:07:02.011986,8393
2025-05-20 11:07:02.511989,8394
2025-05-20 11:07:03.012001,8395
2025-05-20 11:07:03.511980,8396
2025-05-20 11:07:04.012015,8397
2025-05-20 11:07:04.511986,8398
2025-05-20 11:07:05.011291,8399
2025-05-20 11:07:05.512110,8400
2025-05-20 11:07:06.011941,8401
2025-05-20 11:07:06.511922,8402
2025-05-20 11:07:07.011991,8403
2025-05-20 11:07:07.511928,8404
2025-05-20 11:07:08.011938,8405
2025-05-20 11:07:08.511917,8406
2025-05-20 11:07:09.011953,8407
2025-05-20 11:07:09.511936,8408
2025-05-20 11:07:10.011282,8409
2025-05-20 11:07:10.511914,8410
2025-05-20 11:07:11.011868,8411
2025-05-20 11:07:11.511966,8412
2025-05-20 11:07:12.011919,8413
2025-05-20 11:07:12.511954,8414
2025-05-20 11:07:13.011908,8415
2025-05-20 11:07:13.511967,8416
2025-05-20 11:07:14.011955,8417
2025-05-20 11:07:14.511867,8418
2025-05-20 11:07:15.011588,8419
2025-05-20 11:07:15.511951,8420
2025-05-20 11:07:16.011750,8421
2025-05-20 11:07:16.511921,8422
2025-05-20 11:07:17.011957,8423
2025-05-20 11:07:17.511956,8424
2025-05-20 11:07:18.011967,8425
2025-05-20 11:07:18.511930,8426
2025-05-20 11:07:19.011988,8427
2025-05-20 11:07:19.511967,8428
2025-05-20 11:07:20.011458,8429
2025-05-20 11:07:20.512168,8430
2025-05-20 11:07:21.011998,8431
2025-05-20 11:07:21.511905,8432
2025-05-20 11:07:22.011998,8433
2025-05-20 11:07:22.511964,8434
2025-05-20 11:07:23.011963,8435
2025-05-20 11:07:23.512007,8436
2025-05-20 11:07:24.011994,8437
2025-05-20 11:07:24.511924,8438
2025-05-20 11:07:25.011521,8439
2025-05-20 11:07:25.512082,8440
2025-05-20 11:07:26.011932,8441
2025-05-20 11:07:26.511954,8442
2025-05-20 11:07:27.011923,8443
2025-05-20 11:07:27.511937,8444
2025-05-20 11:07:28.011718,8445
2025-05-20 11:07:28.511942,8446
2025-05-20 11:07:29.011951,8447
2025-05-20 11:07:29.511969,8448
2025-05-20 11:07:30.011401,8449
2025-05-20 11:07:30.511917,8450
2025-05-20 11:07:31.011948,8451
2025-05-20 11:07:31.511209,8452
2025-05-20 11:07:32.011951,8453
2025-05-20 11:07:32.512088,8454
2025-05-20 11:07:33.011953,8455
2025-05-20 11:07:33.512000,8456
2025-05-20 11:07:34.011958,8457
2025-05-20 11:07:34.511935,8458
2025-05-20 11:07:35.011602,8459
2025-05-20 11:07:35.512121,8460
2025-05-20 11:07:36.011980,8461
2025-05-20 11:07:36.511962,8462
2025-05-20 11:07:37.011914,8463
2025-05-20 11:07:37.511902,8464
2025-05-20 11:07:38.011913,8465
2025-05-20 11:07:38.511902,8466
2025-05-20 11:07:39.011910,8467
2025-05-20 11:07:39.511907,8468
2025-05-20 11:07:40.011445,8469
2025-05-20 11:07:40.512116,8470
2025-05-20 11:07:41.011929,8471
2025-05-20 11:07:41.511969,8472
2025-05-20 11:07:42.011911,8473
2025-05-20 11:07:42.511853,8474
2025-05-20 11:07:43.011939,8475
2025-05-20 11:07:43.511906,8476
2025-05-20 11:07:44.011903,8477
2025-05-20 11:07:44.511902,8478
2025-05-20 11:07:45.011282,8479
2025-05-20 11:07:45.511984,8480
2025-05-20 11:07:46.011940,8481
2025-05-20 11:07:46.511887,8482
2025-05-20 11:07:47.011939,8483
2025-05-20 11:07:47.511984,8484
2025-05-20 11:07:48.011955,8485
2025-05-20 11:07:48.511955,8486
2025-05-20 11:07:49.011912,8487
2025-05-20 11:07:49.511960,8488
2025-05-20 11:07:50.011604,8489
2025-05-20 11:07:50.512007,8490
2025-05-20 11:07:51.011930,8491
2025-05-20 11:07:51.511918,8492
2025-05-20 11:07:52.011955,8493
2025-05-20 11:07:52.511917,8494
2025-05-20 11:07:53.011945,8495
2025-05-20 11:07:53.511855,8496
2025-05-20 11:07:54.011953,8497
2025-05-20 11:07:54.511865,8498
2025-05-20 11:07:55.011614,8499
2025-05-20 11:07:55.512001,8500
2025-05-20 11:07:56.012033,8501
2025-05-20 11:07:56.512001,8502
2025-05-20 11:07:57.011977,8503
2025-05-20 11:07:57.511982,8504
2025-05-20 11:07:58.011939,8505
2025-05-20 11:07:58.512029,8506
2025-05-20 11:07:59.011992,8507
2025-05-20 11:07:59.511981,8508
2025-05-20 11:08:00.011546,8509
2025-05-20 11:08:00.512022,8510
2025-05-20 11:08:01.012015,8511
2025-05-20 11:08:01.511936,8512
2025-05-20 11:08:02.012001,8513
2025-05-20 11:08:02.512024,8514
2025-05-20 11:08:03.011954,8515
2025-05-20 11:08:03.511942,8516
2025-05-20 11:08:04.011929,8517
2025-05-20 11:08:04.511805,8518
2025-05-20 11:08:05.011267,8519
2025-05-20 11:08:05.511917,8520
2025-05-20 11:08:06.011836,8521
2025-05-20 11:08:06.511758,8522
2025-05-20 11:08:07.011944,8523
2025-05-20 11:08:07.511888,8524
2025-05-20 11:08:08.011906,8525
2025-05-20 11:08:08.511944,8526
2025-05-20 11:08:09.012016,8527
2025-05-20 11:08:09.512026,8528
2025-05-20 11:08:10.011210,8529
2025-05-20 11:08:10.511975,8530
2025-05-20 11:08:11.012001,8531
2025-05-20 11:08:11.511875,8532
2025-05-20 11:08:12.011947,8533
2025-05-20 11:08:12.511946,8534
2025-05-20 11:08:13.011980,8535
2025-05-20 11:08:13.511965,8536
2025-05-20 11:08:14.012024,8537
2025-05-20 11:08:14.511990,8538
2025-05-20 11:08:15.011322,8539
2025-05-20 11:08:15.512010,8540
2025-05-20 11:08:16.011764,8541
2025-05-20 11:08:16.511974,8542
2025-05-20 11:08:17.011975,8543
2025-05-20 11:08:17.511991,8544
2025-05-20 11:08:18.011837,8545
2025-05-20 11:08:18.511948,8546
2025-05-20 11:08:19.012128,8547
2025-05-20 11:08:19.512002,8548
2025-05-20 11:08:20.011328,8549
2025-05-20 11:08:20.512296,8550
2025-05-20 11:08:21.012002,8551
2025-05-20 11:08:21.511994,8552
2025-05-20 11:08:22.011984,8553
2025-05-20 11:08:22.512106,8554
2025-05-20 11:08:23.011820,8555
2025-05-20 11:08:23.512144,8556
2025-05-20 11:08:24.011987,8557
2025-05-20 11:08:24.512016,8558
2025-05-20 11:08:25.011314,8559
2025-05-20 11:08:25.512138,8560
2025-05-20 11:08:26.012010,8561
2025-05-20 11:08:26.512001,8562
2025-05-20 11:08:27.011993,8563
2025-05-20 11:08:27.512015,8564
2025-05-20 11:08:28.012132,8565
2025-05-20 11:08:28.512041,8566
2025-05-20 11:08:29.012038,8567
2025-05-20 11:08:29.511904,8568
2025-05-20 11:08:30.011471,8569
2025-05-20 11:08:30.512031,8570
2025-05-20 11:08:31.012025,8571
2025-05-20 11:08:31.512154,8572
2025-05-20 11:08:32.011978,8573
2025-05-20 11:08:32.512048,8574
2025-05-20 11:08:33.012042,8575
2025-05-20 11:08:33.512022,8576
2025-05-20 11:08:34.012006,8577
2025-05-20 11:08:34.511989,8578
2025-05-20 11:08:35.011296,8579
2025-05-20 11:08:35.512164,8580
2025-05-20 11:08:36.012107,8581
2025-05-20 11:08:36.512016,8582
2025-05-20 11:08:37.012036,8583
2025-05-20 11:08:37.511939,8584
2025-05-20 11:08:38.011981,8585
2025-05-20 11:08:38.512112,8586
2025-05-20 11:08:39.011983,8587
2025-05-20 11:08:39.512029,8588
2025-05-20 11:08:40.011411,8589
2025-05-20 11:08:40.512154,8590
2025-05-20 11:08:41.011977,8591
2025-05-20 11:08:41.512025,8592
2025-05-20 11:08:42.012009,8593
2025-05-20 11:08:42.512121,8594
2025-05-20 11:08:43.011970,8595
2025-05-20 11:08:43.511921,8596
2025-05-20 11:08:44.012004,8597
2025-05-20 11:08:44.512004,8598
2025-05-20 11:08:45.011273,8599
2025-05-20 11:08:45.511992,8600
2025-05-20 11:08:46.012092,8601
2025-05-20 11:08:46.511998,8602
2025-05-20 11:08:47.012012,8603
2025-05-20 11:08:47.511973,8604
2025-05-20 11:08:48.011972,8605
2025-05-20 11:08:48.511990,8606
2025-05-20 11:08:49.011983,8607
2025-05-20 11:08:49.512004,8608
2025-05-20 11:08:50.011257,8609
2025-05-20 11:08:50.512035,8610
2025-05-20 11:08:51.012122,8611
2025-05-20 11:08:51.511981,8612
2025-05-20 11:08:52.011946,8613
2025-05-20 11:08:52.511950,8614
2025-05-20 11:08:53.011954,8615
2025-05-20 11:08:53.511993,8616
2025-05-20 11:08:54.011941,8617
2025-05-20 11:08:54.511914,8618
2025-05-20 11:08:55.011299,8619
2025-05-20 11:08:55.511959,8620
2025-05-20 11:08:56.011934,8621
2025-05-20 11:08:56.511902,8622
2025-05-20 11:08:57.011947,8623
2025-05-20 11:08:57.511947,8624
2025-05-20 11:08:58.011933,8625
2025-05-20 11:08:58.511971,8626
2025-05-20 11:08:59.011921,8627
2025-05-20 11:08:59.511932,8628
2025-05-20 11:09:00.011292,8629
2025-05-20 11:09:00.512068,8630
2025-05-20 11:09:01.012013,8631
2025-05-20 11:09:01.512009,8632
2025-05-20 11:09:02.012000,8633
2025-05-20 11:09:02.511995,8634
2025-05-20 11:09:03.011985,8635
2025-05-20 11:09:03.511960,8636
2025-05-20 11:09:04.012109,8637
2025-05-20 11:09:04.511985,8638
2025-05-20 11:09:05.011215,8639
2025-05-20 11:09:05.511959,8640
2025-05-20 11:09:06.012018,8641
2025-05-20 11:09:06.511999,8642
2025-05-20 11:09:07.012002,8643
2025-05-20 11:09:07.511973,8644
2025-05-20 11:09:08.012012,8645
2025-05-20 11:09:08.512005,8646
2025-05-20 11:09:09.011979,8647
2025-05-20 11:09:09.512000,8648
2025-05-20 11:09:10.011332,8649
2025-05-20 11:09:10.512060,8650
2025-05-20 11:09:11.011959,8651
2025-05-20 11:09:11.511984,8652
2025-05-20 11:09:12.011990,8653
2025-05-20 11:09:12.511969,8654
2025-05-20 11:09:13.011994,8655
2025-05-20 11:09:13.511982,8656
2025-05-20 11:09:14.011951,8657
2025-05-20 11:09:14.511933,8658
2025-05-20 11:09:15.011628,8659
2025-05-20 11:09:15.512125,8660
2025-05-20 11:09:16.011575,8661
2025-05-20 11:09:16.511947,8662
2025-05-20 11:09:17.011920,8663
2025-05-20 11:09:17.511909,8664
2025-05-20 11:09:18.011951,8665
2025-05-20 11:09:18.511983,8666
2025-05-20 11:09:19.011962,8667
2025-05-20 11:09:19.511887,8668
2025-05-20 11:09:20.011995,8669
2025-05-20 11:09:20.512262,8670
2025-05-20 11:09:21.012055,8671
2025-05-20 11:09:21.511954,8672
2025-05-20 11:09:22.011898,8673
2025-05-20 11:09:22.511955,8674
2025-05-20 11:09:23.011938,8675
2025-05-20 11:09:23.511971,8676
2025-05-20 11:09:24.011966,8677
2025-05-20 11:09:24.511999,8678
2025-05-20 11:09:25.011365,8679
2025-05-20 11:09:25.512145,8680
2025-05-20 11:09:26.011989,8681
2025-05-20 11:09:26.511883,8682
2025-05-20 11:09:27.011955,8683
2025-05-20 11:09:27.511941,8684
2025-05-20 11:09:28.011678,8685
2025-05-20 11:09:28.511893,8686
2025-05-20 11:09:29.011853,8687
2025-05-20 11:09:29.511836,8688
2025-05-20 11:09:30.011828,8689
2025-05-20 11:09:30.512127,8690
2025-05-20 11:09:31.011906,8691
2025-05-20 11:09:31.511986,8692
2025-05-20 11:09:32.011974,8693
2025-05-20 11:09:32.511946,8694
2025-05-20 11:09:33.011892,8695
2025-05-20 11:09:33.511935,8696
2025-05-20 11:09:34.011959,8697
2025-05-20 11:09:34.511962,8698
2025-05-20 11:09:35.011280,8699
2025-05-20 11:09:35.512081,8700
2025-05-20 11:09:36.012000,8701
2025-05-20 11:09:36.511967,8702
2025-05-20 11:09:37.012045,8703
2025-05-20 11:09:37.512009,8704
2025-05-20 11:09:38.012044,8705
2025-05-20 11:09:38.512000,8706
2025-05-20 11:09:39.012044,8707
2025-05-20 11:09:39.512054,8708
2025-05-20 11:09:40.012135,8709
2025-05-20 11:09:40.512084,8710
2025-05-20 11:09:41.012038,8711
2025-05-20 11:09:41.512038,8712
2025-05-20 11:09:42.012043,8713
2025-05-20 11:09:42.511920,8714
2025-05-20 11:09:43.011988,8715
2025-05-20 11:09:43.512014,8716
2025-05-20 11:09:44.012006,8717
2025-05-20 11:09:44.511904,8718
2025-05-20 11:09:45.011999,8719
2025-05-20 11:09:45.512160,8720
2025-05-20 11:09:46.012024,8721
2025-05-20 11:09:46.512002,8722
2025-05-20 11:09:47.012018,8723
2025-05-20 11:09:47.512021,8724
2025-05-20 11:09:48.012120,8725
2025-05-20 11:09:48.512104,8726
2025-05-20 11:09:49.012033,8727
2025-05-20 11:09:49.512003,8728
2025-05-20 11:09:50.011994,8729
2025-05-20 11:09:50.512153,8730
2025-05-20 11:09:51.011999,8731
2025-05-20 11:09:51.511984,8732
2025-05-20 11:09:52.011991,8733
2025-05-20 11:09:52.511999,8734
2025-05-20 11:09:53.012096,8735
2025-05-20 11:09:53.512019,8736
2025-05-20 11:09:54.012095,8737
2025-05-20 11:09:54.512038,8738
2025-05-20 11:09:55.012013,8739
2025-05-20 11:09:55.512226,8740
2025-05-20 11:09:56.012218,8741
2025-05-20 11:09:56.512114,8742
2025-05-20 11:09:57.012104,8743
2025-05-20 11:09:57.512047,8744
2025-05-20 11:09:58.012016,8745
2025-05-20 11:09:58.512000,8746
2025-05-20 11:09:59.011997,8747
2025-05-20 11:09:59.512006,8748
2025-05-20 11:10:00.012065,8749
2025-05-20 11:10:00.512225,8750
2025-05-20 11:10:01.012046,8751
2025-05-20 11:10:01.512052,8752
2025-05-20 11:10:02.012038,8753
2025-05-20 11:10:02.512018,8754
2025-05-20 11:10:03.012072,8755
2025-05-20 11:10:03.512055,8756
2025-05-20 11:10:04.012054,8757
2025-05-20 11:10:04.512039,8758
2025-05-20 11:10:05.011970,8759
2025-05-20 11:10:05.512159,8760
2025-05-20 11:10:06.012030,8761
2025-05-20 11:10:06.511974,8762
2025-05-20 11:10:07.011932,8763
2025-05-20 11:10:07.512022,8764
2025-05-20 11:10:08.012023,8765
2025-05-20 11:10:08.512075,8766
2025-05-20 11:10:09.011978,8767
2025-05-20 11:10:09.512015,8768
2025-05-20 11:10:10.011463,8769
2025-05-20 11:10:10.512162,8770
2025-05-20 11:10:11.012019,8771
2025-05-20 11:10:11.511931,8772
2025-05-20 11:10:12.011950,8773
2025-05-20 11:10:12.511943,8774
2025-05-20 11:10:13.012074,8775
2025-05-20 11:10:13.512068,8776
2025-05-20 11:10:14.012076,8777
2025-05-20 11:10:14.512023,8778
2025-05-20 11:10:15.012069,8779
2025-05-20 11:10:15.512053,8780
2025-05-20 11:10:16.011819,8781
2025-05-20 11:10:16.512053,8782
2025-05-20 11:10:17.012046,8783
2025-05-20 11:10:17.512078,8784
2025-05-20 11:10:18.012043,8785
2025-05-20 11:10:18.512088,8786
2025-05-20 11:10:19.012039,8787
2025-05-20 11:10:19.512075,8788
2025-05-20 11:10:20.012029,8789
2025-05-20 11:10:20.512148,8790
2025-05-20 11:10:21.012039,8791
2025-05-20 11:10:21.512066,8792
2025-05-20 11:10:22.012029,8793
2025-05-20 11:10:22.512073,8794
2025-05-20 11:10:23.012056,8795
2025-05-20 11:10:23.512053,8796
2025-05-20 11:10:24.012087,8797
2025-05-20 11:10:24.511968,8798
2025-05-20 11:10:25.011466,8799
2025-05-20 11:10:25.512062,8800
2025-05-20 11:10:26.012044,8801
2025-05-20 11:10:26.511967,8802
2025-05-20 11:10:27.012056,8803
2025-05-20 11:10:27.511988,8804
2025-05-20 11:10:28.012091,8805
2025-05-20 11:10:28.512046,8806
2025-05-20 11:10:29.012048,8807
2025-05-20 11:10:29.512063,8808
2025-05-20 11:10:30.012067,8809
2025-05-20 11:10:30.512183,8810
2025-05-20 11:10:31.012045,8811
2025-05-20 11:10:31.512084,8812
2025-05-20 11:10:32.012095,8813
2025-05-20 11:10:32.512038,8814
2025-05-20 11:10:33.012003,8815
2025-05-20 11:10:33.511963,8816
2025-05-20 11:10:34.012193,8817
2025-05-20 11:10:34.512209,8818
2025-05-20 11:10:35.012144,8819
2025-05-20 11:10:35.512274,8820
2025-05-20 11:10:36.012238,8821
2025-05-20 11:10:36.512223,8822
2025-05-20 11:10:37.012231,8823
2025-05-20 11:10:37.512193,8824
2025-05-20 11:10:38.012186,8825
2025-05-20 11:10:38.512202,8826
2025-05-20 11:10:39.012054,8827
2025-05-20 11:10:39.512171,8828
2025-05-20 11:10:40.011924,8829
2025-05-20 11:10:40.512222,8830
2025-05-20 11:10:41.012076,8831
2025-05-20 11:10:41.512055,8832
2025-05-20 11:10:42.012084,8833
2025-05-20 11:10:42.512048,8834
2025-05-20 11:10:43.011966,8835
2025-05-20 11:10:43.512068,8836
2025-05-20 11:10:44.012099,8837
2025-05-20 11:10:44.512050,8838
2025-05-20 11:10:45.012099,8839
2025-05-20 11:10:45.512080,8840
2025-05-20 11:10:46.012107,8841
2025-05-20 11:10:46.512075,8842
2025-05-20 11:10:47.012113,8843
2025-05-20 11:10:47.512000,8844
2025-05-20 11:10:48.012138,8845
2025-05-20 11:10:48.512075,8846
2025-05-20 11:10:49.012111,8847
2025-05-20 11:10:49.512097,8848
2025-05-20 11:10:50.012073,8849
2025-05-20 11:10:50.512265,8850
2025-05-20 11:10:51.012115,8851
2025-05-20 11:10:51.512080,8852
2025-05-20 11:10:52.012027,8853
2025-05-20 11:10:52.512022,8854
2025-05-20 11:10:53.012250,8855
2025-05-20 11:10:53.512264,8856
2025-05-20 11:10:54.012139,8857
2025-05-20 11:10:54.512040,8858
2025-05-20 11:10:55.012022,8859
2025-05-20 11:10:55.512257,8860
2025-05-20 11:10:56.012005,8861
2025-05-20 11:10:56.512029,8862
2025-05-20 11:10:57.012021,8863
2025-05-20 11:10:57.512046,8864
2025-05-20 11:10:58.012022,8865
2025-05-20 11:10:58.512011,8866
2025-05-20 11:10:59.012025,8867
2025-05-20 11:10:59.512065,8868
2025-05-20 11:11:00.012087,8869
2025-05-20 11:11:00.512205,8870
2025-05-20 11:11:01.012051,8871
2025-05-20 11:11:01.512152,8872
2025-05-20 11:11:02.012090,8873
2025-05-20 11:11:02.512030,8874
2025-05-20 11:11:03.012078,8875
2025-05-20 11:11:03.512086,8876
2025-05-20 11:11:04.011971,8877
2025-05-20 11:11:04.512030,8878
2025-05-20 11:11:05.011953,8879
2025-05-20 11:11:05.512242,8880
2025-05-20 11:11:06.012098,8881
2025-05-20 11:11:06.512018,8882
2025-05-20 11:11:07.012091,8883
2025-05-20 11:11:07.512018,8884
2025-05-20 11:11:08.012113,8885
2025-05-20 11:11:08.512066,8886
2025-05-20 11:11:09.012085,8887
2025-05-20 11:11:09.512046,8888
2025-05-20 11:11:10.011238,8889
2025-05-20 11:11:10.512234,8890
2025-05-20 11:11:11.012245,8891
2025-05-20 11:11:11.512270,8892
2025-05-20 11:11:12.012183,8893
2025-05-20 11:11:12.512049,8894
2025-05-20 11:11:13.012085,8895
2025-05-20 11:11:13.512102,8896
2025-05-20 11:11:14.012091,8897
2025-05-20 11:11:14.512069,8898
2025-05-20 11:11:15.012059,8899
2025-05-20 11:11:15.512233,8900
2025-05-20 11:11:16.011785,8901
2025-05-20 11:11:16.512052,8902
2025-05-20 11:11:17.011908,8903
2025-05-20 11:11:17.512013,8904
2025-05-20 11:11:18.012051,8905
2025-05-20 11:11:18.511974,8906
2025-05-20 11:11:19.011998,8907
2025-05-20 11:11:19.512006,8908
2025-05-20 11:11:20.012123,8909
2025-05-20 11:11:20.512070,8910
2025-05-20 11:11:21.012000,8911
2025-05-20 11:11:21.512012,8912
2025-05-20 11:11:22.012007,8913
2025-05-20 11:11:22.511878,8914
2025-05-20 11:11:23.011939,8915
2025-05-20 11:11:23.511958,8916
2025-05-20 11:11:24.012041,8917
2025-05-20 11:11:24.512046,8918
2025-05-20 11:11:25.012051,8919
2025-05-20 11:11:25.512231,8920
2025-05-20 11:11:26.012080,8921
2025-05-20 11:11:26.512035,8922
2025-05-20 11:11:27.012088,8923
2025-05-20 11:11:27.512037,8924
2025-05-20 11:11:28.011857,8925
2025-05-20 11:11:28.511988,8926
2025-05-20 11:11:29.012104,8927
2025-05-20 11:11:29.512054,8928
2025-05-20 11:11:30.012040,8929
2025-05-20 11:11:30.512163,8930
2025-05-20 11:11:31.012133,8931
2025-05-20 11:11:31.512031,8932
2025-05-20 11:11:32.012177,8933
2025-05-20 11:11:32.512169,8934
2025-05-20 11:11:33.012077,8935
2025-05-20 11:11:33.511967,8936
2025-05-20 11:11:34.011907,8937
2025-05-20 11:11:34.511909,8938
2025-05-20 11:11:35.011951,8939
2025-05-20 11:11:35.512113,8940
2025-05-20 11:11:36.012065,8941
2025-05-20 11:11:36.511966,8942
2025-05-20 11:11:37.011921,8943
2025-05-20 11:11:37.511951,8944
2025-05-20 11:11:38.011936,8945
2025-05-20 11:11:38.511939,8946
2025-05-20 11:11:39.011944,8947
2025-05-20 11:11:39.511938,8948
2025-05-20 11:11:40.011964,8949
2025-05-20 11:11:40.512038,8950
2025-05-20 11:11:41.011969,8951
2025-05-20 11:11:41.511937,8952
2025-05-20 11:11:42.011955,8953
2025-05-20 11:11:42.511940,8954
2025-05-20 11:11:43.011940,8955
2025-05-20 11:11:43.511991,8956
2025-05-20 11:11:44.011947,8957
2025-05-20 11:11:44.511976,8958
2025-05-20 11:11:45.011963,8959
2025-05-20 11:11:45.511961,8960
2025-05-20 11:11:46.012005,8961
2025-05-20 11:11:46.511951,8962
2025-05-20 11:11:47.011942,8963
2025-05-20 11:11:47.511900,8964
2025-05-20 11:11:48.011958,8965
2025-05-20 11:11:48.511949,8966
2025-05-20 11:11:49.011968,8967
2025-05-20 11:11:49.511962,8968
2025-05-20 11:11:50.011954,8969
2025-05-20 11:11:50.512083,8970
2025-05-20 11:11:51.011925,8971
2025-05-20 11:11:51.511974,8972
2025-05-20 11:11:52.011973,8973
2025-05-20 11:11:52.511943,8974
2025-05-20 11:11:53.011947,8975
2025-05-20 11:11:53.511943,8976
2025-05-20 11:11:54.011921,8977
2025-05-20 11:11:54.511983,8978
2025-05-20 11:11:55.011966,8979
2025-05-20 11:11:55.511965,8980
2025-05-20 11:11:56.011929,8981
2025-05-20 11:11:56.512006,8982
2025-05-20 11:11:57.011980,8983
2025-05-20 11:11:57.511981,8984
2025-05-20 11:11:58.011982,8985
2025-05-20 11:11:58.511951,8986
2025-05-20 11:11:59.012008,8987
2025-05-20 11:11:59.512045,8988
2025-05-20 11:12:00.011471,8989
2025-05-20 11:12:00.512091,8990
2025-05-20 11:12:01.012069,8991
2025-05-20 11:12:01.511961,8992
2025-05-20 11:12:02.011907,8993
2025-05-20 11:12:02.511878,8994
2025-05-20 11:12:03.012057,8995
2025-05-20 11:12:03.511880,8996
2025-05-20 11:12:04.011947,8997
2025-05-20 11:12:04.511937,8998
2025-05-20 11:12:05.011937,8999
2025-05-20 11:12:05.512008,9000
2025-05-20 11:12:06.011906,9001
2025-05-20 11:12:06.511946,9002
2025-05-20 11:12:07.011898,9003
2025-05-20 11:12:07.511943,9004
2025-05-20 11:12:08.011947,9005
2025-05-20 11:12:08.511913,9006
2025-05-20 11:12:09.011968,9007
2025-05-20 11:12:09.511965,9008
2025-05-20 11:12:10.011748,9009
2025-05-20 11:12:10.511933,9010
2025-05-20 11:12:11.011931,9011
2025-05-20 11:12:11.511916,9012
2025-05-20 11:12:12.011919,9013
2025-05-20 11:12:12.511951,9014
2025-05-20 11:12:13.011915,9015
2025-05-20 11:12:13.511910,9016
2025-05-20 11:12:14.011889,9017
2025-05-20 11:12:14.511972,9018
2025-05-20 11:12:15.011936,9019
2025-05-20 11:12:15.512114,9020
2025-05-20 11:12:16.011733,9021
2025-05-20 11:12:16.511956,9022
2025-05-20 11:12:17.011823,9023
2025-05-20 11:12:17.511932,9024
2025-05-20 11:12:18.012107,9025
2025-05-20 11:12:18.512100,9026
2025-05-20 11:12:19.012035,9027
2025-05-20 11:12:19.511928,9028
2025-05-20 11:12:20.012114,9029
2025-05-20 11:12:20.512095,9030
2025-05-20 11:12:21.011972,9031
2025-05-20 11:12:21.511991,9032
2025-05-20 11:12:22.011760,9033
2025-05-20 11:12:22.512065,9034
2025-05-20 11:12:23.011927,9035
2025-05-20 11:12:23.511935,9036
2025-05-20 11:12:24.011897,9037
2025-05-20 11:12:24.511956,9038
2025-05-20 11:12:25.011953,9039
2025-05-20 11:12:25.512090,9040
2025-05-20 11:12:26.011920,9041
2025-05-20 11:12:26.511891,9042
2025-05-20 11:12:27.011895,9043
2025-05-20 11:12:27.511900,9044
2025-05-20 11:12:28.011533,9045
2025-05-20 11:12:28.511952,9046
2025-05-20 11:12:29.011960,9047
2025-05-20 11:12:29.511926,9048
2025-05-20 11:12:30.011976,9049
2025-05-20 11:12:30.512090,9050
2025-05-20 11:12:31.011852,9051
2025-05-20 11:12:31.511941,9052
2025-05-20 11:12:32.011943,9053
2025-05-20 11:12:32.511951,9054
2025-05-20 11:12:33.011956,9055
2025-05-20 11:12:33.511895,9056
2025-05-20 11:12:34.011961,9057
2025-05-20 11:12:34.511923,9058
2025-05-20 11:12:35.011963,9059
2025-05-20 11:12:35.512112,9060
2025-05-20 11:12:36.011920,9061
2025-05-20 11:12:36.512107,9062
2025-05-20 11:12:37.012053,9063
2025-05-20 11:12:37.511917,9064
2025-05-20 11:12:38.011923,9065
2025-05-20 11:12:38.511982,9066
2025-05-20 11:12:39.011962,9067
2025-05-20 11:12:39.511937,9068
2025-05-20 11:12:40.011969,9069
2025-05-20 11:12:40.511958,9070
2025-05-20 11:12:41.011919,9071
2025-05-20 11:12:41.511961,9072
2025-05-20 11:12:42.011950,9073
2025-05-20 11:12:42.511964,9074
2025-05-20 11:12:43.011899,9075
2025-05-20 11:12:43.511813,9076
2025-05-20 11:12:44.011959,9077
2025-05-20 11:12:44.511955,9078
2025-05-20 11:12:45.011982,9079
2025-05-20 11:12:45.511962,9080
2025-05-20 11:12:46.011936,9081
2025-05-20 11:12:46.511959,9082
2025-05-20 11:12:47.011953,9083
2025-05-20 11:12:47.511961,9084
2025-05-20 11:12:48.011935,9085
2025-05-20 11:12:48.511940,9086
2025-05-20 11:12:49.011918,9087
2025-05-20 11:12:49.511939,9088
2025-05-20 11:12:50.011951,9089
2025-05-20 11:12:50.512057,9090
2025-05-20 11:12:51.011910,9091
2025-05-20 11:12:51.511923,9092
2025-05-20 11:12:52.011977,9093
2025-05-20 11:12:52.512034,9094
2025-05-20 11:12:53.011999,9095
2025-05-20 11:12:53.512011,9096
2025-05-20 11:12:54.012128,9097
2025-05-20 11:12:54.512049,9098
2025-05-20 11:12:55.011999,9099
2025-05-20 11:12:55.512135,9100
2025-05-20 11:12:56.012024,9101
2025-05-20 11:12:56.511958,9102
2025-05-20 11:12:57.011999,9103
2025-05-20 11:12:57.511949,9104
2025-05-20 11:12:58.011980,9105
2025-05-20 11:12:58.511887,9106
2025-05-20 11:12:59.011972,9107
2025-05-20 11:12:59.511976,9108
2025-05-20 11:13:00.011829,9109
2025-05-20 11:13:00.512081,9110
2025-05-20 11:13:01.011890,9111
2025-05-20 11:13:01.511980,9112
2025-05-20 11:13:02.011924,9113
2025-05-20 11:13:02.511971,9114
2025-05-20 11:13:03.011967,9115
2025-05-20 11:13:03.512000,9116
2025-05-20 11:13:04.011988,9117
2025-05-20 11:13:04.511980,9118
2025-05-20 11:13:05.011969,9119
2025-05-20 11:13:05.512148,9120
2025-05-20 11:13:06.011976,9121
2025-05-20 11:13:06.512007,9122
2025-05-20 11:13:07.011948,9123
2025-05-20 11:13:07.511988,9124
2025-05-20 11:13:08.011938,9125
2025-05-20 11:13:08.511956,9126
2025-05-20 11:13:09.011874,9127
2025-05-20 11:13:09.511946,9128
2025-05-20 11:13:10.012110,9129
2025-05-20 11:13:10.512248,9130
2025-05-20 11:13:11.012032,9131
2025-05-20 11:13:11.512179,9132
2025-05-20 11:13:12.012045,9133
2025-05-20 11:13:12.512020,9134
2025-05-20 11:13:13.012023,9135
2025-05-20 11:13:13.512049,9136
2025-05-20 11:13:14.012013,9137
2025-05-20 11:13:14.512111,9138
2025-05-20 11:13:15.012079,9139
2025-05-20 11:13:15.512137,9140
2025-05-20 11:13:16.011610,9141
2025-05-20 11:13:16.511978,9142
2025-05-20 11:13:17.011925,9143
2025-05-20 11:13:17.512097,9144
2025-05-20 11:13:18.012073,9145
2025-05-20 11:13:18.512078,9146
2025-05-20 11:13:19.012109,9147
2025-05-20 11:13:19.511977,9148
2025-05-20 11:13:20.011926,9149
2025-05-20 11:13:20.512148,9150
2025-05-20 11:13:21.011972,9151
2025-05-20 11:13:21.511979,9152
2025-05-20 11:13:22.011972,9153
2025-05-20 11:13:22.511967,9154
2025-05-20 11:13:23.011966,9155
2025-05-20 11:13:23.512009,9156
2025-05-20 11:13:24.011974,9157
2025-05-20 11:13:24.511971,9158
2025-05-20 11:13:25.011970,9159
2025-05-20 11:13:25.512121,9160
2025-05-20 11:13:26.011959,9161
2025-05-20 11:13:26.511982,9162
2025-05-20 11:13:27.011969,9163
2025-05-20 11:13:27.512016,9164
2025-05-20 11:13:28.011964,9165
2025-05-20 11:13:28.511989,9166
2025-05-20 11:13:29.012004,9167
2025-05-20 11:13:29.511998,9168
2025-05-20 11:13:30.011996,9169
2025-05-20 11:13:30.512136,9170
2025-05-20 11:13:31.011964,9171
2025-05-20 11:13:31.511988,9172
2025-05-20 11:13:32.011990,9173
2025-05-20 11:13:32.511918,9174
2025-05-20 11:13:33.011992,9175
2025-05-20 11:13:33.511985,9176
2025-05-20 11:13:34.011995,9177
2025-05-20 11:13:34.511990,9178
2025-05-20 11:13:35.011988,9179
2025-05-20 11:13:35.512095,9180
2025-05-20 11:13:36.011942,9181
2025-05-20 11:13:36.511965,9182
2025-05-20 11:13:37.011975,9183
2025-05-20 11:13:37.511974,9184
2025-05-20 11:13:38.011982,9185
2025-05-20 11:13:38.511994,9186
2025-05-20 11:13:39.011986,9187
2025-05-20 11:13:39.511973,9188
2025-05-20 11:13:40.011932,9189
2025-05-20 11:13:40.512112,9190
2025-05-20 11:13:41.011896,9191
2025-05-20 11:13:41.511875,9192
2025-05-20 11:13:42.011861,9193
2025-05-20 11:13:42.511956,9194
2025-05-20 11:13:43.011950,9195
2025-05-20 11:13:43.511922,9196
2025-05-20 11:13:44.011961,9197
2025-05-20 11:13:44.511903,9198
2025-05-20 11:13:45.011916,9199
2025-05-20 11:13:45.512122,9200
2025-05-20 11:13:46.011921,9201
2025-05-20 11:13:46.511948,9202
2025-05-20 11:13:47.011935,9203
2025-05-20 11:13:47.511949,9204
2025-05-20 11:13:48.011962,9205
2025-05-20 11:13:48.511922,9206
2025-05-20 11:13:49.011927,9207
2025-05-20 11:13:49.511929,9208
2025-05-20 11:13:50.011887,9209
2025-05-20 11:13:50.512081,9210
2025-05-20 11:13:51.011923,9211
2025-05-20 11:13:51.511972,9212
2025-05-20 11:13:52.011546,9213
2025-05-20 11:13:52.511933,9214
2025-05-20 11:13:53.011991,9215
2025-05-20 11:13:53.512078,9216
2025-05-20 11:13:54.011948,9217
2025-05-20 11:13:54.511907,9218
2025-05-20 11:13:55.011943,9219
2025-05-20 11:13:55.512091,9220
2025-05-20 11:13:56.011962,9221
2025-05-20 11:13:56.511927,9222
2025-05-20 11:13:57.011951,9223
2025-05-20 11:13:57.511947,9224
2025-05-20 11:13:58.011937,9225
2025-05-20 11:13:58.512083,9226
2025-05-20 11:13:59.012073,9227
2025-05-20 11:13:59.512087,9228
2025-05-20 11:14:00.012093,9229
2025-05-20 11:14:00.512267,9230
2025-05-20 11:14:01.012068,9231
2025-05-20 11:14:01.512082,9232
2025-05-20 11:14:02.012000,9233
2025-05-20 11:14:02.511996,9234
2025-05-20 11:14:03.012019,9235
2025-05-20 11:14:03.512001,9236
2025-05-20 11:14:04.011936,9237
2025-05-20 11:14:04.511920,9238
2025-05-20 11:14:05.011938,9239
2025-05-20 11:14:05.511991,9240
2025-05-20 11:14:06.012147,9241
2025-05-20 11:14:06.511975,9242
2025-05-20 11:14:07.011989,9243
2025-05-20 11:14:07.512010,9244
2025-05-20 11:14:08.011968,9245
2025-05-20 11:14:08.512023,9246
2025-05-20 11:14:09.011989,9247
2025-05-20 11:14:09.511927,9248
2025-05-20 11:14:10.011423,9249
2025-05-20 11:14:10.512077,9250
2025-05-20 11:14:11.012140,9251
2025-05-20 11:14:11.512167,9252
2025-05-20 11:14:12.012125,9253
2025-05-20 11:14:12.511989,9254
2025-05-20 11:14:13.011958,9255
2025-05-20 11:14:13.511945,9256
2025-05-20 11:14:14.011954,9257
2025-05-20 11:14:14.512030,9258
2025-05-20 11:14:15.012036,9259
2025-05-20 11:14:15.512024,9260
2025-05-20 11:14:16.011812,9261
2025-05-20 11:14:16.511843,9262
2025-05-20 11:14:17.011985,9263
2025-05-20 11:14:17.512002,9264
2025-05-20 11:14:18.011915,9265
2025-05-20 11:14:18.511977,9266
2025-05-20 11:14:19.011973,9267
2025-05-20 11:14:19.512007,9268
2025-05-20 11:14:20.012049,9269
2025-05-20 11:14:20.512283,9270
2025-05-20 11:14:21.011965,9271
2025-05-20 11:14:21.511975,9272
2025-05-20 11:14:22.011202,9273
2025-05-20 11:14:22.512038,9274
2025-05-20 11:14:23.011992,9275
2025-05-20 11:14:23.512001,9276
2025-05-20 11:14:24.012103,9277
2025-05-20 11:14:24.511929,9278
2025-05-20 11:14:25.011999,9279
2025-05-20 11:14:25.512017,9280
2025-05-20 11:14:26.011931,9281
2025-05-20 11:14:26.512002,9282
2025-05-20 11:14:27.011964,9283
2025-05-20 11:14:27.511997,9284
2025-05-20 11:14:28.011814,9285
2025-05-20 11:14:28.512021,9286
2025-05-20 11:14:29.011897,9287
2025-05-20 11:14:29.512012,9288
2025-05-20 11:14:30.012035,9289
2025-05-20 11:14:30.512078,9290
2025-05-20 11:14:31.012002,9291
2025-05-20 11:14:31.511973,9292
2025-05-20 11:14:32.011996,9293
2025-05-20 11:14:32.512006,9294
2025-05-20 11:14:33.012066,9295
2025-05-20 11:14:33.511976,9296
2025-05-20 11:14:34.011988,9297
2025-05-20 11:14:34.511979,9298
2025-05-20 11:14:35.011975,9299
2025-05-20 11:14:35.511988,9300
2025-05-20 11:14:36.011920,9301
2025-05-20 11:14:36.512003,9302
2025-05-20 11:14:37.012005,9303
2025-05-20 11:14:37.511981,9304
2025-05-20 11:14:38.011986,9305
2025-05-20 11:14:38.511974,9306
2025-05-20 11:14:39.011875,9307
2025-05-20 11:14:39.512011,9308
2025-05-20 11:14:40.012000,9309
2025-05-20 11:14:40.512064,9310
2025-05-20 11:14:41.011997,9311
2025-05-20 11:14:41.511987,9312
2025-05-20 11:14:42.011930,9313
2025-05-20 11:14:42.511893,9314
2025-05-20 11:14:43.011981,9315
2025-05-20 11:14:43.511942,9316
2025-05-20 11:14:44.011978,9317
2025-05-20 11:14:44.511977,9318
2025-05-20 11:14:45.011969,9319
2025-05-20 11:14:45.512128,9320
2025-05-20 11:14:46.011970,9321
2025-05-20 11:14:46.511972,9322
2025-05-20 11:14:47.011943,9323
2025-05-20 11:14:47.511948,9324
2025-05-20 11:14:48.012008,9325
2025-05-20 11:14:48.511954,9326
2025-05-20 11:14:49.011925,9327
2025-05-20 11:14:49.511998,9328
2025-05-20 11:14:50.011996,9329
2025-05-20 11:14:50.512124,9330
2025-05-20 11:14:51.012014,9331
2025-05-20 11:14:51.511935,9332
2025-05-20 11:14:52.011983,9333
2025-05-20 11:14:52.511962,9334
2025-05-20 11:14:53.012001,9335
2025-05-20 11:14:53.511994,9336
2025-05-20 11:14:54.011926,9337
2025-05-20 11:14:54.512028,9338
2025-05-20 11:14:55.012000,9339
2025-05-20 11:14:55.512133,9340
2025-05-20 11:14:56.012005,9341
2025-05-20 11:14:56.511861,9342
2025-05-20 11:14:57.011928,9343
2025-05-20 11:14:57.511998,9344
2025-05-20 11:14:58.012008,9345
2025-05-20 11:14:58.512002,9346
2025-05-20 11:14:59.011959,9347
2025-05-20 11:14:59.511996,9348
2025-05-20 11:15:00.011462,9349
2025-05-20 11:15:00.512019,9350
2025-05-20 11:15:01.011971,9351
2025-05-20 11:15:01.511992,9352
2025-05-20 11:15:02.011940,9353
2025-05-20 11:15:02.511968,9354
2025-05-20 11:15:03.011966,9355
2025-05-20 11:15:03.511934,9356
2025-05-20 11:15:04.011961,9357
2025-05-20 11:15:04.511862,9358
2025-05-20 11:15:05.011965,9359
2025-05-20 11:15:05.512096,9360
2025-05-20 11:15:06.011939,9361
2025-05-20 11:15:06.511946,9362
2025-05-20 11:15:07.011932,9363
2025-05-20 11:15:07.511934,9364
2025-05-20 11:15:08.011957,9365
2025-05-20 11:15:08.511904,9366
2025-05-20 11:15:09.011934,9367
2025-05-20 11:15:09.511955,9368
2025-05-20 11:15:10.011389,9369
2025-05-20 11:15:10.511850,9370
2025-05-20 11:15:11.011922,9371
2025-05-20 11:15:11.511940,9372
2025-05-20 11:15:12.011910,9373
2025-05-20 11:15:12.511884,9374
2025-05-20 11:15:13.011863,9375
2025-05-20 11:15:13.511946,9376
2025-05-20 11:15:14.011933,9377
2025-05-20 11:15:14.511930,9378
2025-05-20 11:15:15.011964,9379
2025-05-20 11:15:15.512076,9380
2025-05-20 11:15:16.011750,9381
2025-05-20 11:15:16.511934,9382
2025-05-20 11:15:17.011874,9383
2025-05-20 11:15:17.511943,9384
2025-05-20 11:15:18.011877,9385
2025-05-20 11:15:18.511892,9386
2025-05-20 11:15:19.011965,9387
2025-05-20 11:15:19.511918,9388
2025-05-20 11:15:20.011929,9389
2025-05-20 11:15:20.512181,9390
2025-05-20 11:15:21.011998,9391
2025-05-20 11:15:21.511945,9392
2025-05-20 11:15:22.011969,9393
2025-05-20 11:15:22.511969,9394
2025-05-20 11:15:23.011960,9395
2025-05-20 11:15:23.511994,9396
2025-05-20 11:15:24.011997,9397
2025-05-20 11:15:24.512083,9398
2025-05-20 11:15:25.012061,9399
2025-05-20 11:15:25.512073,9400
2025-05-20 11:15:26.012012,9401
2025-05-20 11:15:26.511972,9402
2025-05-20 11:15:27.011900,9403
2025-05-20 11:15:27.511929,9404
2025-05-20 11:15:28.011958,9405
2025-05-20 11:15:28.511938,9406
2025-05-20 11:15:29.011955,9407
2025-05-20 11:15:29.511964,9408
2025-05-20 11:15:30.011828,9409
2025-05-20 11:15:30.512014,9410
2025-05-20 11:15:31.011963,9411
2025-05-20 11:15:31.511928,9412
2025-05-20 11:15:32.011953,9413
2025-05-20 11:15:32.511941,9414
2025-05-20 11:15:33.011970,9415
2025-05-20 11:15:33.511976,9416
2025-05-20 11:15:34.011911,9417
2025-05-20 11:15:34.511933,9418
2025-05-20 11:15:35.011923,9419
2025-05-20 11:15:35.512123,9420
2025-05-20 11:15:36.011965,9421
2025-05-20 11:15:36.511949,9422
2025-05-20 11:15:37.011955,9423
2025-05-20 11:15:37.511940,9424
2025-05-20 11:15:38.012001,9425
2025-05-20 11:15:38.511989,9426
2025-05-20 11:15:39.012118,9427
2025-05-20 11:15:39.512057,9428
2025-05-20 11:15:40.012099,9429
2025-05-20 11:15:40.512101,9430
2025-05-20 11:15:41.011870,9431
2025-05-20 11:15:41.512141,9432
2025-05-20 11:15:42.011934,9433
2025-05-20 11:15:42.511867,9434
2025-05-20 11:15:43.011930,9435
2025-05-20 11:15:43.511895,9436
2025-05-20 11:15:44.011944,9437
2025-05-20 11:15:44.511918,9438
2025-05-20 11:15:45.011944,9439
2025-05-20 11:15:45.512084,9440
2025-05-20 11:15:46.011913,9441
2025-05-20 11:15:46.511876,9442
2025-05-20 11:15:47.011970,9443
2025-05-20 11:15:47.511971,9444
2025-05-20 11:15:48.011911,9445
2025-05-20 11:15:48.511964,9446
2025-05-20 11:15:49.011931,9447
2025-05-20 11:15:49.511958,9448
2025-05-20 11:15:50.011955,9449
2025-05-20 11:15:50.511930,9450
2025-05-20 11:15:51.011908,9451
2025-05-20 11:15:51.511915,9452
2025-05-20 11:15:52.011990,9453
2025-05-20 11:15:52.511990,9454
2025-05-20 11:15:53.011999,9455
2025-05-20 11:15:53.511970,9456
2025-05-20 11:15:54.012073,9457
2025-05-20 11:15:54.511963,9458
2025-05-20 11:15:55.011997,9459
2025-05-20 11:15:55.512133,9460
2025-05-20 11:15:56.012006,9461
2025-05-20 11:15:56.511965,9462
2025-05-20 11:15:57.012022,9463
2025-05-20 11:15:57.511937,9464
2025-05-20 11:15:58.011974,9465
2025-05-20 11:15:58.511976,9466
2025-05-20 11:15:59.012013,9467
2025-05-20 11:15:59.512019,9468
2025-05-20 11:16:00.012124,9469
2025-05-20 11:16:00.512157,9470
2025-05-20 11:16:01.012441,9471
2025-05-20 11:16:01.511990,9472
2025-05-20 11:16:02.012077,9473
2025-05-20 11:16:02.511938,9474
2025-05-20 11:16:03.011828,9475
2025-05-20 11:16:03.511941,9476
2025-05-20 11:16:04.012154,9477
2025-05-20 11:16:04.512082,9478
2025-05-20 11:16:05.012125,9479
2025-05-20 11:16:05.512023,9480
2025-05-20 11:16:06.012042,9481
2025-05-20 11:16:06.511930,9482
2025-05-20 11:16:07.012119,9483
2025-05-20 11:16:07.512014,9484
2025-05-20 11:16:08.012088,9485
2025-05-20 11:16:08.511942,9486
2025-05-20 11:16:09.012200,9487
2025-05-20 11:16:09.511273,9488
2025-05-20 11:16:10.011991,9489
2025-05-20 11:16:10.512076,9490
2025-05-20 11:16:11.011959,9491
2025-05-20 11:16:11.512105,9492
2025-05-20 11:16:12.012082,9493
2025-05-20 11:16:12.512095,9494
2025-05-20 11:16:13.012027,9495
2025-05-20 11:16:13.512019,9496
2025-05-20 11:16:14.012104,9497
2025-05-20 11:16:14.512085,9498
2025-05-20 11:16:15.011961,9499
2025-05-20 11:16:15.511955,9500
2025-05-20 11:16:16.011572,9501
2025-05-20 11:16:16.511915,9502
2025-05-20 11:16:17.011911,9503
2025-05-20 11:16:17.511930,9504
2025-05-20 11:16:18.011932,9505
2025-05-20 11:16:18.511917,9506
2025-05-20 11:16:19.012085,9507
2025-05-20 11:16:19.512087,9508
2025-05-20 11:16:20.012004,9509
2025-05-20 11:16:20.512110,9510
2025-05-20 11:16:21.012002,9511
2025-05-20 11:16:21.511967,9512
2025-05-20 11:16:22.011992,9513
2025-05-20 11:16:22.511794,9514
2025-05-20 11:16:23.011992,9515
2025-05-20 11:16:23.511985,9516
2025-05-20 11:16:24.011925,9517
2025-05-20 11:16:24.511967,9518
2025-05-20 11:16:25.011878,9519
2025-05-20 11:16:25.512096,9520
2025-05-20 11:16:26.011926,9521
2025-05-20 11:16:26.511930,9522
2025-05-20 11:16:27.011890,9523
2025-05-20 11:16:27.511861,9524
2025-05-20 11:16:28.011695,9525
2025-05-20 11:16:28.511985,9526
2025-05-20 11:16:29.011928,9527
2025-05-20 11:16:29.511955,9528
2025-05-20 11:16:30.011928,9529
2025-05-20 11:16:30.511955,9530
2025-05-20 11:16:31.011968,9531
2025-05-20 11:16:31.511924,9532
2025-05-20 11:16:32.011971,9533
2025-05-20 11:16:32.511972,9534
2025-05-20 11:16:33.012013,9535
2025-05-20 11:16:33.511967,9536
2025-05-20 11:16:34.012011,9537
2025-05-20 11:16:34.511969,9538
2025-05-20 11:16:35.011979,9539
2025-05-20 11:16:35.512156,9540
2025-05-20 11:16:36.011964,9541
2025-05-20 11:16:36.511957,9542
2025-05-20 11:16:37.012029,9543
2025-05-20 11:16:37.511983,9544
2025-05-20 11:16:38.011969,9545
2025-05-20 11:16:38.512142,9546
2025-05-20 11:16:39.011998,9547
2025-05-20 11:16:39.511996,9548
2025-05-20 11:16:40.011985,9549
2025-05-20 11:16:40.512146,9550
2025-05-20 11:16:41.012040,9551
2025-05-20 11:16:41.511978,9552
2025-05-20 11:16:42.011848,9553
2025-05-20 11:16:42.511828,9554
2025-05-20 11:16:43.012015,9555
2025-05-20 11:16:43.511967,9556
2025-05-20 11:16:44.011960,9557
2025-05-20 11:16:44.512003,9558
2025-05-20 11:16:45.012029,9559
2025-05-20 11:16:45.512101,9560
2025-05-20 11:16:46.011957,9561
2025-05-20 11:16:46.511968,9562
2025-05-20 11:16:47.012033,9563
2025-05-20 11:16:47.512226,9564
2025-05-20 11:16:48.012016,9565
2025-05-20 11:16:48.512014,9566
2025-05-20 11:16:49.011999,9567
2025-05-20 11:16:49.511978,9568
2025-05-20 11:16:50.011989,9569
2025-05-20 11:16:50.512029,9570
2025-05-20 11:16:51.011966,9571
2025-05-20 11:16:51.511976,9572
2025-05-20 11:16:52.011983,9573
2025-05-20 11:16:52.511914,9574
2025-05-20 11:16:53.011983,9575
2025-05-20 11:16:53.511940,9576
2025-05-20 11:16:54.011992,9577
2025-05-20 11:16:54.511965,9578
2025-05-20 11:16:55.011966,9579
2025-05-20 11:16:55.512137,9580
2025-05-20 11:16:56.011961,9581
2025-05-20 11:16:56.512002,9582
2025-05-20 11:16:57.011953,9583
2025-05-20 11:16:57.511982,9584
2025-05-20 11:16:58.011975,9585
2025-05-20 11:16:58.511954,9586
2025-05-20 11:16:59.011963,9587
2025-05-20 11:16:59.511972,9588
2025-05-20 11:17:00.012104,9589
2025-05-20 11:17:00.512112,9590
2025-05-20 11:17:01.012021,9591
2025-05-20 11:17:01.511972,9592
2025-05-20 11:17:02.011968,9593
2025-05-20 11:17:02.512054,9594
2025-05-20 11:17:03.011987,9595
2025-05-20 11:17:03.511930,9596
2025-05-20 11:17:04.011987,9597
2025-05-20 11:17:04.511970,9598
2025-05-20 11:17:05.012000,9599
2025-05-20 11:17:05.512125,9600
2025-05-20 11:17:06.011989,9601
2025-05-20 11:17:06.511990,9602
2025-05-20 11:17:07.012004,9603
2025-05-20 11:17:07.512008,9604
2025-05-20 11:17:08.011883,9605
2025-05-20 11:17:08.511973,9606
2025-05-20 11:17:09.011965,9607
2025-05-20 11:17:09.512037,9608
2025-05-20 11:17:10.011822,9609
2025-05-20 11:17:10.512101,9610
2025-05-20 11:17:11.011960,9611
2025-05-20 11:17:11.512089,9612
2025-05-20 11:17:12.011891,9613
2025-05-20 11:17:12.511897,9614
2025-05-20 11:17:13.011969,9615
2025-05-20 11:17:13.512068,9616
2025-05-20 11:17:14.012096,9617
2025-05-20 11:17:14.512094,9618
2025-05-20 11:17:15.011978,9619
2025-05-20 11:17:15.512082,9620
2025-05-20 11:17:16.011453,9621
2025-05-20 11:17:16.511995,9622
2025-05-20 11:17:17.011931,9623
2025-05-20 11:17:17.511973,9624
2025-05-20 11:17:18.011980,9625
2025-05-20 11:17:18.511936,9626
2025-05-20 11:17:19.011958,9627
2025-05-20 11:17:19.511938,9628
2025-05-20 11:17:20.011938,9629
2025-05-20 11:17:20.512086,9630
2025-05-20 11:17:21.011935,9631
2025-05-20 11:17:21.511838,9632
2025-05-20 11:17:22.011934,9633
2025-05-20 11:17:22.511935,9634
2025-05-20 11:17:23.011969,9635
2025-05-20 11:17:23.511899,9636
2025-05-20 11:17:24.011976,9637
2025-05-20 11:17:24.511926,9638
2025-05-20 11:17:25.011959,9639
2025-05-20 11:17:25.511929,9640
2025-05-20 11:17:26.011954,9641
2025-05-20 11:17:26.511978,9642
2025-05-20 11:17:27.011939,9643
2025-05-20 11:17:27.511988,9644
2025-05-20 11:17:28.011433,9645
2025-05-20 11:17:28.511893,9646
2025-05-20 11:17:29.011930,9647
2025-05-20 11:17:29.511952,9648
2025-05-20 11:17:30.011913,9649
2025-05-20 11:17:30.512166,9650
2025-05-20 11:17:31.011935,9651
2025-05-20 11:17:31.511945,9652
2025-05-20 11:17:32.011900,9653
2025-05-20 11:17:32.511924,9654
2025-05-20 11:17:33.011933,9655
2025-05-20 11:17:33.511938,9656
2025-05-20 11:17:34.011928,9657
2025-05-20 11:17:34.511935,9658
2025-05-20 11:17:35.011911,9659
2025-05-20 11:17:35.512057,9660
2025-05-20 11:17:36.011931,9661
2025-05-20 11:17:36.511961,9662
2025-05-20 11:17:37.011949,9663
2025-05-20 11:17:37.511932,9664
2025-05-20 11:17:38.011943,9665
2025-05-20 11:17:38.511890,9666
2025-05-20 11:17:39.011989,9667
2025-05-20 11:17:39.511949,9668
2025-05-20 11:17:40.011943,9669
2025-05-20 11:17:40.512078,9670
2025-05-20 11:17:41.011943,9671
2025-05-20 11:17:41.511932,9672
2025-05-20 11:17:42.011938,9673
2025-05-20 11:17:42.511930,9674
2025-05-20 11:17:43.011839,9675
2025-05-20 11:17:43.511927,9676
2025-05-20 11:17:44.011963,9677
2025-05-20 11:17:44.511935,9678
2025-05-20 11:17:45.011957,9679
2025-05-20 11:17:45.512124,9680
2025-05-20 11:17:46.011927,9681
2025-05-20 11:17:46.511939,9682
2025-05-20 11:17:47.011892,9683
2025-05-20 11:17:47.511954,9684
2025-05-20 11:17:48.011876,9685
2025-05-20 11:17:48.511967,9686
2025-05-20 11:17:49.011931,9687
2025-05-20 11:17:49.511942,9688
2025-05-20 11:17:50.011975,9689
2025-05-20 11:17:50.512097,9690
2025-05-20 11:17:51.011928,9691
2025-05-20 11:17:51.511976,9692
2025-05-20 11:17:52.011957,9693
2025-05-20 11:17:52.511937,9694
2025-05-20 11:17:53.011988,9695
2025-05-20 11:17:53.512026,9696
2025-05-20 11:17:54.012053,9697
2025-05-20 11:17:54.512055,9698
2025-05-20 11:17:55.012020,9699
2025-05-20 11:17:55.512034,9700
2025-05-20 11:17:56.011999,9701
2025-05-20 11:17:56.511972,9702
2025-05-20 11:17:57.012000,9703
2025-05-20 11:17:57.511965,9704
2025-05-20 11:17:58.011966,9705
2025-05-20 11:17:58.511897,9706
2025-05-20 11:17:59.011810,9707
2025-05-20 11:17:59.511973,9708
2025-05-20 11:18:00.011896,9709
2025-05-20 11:18:00.511998,9710
2025-05-20 11:18:01.011911,9711
2025-05-20 11:18:01.511987,9712
2025-05-20 11:18:02.011923,9713
2025-05-20 11:18:02.511920,9714
2025-05-20 11:18:03.011967,9715
2025-05-20 11:18:03.511937,9716
2025-05-20 11:18:04.011943,9717
2025-05-20 11:18:04.511942,9718
2025-05-20 11:18:05.011994,9719
2025-05-20 11:18:05.512159,9720
2025-05-20 11:18:06.011983,9721
2025-05-20 11:18:06.511993,9722
2025-05-20 11:18:07.011980,9723
2025-05-20 11:18:07.511971,9724
2025-05-20 11:18:08.012025,9725
2025-05-20 11:18:08.511882,9726
2025-05-20 11:18:09.011873,9727
2025-05-20 11:18:09.511869,9728
2025-05-20 11:18:10.011150,9729
2025-05-20 11:18:10.512130,9730
2025-05-20 11:18:11.011974,9731
2025-05-20 11:18:11.511974,9732
2025-05-20 11:18:12.011888,9733
2025-05-20 11:18:12.511918,9734
2025-05-20 11:18:13.011977,9735
2025-05-20 11:18:13.511898,9736
2025-05-20 11:18:14.011977,9737
2025-05-20 11:18:14.512026,9738
2025-05-20 11:18:15.011936,9739
2025-05-20 11:18:15.512083,9740
2025-05-20 11:18:16.011931,9741
2025-05-20 11:18:16.511938,9742
2025-05-20 11:18:17.011879,9743
2025-05-20 11:18:17.511921,9744
2025-05-20 11:18:18.011941,9745
2025-05-20 11:18:18.511974,9746
2025-05-20 11:18:19.011929,9747
2025-05-20 11:18:19.511893,9748
2025-05-20 11:18:20.012118,9749
2025-05-20 11:18:20.512087,9750
2025-05-20 11:18:21.011959,9751
2025-05-20 11:18:21.511927,9752
2025-05-20 11:18:22.011933,9753
2025-05-20 11:18:22.511988,9754
2025-05-20 11:18:23.011912,9755
2025-05-20 11:18:23.511997,9756
2025-05-20 11:18:24.012006,9757
2025-05-20 11:18:24.511957,9758
2025-05-20 11:18:25.011479,9759
2025-05-20 11:18:25.512212,9760
2025-05-20 11:18:26.011981,9761
2025-05-20 11:18:26.511975,9762
2025-05-20 11:18:27.011992,9763
2025-05-20 11:18:27.511898,9764
2025-05-20 11:18:28.011696,9765
2025-05-20 11:18:28.511989,9766
2025-05-20 11:18:29.011907,9767
2025-05-20 11:18:29.511989,9768
2025-05-20 11:18:30.011981,9769
2025-05-20 11:18:30.512132,9770
2025-05-20 11:18:31.011991,9771
2025-05-20 11:18:31.511977,9772
2025-05-20 11:18:32.011951,9773
2025-05-20 11:18:32.511961,9774
2025-05-20 11:18:33.011839,9775
2025-05-20 11:18:33.512018,9776
2025-05-20 11:18:34.011969,9777
2025-05-20 11:18:34.512002,9778
2025-05-20 11:18:35.012098,9779
2025-05-20 11:18:35.512162,9780
2025-05-20 11:18:36.011966,9781
2025-05-20 11:18:36.511952,9782
2025-05-20 11:18:37.011928,9783
2025-05-20 11:18:37.511944,9784
2025-05-20 11:18:38.011822,9785
2025-05-20 11:18:38.511978,9786
2025-05-20 11:18:39.012018,9787
2025-05-20 11:18:39.511944,9788
2025-05-20 11:18:40.012034,9789
2025-05-20 11:18:40.512155,9790
2025-05-20 11:18:41.011970,9791
2025-05-20 11:18:41.512000,9792
2025-05-20 11:18:42.011933,9793
2025-05-20 11:18:42.512055,9794
2025-05-20 11:18:43.012015,9795
2025-05-20 11:18:43.512015,9796
2025-05-20 11:18:44.012048,9797
2025-05-20 11:18:44.512039,9798
2025-05-20 11:18:45.011980,9799
2025-05-20 11:18:45.512041,9800
2025-05-20 11:18:46.011990,9801
2025-05-20 11:18:46.511989,9802
2025-05-20 11:18:47.011883,9803
2025-05-20 11:18:47.512000,9804
2025-05-20 11:18:48.011957,9805
2025-05-20 11:18:48.511995,9806
2025-05-20 11:18:49.011987,9807
2025-05-20 11:18:49.511970,9808
2025-05-20 11:18:50.011955,9809
2025-05-20 11:18:50.512074,9810
2025-05-20 11:18:51.012028,9811
2025-05-20 11:18:51.511971,9812
2025-05-20 11:18:52.011969,9813
2025-05-20 11:18:52.511972,9814
2025-05-20 11:18:53.011937,9815
2025-05-20 11:18:53.512006,9816
2025-05-20 11:18:54.011996,9817
2025-05-20 11:18:54.511913,9818
2025-05-20 11:18:55.011926,9819
2025-05-20 11:18:55.512105,9820
2025-05-20 11:18:56.011886,9821
2025-05-20 11:18:56.511894,9822
2025-05-20 11:18:57.011924,9823
2025-05-20 11:18:57.512001,9824
2025-05-20 11:18:58.011940,9825
2025-05-20 11:18:58.511996,9826
2025-05-20 11:18:59.011915,9827
2025-05-20 11:18:59.511964,9828
2025-05-20 11:19:00.012053,9829
2025-05-20 11:19:00.512084,9830
2025-05-20 11:19:01.011982,9831
2025-05-20 11:19:01.512013,9832
2025-05-20 11:19:02.012005,9833
2025-05-20 11:19:02.512008,9834
2025-05-20 11:19:03.011974,9835
2025-05-20 11:19:03.512002,9836
2025-05-20 11:19:04.012015,9837
2025-05-20 11:19:04.511927,9838
2025-05-20 11:19:05.011927,9839
2025-05-20 11:19:05.512058,9840
2025-05-20 11:19:06.012017,9841
2025-05-20 11:19:06.512043,9842
2025-05-20 11:19:07.011973,9843
2025-05-20 11:19:07.511999,9844
2025-05-20 11:19:08.011945,9845
2025-05-20 11:19:08.512056,9846
2025-05-20 11:19:09.012017,9847
2025-05-20 11:19:09.511990,9848
2025-05-20 11:19:10.011862,9849
2025-05-20 11:19:10.512161,9850
2025-05-20 11:19:11.012017,9851
2025-05-20 11:19:11.512007,9852
2025-05-20 11:19:12.011983,9853
2025-05-20 11:19:12.511934,9854
2025-05-20 11:19:13.012016,9855
2025-05-20 11:19:13.511963,9856
2025-05-20 11:19:14.012000,9857
2025-05-20 11:19:14.512014,9858
2025-05-20 11:19:15.011978,9859
2025-05-20 11:19:15.512029,9860
2025-05-20 11:19:16.011630,9861
2025-05-20 11:19:16.511944,9862
2025-05-20 11:19:17.012034,9863
2025-05-20 11:19:17.511989,9864
2025-05-20 11:19:18.012001,9865
2025-05-20 11:19:18.511983,9866
2025-05-20 11:19:19.012001,9867
2025-05-20 11:19:19.511494,9868
2025-05-20 11:19:20.012006,9869
2025-05-20 11:19:20.512137,9870
2025-05-20 11:19:21.012021,9871
2025-05-20 11:19:21.511957,9872
2025-05-20 11:19:22.012170,9873
2025-05-20 11:19:22.511783,9874
2025-05-20 11:19:23.011989,9875
2025-05-20 11:19:23.512007,9876
2025-05-20 11:19:24.011972,9877
2025-05-20 11:19:24.512008,9878
2025-05-20 11:19:25.012117,9879
2025-05-20 11:19:25.512022,9880
2025-05-20 11:19:26.012127,9881
2025-05-20 11:19:26.512006,9882
2025-05-20 11:19:27.011628,9883
2025-05-20 11:19:27.511909,9884
2025-05-20 11:19:28.012024,9885
2025-05-20 11:19:28.511815,9886
2025-05-20 11:19:29.011909,9887
2025-05-20 11:19:29.511922,9888
2025-05-20 11:19:30.011945,9889
2025-05-20 11:19:30.512116,9890
2025-05-20 11:19:31.012012,9891
2025-05-20 11:19:31.511975,9892
2025-05-20 11:19:32.012000,9893
2025-05-20 11:19:32.512043,9894
2025-05-20 11:19:33.012001,9895
2025-05-20 11:19:33.512041,9896
2025-05-20 11:19:34.011879,9897
2025-05-20 11:19:34.511957,9898
2025-05-20 11:19:35.011977,9899
2025-05-20 11:19:35.512127,9900
2025-05-20 11:19:36.011953,9901
2025-05-20 11:19:36.511914,9902
2025-05-20 11:19:37.011915,9903
2025-05-20 11:19:37.511880,9904
2025-05-20 11:19:38.011914,9905
2025-05-20 11:19:38.511897,9906
2025-05-20 11:19:39.011955,9907
2025-05-20 11:19:39.511934,9908
2025-05-20 11:19:40.011970,9909
2025-05-20 11:19:40.512169,9910
2025-05-20 11:19:41.011968,9911
2025-05-20 11:19:41.511931,9912
2025-05-20 11:19:42.011952,9913
2025-05-20 11:19:42.511958,9914
2025-05-20 11:19:43.011954,9915
2025-05-20 11:19:43.511984,9916
2025-05-20 11:19:44.011889,9917
2025-05-20 11:19:44.511877,9918
2025-05-20 11:19:45.011920,9919
2025-05-20 11:19:45.511940,9920
2025-05-20 11:19:46.011892,9921
2025-05-20 11:19:46.512024,9922
2025-05-20 11:19:47.012039,9923
2025-05-20 11:19:47.511969,9924
2025-05-20 11:19:48.012002,9925
2025-05-20 11:19:48.511908,9926
2025-05-20 11:19:49.011877,9927
2025-05-20 11:19:49.512007,9928
2025-05-20 11:19:50.011916,9929
2025-05-20 11:19:50.512086,9930
2025-05-20 11:19:51.011831,9931
2025-05-20 11:19:51.511846,9932
2025-05-20 11:19:52.011983,9933
2025-05-20 11:19:52.511821,9934
2025-05-20 11:19:53.011924,9935
2025-05-20 11:19:53.511941,9936
2025-05-20 11:19:54.011897,9937
2025-05-20 11:19:54.511918,9938
2025-05-20 11:19:55.011910,9939
2025-05-20 11:19:55.512163,9940
2025-05-20 11:19:56.012066,9941
2025-05-20 11:19:56.512106,9942
2025-05-20 11:19:57.012016,9943
2025-05-20 11:19:57.512029,9944
2025-05-20 11:19:58.012022,9945
2025-05-20 11:19:58.511969,9946
2025-05-20 11:19:59.012009,9947
2025-05-20 11:19:59.511991,9948
2025-05-20 11:20:00.012363,9949
2025-05-20 11:20:00.512295,9950
2025-05-20 11:20:01.012008,9951
2025-05-20 11:20:01.511987,9952
2025-05-20 11:20:02.012119,9953
2025-05-20 11:20:02.511974,9954
2025-05-20 11:20:03.011976,9955
2025-05-20 11:20:03.512084,9956
2025-05-20 11:20:04.012012,9957
2025-05-20 11:20:04.512010,9958
2025-05-20 11:20:05.012081,9959
2025-05-20 11:20:05.512162,9960
2025-05-20 11:20:06.011952,9961
2025-05-20 11:20:06.512006,9962
2025-05-20 11:20:07.011957,9963
2025-05-20 11:20:07.511952,9964
2025-05-20 11:20:08.011990,9965
2025-05-20 11:20:08.511970,9966
2025-05-20 11:20:09.012002,9967
2025-05-20 11:20:09.511928,9968
2025-05-20 11:20:10.011866,9969
2025-05-20 11:20:10.512117,9970
2025-05-20 11:20:11.012114,9971
2025-05-20 11:20:11.511976,9972
2025-05-20 11:20:12.011963,9973
2025-05-20 11:20:12.511998,9974
2025-05-20 11:20:13.011959,9975
2025-05-20 11:20:13.511871,9976
2025-05-20 11:20:14.011966,9977
2025-05-20 11:20:14.511902,9978
2025-05-20 11:20:15.011921,9979
2025-05-20 11:20:15.512249,9980
2025-05-20 11:20:16.011614,9981
2025-05-20 11:20:16.511961,9982
2025-05-20 11:20:17.011932,9983
2025-05-20 11:20:17.512073,9984
2025-05-20 11:20:18.011991,9985
2025-05-20 11:20:18.512128,9986
2025-05-20 11:20:19.012084,9987
2025-05-20 11:20:19.511956,9988
2025-05-20 11:20:20.012017,9989
2025-05-20 11:20:20.512060,9990
2025-05-20 11:20:21.012012,9991
2025-05-20 11:20:21.512018,9992
2025-05-20 11:20:22.012019,9993
2025-05-20 11:20:22.512009,9994
2025-05-20 11:20:23.011996,9995
2025-05-20 11:20:23.512059,9996
2025-05-20 11:20:24.012050,9997
2025-05-20 11:20:24.512006,9998
2025-05-20 11:20:25.011898,9999
